TGW,HI,BM,NDVI_VG1,NDVI_VG2,NDVI_VG4,NDVI_GF1,NDVI_GF2,NDVI_GF3,NDVI_UAV_3,NDVI_UAV_4,NDVI_UAV_5,20151213-20160111_TempOut_AVG,20151213-20160111_HiTemp_AVG,20151213-20160111_LowTemp_AVG,20151213-20160111_OutHum_AVG,20151213-20160111_DewPt_AVG,20151213-20160111_WindSpeed_AVG,20151213-20160111_WindRun_AVG,20151213-20160111_HiSpeed_AVG,20151213-20160111_WindChill_AVG,20151213-20160111_HeatIndex_AVG,20151213-20160111_THWIndex_AVG,20151213-20160111_Bar_AVG,20151213-20160111_Rain_AVG,20151213-20160111_RainRate_AVG,20151213-20160111_SolarRad_AVG,20151213-20160111_SolarEnergy_AVG,20151213-20160111_HiSolarRad_AVG,20151213-20160111_UVIndex_AVG,20151213-20160111_UVDose_AVG,20151213-20160111_HiUV_AVG,20151213-20160111_HeatD_D_AVG,20151213-20160111_Cool_DD_AVG,20151213-20160111_InTemp_AVG,20151213-20160111_InHum_AVG,20151213-20160111_InDew_AVG,20151213-20160111_InHeat_AVG,20151213-20160111_InEMC_AVG,20151213-20160111_InAirDensity_AVG,20151213-20160111_ET_AVG,20151213-20160111_WindSamp_AVG,20151213-20160111_ISSRecept_AVG,20160112-20160210_TempOut_AVG,20160112-20160210_HiTemp_AVG,20160112-20160210_LowTemp_AVG,20160112-20160210_OutHum_AVG,20160112-20160210_DewPt_AVG,20160112-20160210_WindSpeed_AVG,20160112-20160210_WindRun_AVG,20160112-20160210_HiSpeed_AVG,20160112-20160210_WindChill_AVG,20160112-20160210_HeatIndex_AVG,20160112-20160210_THWIndex_AVG,20160112-20160210_Bar_AVG,20160112-20160210_Rain_AVG,20160112-20160210_RainRate_AVG,20160112-20160210_SolarRad_AVG,20160112-20160210_SolarEnergy_AVG,20160112-20160210_HiSolarRad_AVG,20160112-20160210_UVIndex_AVG,20160112-20160210_UVDose_AVG,20160112-20160210_HiUV_AVG,20160112-20160210_HeatD_D_AVG,20160112-20160210_Cool_DD_AVG,20160112-20160210_InTemp_AVG,20160112-20160210_InHum_AVG,20160112-20160210_InDew_AVG,20160112-20160210_InHeat_AVG,20160112-20160210_InEMC_AVG,20160112-20160210_InAirDensity_AVG,20160112-20160210_ET_AVG,20160112-20160210_WindSamp_AVG,20160112-20160210_ISSRecept_AVG,20160211-20160216_TempOut_AVG,20160211-20160216_HiTemp_AVG,20160211-20160216_LowTemp_AVG,20160211-20160216_OutHum_AVG,20160211-20160216_DewPt_AVG,20160211-20160216_WindSpeed_AVG,20160211-20160216_WindRun_AVG,20160211-20160216_HiSpeed_AVG,20160211-20160216_WindChill_AVG,20160211-20160216_HeatIndex_AVG,20160211-20160216_THWIndex_AVG,20160211-20160216_Bar_AVG,20160211-20160216_Rain_AVG,20160211-20160216_RainRate_AVG,20160211-20160216_SolarRad_AVG,20160211-20160216_SolarEnergy_AVG,20160211-20160216_HiSolarRad_AVG,20160211-20160216_UVIndex_AVG,20160211-20160216_UVDose_AVG,20160211-20160216_HiUV_AVG,20160211-20160216_HeatD_D_AVG,20160211-20160216_Cool_DD_AVG,20160211-20160216_InTemp_AVG,20160211-20160216_InHum_AVG,20160211-20160216_InDew_AVG,20160211-20160216_InHeat_AVG,20160211-20160216_InEMC_AVG,20160211-20160216_InAirDensity_AVG,20160211-20160216_ET_AVG,20160211-20160216_WindSamp_AVG,20160211-20160216_ISSRecept_AVG,YLD
40.510542,0.493706,1252.84183,0.171286,0.176257,0.757965,0.776698,0.744168,0.626893,0.659201,0.754407,0.873936,14.66671296,14.78703704,14.54715278,65.08449074,7.292916667,2.23537037,0.374199074,5.808703704,14.62590278,14.24604167,14.20527778,1009.283958,0.000993056,0.011736111,157.844213,2.262752315,175.0472222,0.252939815,0.018083333,0.303703704,0.020212037,0.004403704,19.2249537,43.74837963,6.445902778,18.04525463,8.36693287,1.191587431,0.019657407,227.4821759,99.41319444,14.76877315,14.91398148,14.6231713,67.87199074,7.953865741,1.965694444,0.329,5.058171296,14.74333333,14.46861111,14.44310185,1010.451759,0.000405093,0,199.4238426,2.858810185,208.030787,0.45287037,0.032310185,0.487291667,0,0,20.37962963,48.66134259,9.11275463,19.55717593,9.09362037,1.18617162,0.02344213,213.8078704,93.70842593,17.91026352,18.06574202,17.75963939,72.21359223,12.22649098,1.393619972,0.23332871,3.680166436,17.91026352,18.04008322,18.04008322,1006.976006,0,0,222.2052705,3.185298197,231.3398058,0.591955617,0.042274619,0.653398058,0,0,23.80305132,52.56033287,13.49112344,23.78224688,9.646116505,1.163846602,0.026255201,219.0249653,96.03869626,617.4453
37.094174,0.492329,1403.919849,0.170764,0.214652,0.782313,0.7708,0.720762,0.689044,0.693321,0.77747,0.878137,14.66671296,14.78703704,14.54715278,65.08449074,7.292916667,2.23537037,0.374199074,5.808703704,14.62590278,14.24604167,14.20527778,1009.283958,0.000993056,0.011736111,157.844213,2.262752315,175.0472222,0.252939815,0.018083333,0.303703704,0.020212037,0.004403704,19.2249537,43.74837963,6.445902778,18.04525463,8.36693287,1.191587431,0.019657407,227.4821759,99.41319444,14.76877315,14.91398148,14.6231713,67.87199074,7.953865741,1.965694444,0.329,5.058171296,14.74333333,14.46861111,14.44310185,1010.451759,0.000405093,0,199.4238426,2.858810185,208.030787,0.45287037,0.032310185,0.487291667,0,0,20.37962963,48.66134259,9.11275463,19.55717593,9.09362037,1.18617162,0.02344213,213.8078704,93.70842593,17.91026352,18.06574202,17.75963939,72.21359223,12.22649098,1.393619972,0.23332871,3.680166436,17.91026352,18.04008322,18.04008322,1006.976006,0,0,222.2052705,3.185298197,231.3398058,0.591955617,0.042274619,0.653398058,0,0,23.80305132,52.56033287,13.49112344,23.78224688,9.646116505,1.163846602,0.026255201,219.0249653,96.03869626,689.6464
44.20175,0.498393,1376.809117,0.156686,0.169272,0.73815,0.751064,0.667258,0.648034,0.610026,0.70845,0.875478,14.66671296,14.78703704,14.54715278,65.08449074,7.292916667,2.23537037,0.374199074,5.808703704,14.62590278,14.24604167,14.20527778,1009.283958,0.000993056,0.011736111,157.844213,2.262752315,175.0472222,0.252939815,0.018083333,0.303703704,0.020212037,0.004403704,19.2249537,43.74837963,6.445902778,18.04525463,8.36693287,1.191587431,0.019657407,227.4821759,99.41319444,14.76877315,14.91398148,14.6231713,67.87199074,7.953865741,1.965694444,0.329,5.058171296,14.74333333,14.46861111,14.44310185,1010.451759,0.000405093,0,199.4238426,2.858810185,208.030787,0.45287037,0.032310185,0.487291667,0,0,20.37962963,48.66134259,9.11275463,19.55717593,9.09362037,1.18617162,0.02344213,213.8078704,93.70842593,17.91026352,18.06574202,17.75963939,72.21359223,12.22649098,1.393619972,0.23332871,3.680166436,17.91026352,18.04008322,18.04008322,1006.976006,0,0,222.2052705,3.185298197,231.3398058,0.591955617,0.042274619,0.653398058,0,0,23.80305132,52.56033287,13.49112344,23.78224688,9.646116505,1.163846602,0.026255201,219.0249653,96.03869626,687.2559
32.876596,0.516203,1234.698326,0.165603,0.190059,0.675919,0.728636,0.643564,0.544325,0.560463,0.652515,0.844511,14.66671296,14.78703704,14.54715278,65.08449074,7.292916667,2.23537037,0.374199074,5.808703704,14.62590278,14.24604167,14.20527778,1009.283958,0.000993056,0.011736111,157.844213,2.262752315,175.0472222,0.252939815,0.018083333,0.303703704,0.020212037,0.004403704,19.2249537,43.74837963,6.445902778,18.04525463,8.36693287,1.191587431,0.019657407,227.4821759,99.41319444,14.76877315,14.91398148,14.6231713,67.87199074,7.953865741,1.965694444,0.329,5.058171296,14.74333333,14.46861111,14.44310185,1010.451759,0.000405093,0,199.4238426,2.858810185,208.030787,0.45287037,0.032310185,0.487291667,0,0,20.37962963,48.66134259,9.11275463,19.55717593,9.09362037,1.18617162,0.02344213,213.8078704,93.70842593,17.91026352,18.06574202,17.75963939,72.21359223,12.22649098,1.393619972,0.23332871,3.680166436,17.91026352,18.04008322,18.04008322,1006.976006,0,0,222.2052705,3.185298197,231.3398058,0.591955617,0.042274619,0.653398058,0,0,23.80305132,52.56033287,13.49112344,23.78224688,9.646116505,1.163846602,0.026255201,219.0249653,96.03869626,636.4969
41.374175,0.481962,1279.299001,0.187345,0.221703,0.778879,0.755801,0.731699,0.663475,0.653331,0.738558,0.882129,14.66671296,14.78703704,14.54715278,65.08449074,7.292916667,2.23537037,0.374199074,5.808703704,14.62590278,14.24604167,14.20527778,1009.283958,0.000993056,0.011736111,157.844213,2.262752315,175.0472222,0.252939815,0.018083333,0.303703704,0.020212037,0.004403704,19.2249537,43.74837963,6.445902778,18.04525463,8.36693287,1.191587431,0.019657407,227.4821759,99.41319444,14.76877315,14.91398148,14.6231713,67.87199074,7.953865741,1.965694444,0.329,5.058171296,14.74333333,14.46861111,14.44310185,1010.451759,0.000405093,0,199.4238426,2.858810185,208.030787,0.45287037,0.032310185,0.487291667,0,0,20.37962963,48.66134259,9.11275463,19.55717593,9.09362037,1.18617162,0.02344213,213.8078704,93.70842593,17.91026352,18.06574202,17.75963939,72.21359223,12.22649098,1.393619972,0.23332871,3.680166436,17.91026352,18.04008322,18.04008322,1006.976006,0,0,222.2052705,3.185298197,231.3398058,0.591955617,0.042274619,0.653398058,0,0,23.80305132,52.56033287,13.49112344,23.78224688,9.646116505,1.163846602,0.026255201,219.0249653,96.03869626,616.5022
39.235418,0.473544,1337.657044,0.1679,0.194901,0.805808,0.808383,0.732323,0.650709,0.709732,0.802901,0.896372,14.66671296,14.78703704,14.54715278,65.08449074,7.292916667,2.23537037,0.374199074,5.808703704,14.62590278,14.24604167,14.20527778,1009.283958,0.000993056,0.011736111,157.844213,2.262752315,175.0472222,0.252939815,0.018083333,0.303703704,0.020212037,0.004403704,19.2249537,43.74837963,6.445902778,18.04525463,8.36693287,1.191587431,0.019657407,227.4821759,99.41319444,14.76877315,14.91398148,14.6231713,67.87199074,7.953865741,1.965694444,0.329,5.058171296,14.74333333,14.46861111,14.44310185,1010.451759,0.000405093,0,199.4238426,2.858810185,208.030787,0.45287037,0.032310185,0.487291667,0,0,20.37962963,48.66134259,9.11275463,19.55717593,9.09362037,1.18617162,0.02344213,213.8078704,93.70842593,17.91026352,18.06574202,17.75963939,72.21359223,12.22649098,1.393619972,0.23332871,3.680166436,17.91026352,18.04008322,18.04008322,1006.976006,0,0,222.2052705,3.185298197,231.3398058,0.591955617,0.042274619,0.653398058,0,0,23.80305132,52.56033287,13.49112344,23.78224688,9.646116505,1.163846602,0.026255201,219.0249653,96.03869626,633.8
41.879114,0.445547,1421.517203,0.178637,0.214312,0.803197,0.790707,0.744424,0.704229,0.703666,0.783105,0.89402,14.66671296,14.78703704,14.54715278,65.08449074,7.292916667,2.23537037,0.374199074,5.808703704,14.62590278,14.24604167,14.20527778,1009.283958,0.000993056,0.011736111,157.844213,2.262752315,175.0472222,0.252939815,0.018083333,0.303703704,0.020212037,0.004403704,19.2249537,43.74837963,6.445902778,18.04525463,8.36693287,1.191587431,0.019657407,227.4821759,99.41319444,14.76877315,14.91398148,14.6231713,67.87199074,7.953865741,1.965694444,0.329,5.058171296,14.74333333,14.46861111,14.44310185,1010.451759,0.000405093,0,199.4238426,2.858810185,208.030787,0.45287037,0.032310185,0.487291667,0,0,20.37962963,48.66134259,9.11275463,19.55717593,9.09362037,1.18617162,0.02344213,213.8078704,93.70842593,17.91026352,18.06574202,17.75963939,72.21359223,12.22649098,1.393619972,0.23332871,3.680166436,17.91026352,18.04008322,18.04008322,1006.976006,0,0,222.2052705,3.185298197,231.3398058,0.591955617,0.042274619,0.653398058,0,0,23.80305132,52.56033287,13.49112344,23.78224688,9.646116505,1.163846602,0.026255201,219.0249653,96.03869626,633.3193
34.038258,0.513363,1244.505465,0.164523,0.206832,0.769811,0.732471,0.686777,0.679091,0.672994,0.78048,0.895386,14.66671296,14.78703704,14.54715278,65.08449074,7.292916667,2.23537037,0.374199074,5.808703704,14.62590278,14.24604167,14.20527778,1009.283958,0.000993056,0.011736111,157.844213,2.262752315,175.0472222,0.252939815,0.018083333,0.303703704,0.020212037,0.004403704,19.2249537,43.74837963,6.445902778,18.04525463,8.36693287,1.191587431,0.019657407,227.4821759,99.41319444,14.76877315,14.91398148,14.6231713,67.87199074,7.953865741,1.965694444,0.329,5.058171296,14.74333333,14.46861111,14.44310185,1010.451759,0.000405093,0,199.4238426,2.858810185,208.030787,0.45287037,0.032310185,0.487291667,0,0,20.37962963,48.66134259,9.11275463,19.55717593,9.09362037,1.18617162,0.02344213,213.8078704,93.70842593,17.91026352,18.06574202,17.75963939,72.21359223,12.22649098,1.393619972,0.23332871,3.680166436,17.91026352,18.04008322,18.04008322,1006.976006,0,0,222.2052705,3.185298197,231.3398058,0.591955617,0.042274619,0.653398058,0,0,23.80305132,52.56033287,13.49112344,23.78224688,9.646116505,1.163846602,0.026255201,219.0249653,96.03869626,640.8301
35.775,0.4565,1280.105,0.185,0.231,0.8015,0.763,0.752,0.674,0.7135,0.8155,0.9015,14.66671296,14.78703704,14.54715278,65.08449074,7.292916667,2.23537037,0.374199074,5.808703704,14.62590278,14.24604167,14.20527778,1009.283958,0.000993056,0.011736111,157.844213,2.262752315,175.0472222,0.252939815,0.018083333,0.303703704,0.020212037,0.004403704,19.2249537,43.74837963,6.445902778,18.04525463,8.36693287,1.191587431,0.019657407,227.4821759,99.41319444,14.76877315,14.91398148,14.6231713,67.87199074,7.953865741,1.965694444,0.329,5.058171296,14.74333333,14.46861111,14.44310185,1010.451759,0.000405093,0,199.4238426,2.858810185,208.030787,0.45287037,0.032310185,0.487291667,0,0,20.37962963,48.66134259,9.11275463,19.55717593,9.09362037,1.18617162,0.02344213,213.8078704,93.70842593,17.91026352,18.06574202,17.75963939,72.21359223,12.22649098,1.393619972,0.23332871,3.680166436,17.91026352,18.04008322,18.04008322,1006.976006,0,0,222.2052705,3.185298197,231.3398058,0.591955617,0.042274619,0.653398058,0,0,23.80305132,52.56033287,13.49112344,23.78224688,9.646116505,1.163846602,0.026255201,219.0249653,96.03869626,584.34
42.896912,0.473238,1250.532927,0.180395,0.23637,0.807242,0.769347,0.720638,0.615415,0.72552,0.794863,0.900133,14.66671296,14.78703704,14.54715278,65.08449074,7.292916667,2.23537037,0.374199074,5.808703704,14.62590278,14.24604167,14.20527778,1009.283958,0.000993056,0.011736111,157.844213,2.262752315,175.0472222,0.252939815,0.018083333,0.303703704,0.020212037,0.004403704,19.2249537,43.74837963,6.445902778,18.04525463,8.36693287,1.191587431,0.019657407,227.4821759,99.41319444,14.76877315,14.91398148,14.6231713,67.87199074,7.953865741,1.965694444,0.329,5.058171296,14.74333333,14.46861111,14.44310185,1010.451759,0.000405093,0,199.4238426,2.858810185,208.030787,0.45287037,0.032310185,0.487291667,0,0,20.37962963,48.66134259,9.11275463,19.55717593,9.09362037,1.18617162,0.02344213,213.8078704,93.70842593,17.91026352,18.06574202,17.75963939,72.21359223,12.22649098,1.393619972,0.23332871,3.680166436,17.91026352,18.04008322,18.04008322,1006.976006,0,0,222.2052705,3.185298197,231.3398058,0.591955617,0.042274619,0.653398058,0,0,23.80305132,52.56033287,13.49112344,23.78224688,9.646116505,1.163846602,0.026255201,219.0249653,96.03869626,589.9792
40.892667,0.470356,1530.503936,0.186631,0.226464,0.78954,0.766764,0.717157,0.643186,0.6722,0.792695,0.885912,14.66671296,14.78703704,14.54715278,65.08449074,7.292916667,2.23537037,0.374199074,5.808703704,14.62590278,14.24604167,14.20527778,1009.283958,0.000993056,0.011736111,157.844213,2.262752315,175.0472222,0.252939815,0.018083333,0.303703704,0.020212037,0.004403704,19.2249537,43.74837963,6.445902778,18.04525463,8.36693287,1.191587431,0.019657407,227.4821759,99.41319444,14.76877315,14.91398148,14.6231713,67.87199074,7.953865741,1.965694444,0.329,5.058171296,14.74333333,14.46861111,14.44310185,1010.451759,0.000405093,0,199.4238426,2.858810185,208.030787,0.45287037,0.032310185,0.487291667,0,0,20.37962963,48.66134259,9.11275463,19.55717593,9.09362037,1.18617162,0.02344213,213.8078704,93.70842593,17.91026352,18.06574202,17.75963939,72.21359223,12.22649098,1.393619972,0.23332871,3.680166436,17.91026352,18.04008322,18.04008322,1006.976006,0,0,222.2052705,3.185298197,231.3398058,0.591955617,0.042274619,0.653398058,0,0,23.80305132,52.56033287,13.49112344,23.78224688,9.646116505,1.163846602,0.026255201,219.0249653,96.03869626,719.887
38.679788,0.462411,1457.523458,0.173748,0.179634,0.739498,0.785879,0.761551,0.660314,0.657595,0.690696,0.869351,14.66671296,14.78703704,14.54715278,65.08449074,7.292916667,2.23537037,0.374199074,5.808703704,14.62590278,14.24604167,14.20527778,1009.283958,0.000993056,0.011736111,157.844213,2.262752315,175.0472222,0.252939815,0.018083333,0.303703704,0.020212037,0.004403704,19.2249537,43.74837963,6.445902778,18.04525463,8.36693287,1.191587431,0.019657407,227.4821759,99.41319444,14.76877315,14.91398148,14.6231713,67.87199074,7.953865741,1.965694444,0.329,5.058171296,14.74333333,14.46861111,14.44310185,1010.451759,0.000405093,0,199.4238426,2.858810185,208.030787,0.45287037,0.032310185,0.487291667,0,0,20.37962963,48.66134259,9.11275463,19.55717593,9.09362037,1.18617162,0.02344213,213.8078704,93.70842593,17.91026352,18.06574202,17.75963939,72.21359223,12.22649098,1.393619972,0.23332871,3.680166436,17.91026352,18.04008322,18.04008322,1006.976006,0,0,222.2052705,3.185298197,231.3398058,0.591955617,0.042274619,0.653398058,0,0,23.80305132,52.56033287,13.49112344,23.78224688,9.646116505,1.163846602,0.026255201,219.0249653,96.03869626,669.4631
39.259685,0.471271,1301.036613,0.161617,0.178692,0.745177,0.7744,0.759696,0.696066,0.621091,0.762934,0.89547,14.66671296,14.78703704,14.54715278,65.08449074,7.292916667,2.23537037,0.374199074,5.808703704,14.62590278,14.24604167,14.20527778,1009.283958,0.000993056,0.011736111,157.844213,2.262752315,175.0472222,0.252939815,0.018083333,0.303703704,0.020212037,0.004403704,19.2249537,43.74837963,6.445902778,18.04525463,8.36693287,1.191587431,0.019657407,227.4821759,99.41319444,14.76877315,14.91398148,14.6231713,67.87199074,7.953865741,1.965694444,0.329,5.058171296,14.74333333,14.46861111,14.44310185,1010.451759,0.000405093,0,199.4238426,2.858810185,208.030787,0.45287037,0.032310185,0.487291667,0,0,20.37962963,48.66134259,9.11275463,19.55717593,9.09362037,1.18617162,0.02344213,213.8078704,93.70842593,17.91026352,18.06574202,17.75963939,72.21359223,12.22649098,1.393619972,0.23332871,3.680166436,17.91026352,18.04008322,18.04008322,1006.976006,0,0,222.2052705,3.185298197,231.3398058,0.591955617,0.042274619,0.653398058,0,0,23.80305132,52.56033287,13.49112344,23.78224688,9.646116505,1.163846602,0.026255201,219.0249653,96.03869626,612.7014
41.048271,0.485854,1419.162382,0.18752,0.217019,0.830738,0.766132,0.734415,0.637963,0.720982,0.813729,0.887321,14.66671296,14.78703704,14.54715278,65.08449074,7.292916667,2.23537037,0.374199074,5.808703704,14.62590278,14.24604167,14.20527778,1009.283958,0.000993056,0.011736111,157.844213,2.262752315,175.0472222,0.252939815,0.018083333,0.303703704,0.020212037,0.004403704,19.2249537,43.74837963,6.445902778,18.04525463,8.36693287,1.191587431,0.019657407,227.4821759,99.41319444,14.76877315,14.91398148,14.6231713,67.87199074,7.953865741,1.965694444,0.329,5.058171296,14.74333333,14.46861111,14.44310185,1010.451759,0.000405093,0,199.4238426,2.858810185,208.030787,0.45287037,0.032310185,0.487291667,0,0,20.37962963,48.66134259,9.11275463,19.55717593,9.09362037,1.18617162,0.02344213,213.8078704,93.70842593,17.91026352,18.06574202,17.75963939,72.21359223,12.22649098,1.393619972,0.23332871,3.680166436,17.91026352,18.04008322,18.04008322,1006.976006,0,0,222.2052705,3.185298197,231.3398058,0.591955617,0.042274619,0.653398058,0,0,23.80305132,52.56033287,13.49112344,23.78224688,9.646116505,1.163846602,0.026255201,219.0249653,96.03869626,689.074
33.606927,0.471802,1223.20575,0.180001,0.197976,0.761571,0.770741,0.765477,0.594139,0.701026,0.772308,0.885259,14.66671296,14.78703704,14.54715278,65.08449074,7.292916667,2.23537037,0.374199074,5.808703704,14.62590278,14.24604167,14.20527778,1009.283958,0.000993056,0.011736111,157.844213,2.262752315,175.0472222,0.252939815,0.018083333,0.303703704,0.020212037,0.004403704,19.2249537,43.74837963,6.445902778,18.04525463,8.36693287,1.191587431,0.019657407,227.4821759,99.41319444,14.76877315,14.91398148,14.6231713,67.87199074,7.953865741,1.965694444,0.329,5.058171296,14.74333333,14.46861111,14.44310185,1010.451759,0.000405093,0,199.4238426,2.858810185,208.030787,0.45287037,0.032310185,0.487291667,0,0,20.37962963,48.66134259,9.11275463,19.55717593,9.09362037,1.18617162,0.02344213,213.8078704,93.70842593,17.91026352,18.06574202,17.75963939,72.21359223,12.22649098,1.393619972,0.23332871,3.680166436,17.91026352,18.04008322,18.04008322,1006.976006,0,0,222.2052705,3.185298197,231.3398058,0.591955617,0.042274619,0.653398058,0,0,23.80305132,52.56033287,13.49112344,23.78224688,9.646116505,1.163846602,0.026255201,219.0249653,96.03869626,575.3299
31.933677,0.395617,1051.089892,0.186536,0.233591,0.796204,0.75032,0.73621,0.62457,0.712703,0.833318,0.891447,14.66671296,14.78703704,14.54715278,65.08449074,7.292916667,2.23537037,0.374199074,5.808703704,14.62590278,14.24604167,14.20527778,1009.283958,0.000993056,0.011736111,157.844213,2.262752315,175.0472222,0.252939815,0.018083333,0.303703704,0.020212037,0.004403704,19.2249537,43.74837963,6.445902778,18.04525463,8.36693287,1.191587431,0.019657407,227.4821759,99.41319444,14.76877315,14.91398148,14.6231713,67.87199074,7.953865741,1.965694444,0.329,5.058171296,14.74333333,14.46861111,14.44310185,1010.451759,0.000405093,0,199.4238426,2.858810185,208.030787,0.45287037,0.032310185,0.487291667,0,0,20.37962963,48.66134259,9.11275463,19.55717593,9.09362037,1.18617162,0.02344213,213.8078704,93.70842593,17.91026352,18.06574202,17.75963939,72.21359223,12.22649098,1.393619972,0.23332871,3.680166436,17.91026352,18.04008322,18.04008322,1006.976006,0,0,222.2052705,3.185298197,231.3398058,0.591955617,0.042274619,0.653398058,0,0,23.80305132,52.56033287,13.49112344,23.78224688,9.646116505,1.163846602,0.026255201,219.0249653,96.03869626,413.2465
40.744884,0.515211,1268.259575,0.168596,0.196683,0.765112,0.779428,0.72014,0.693265,0.666028,0.76267,0.900712,14.66671296,14.78703704,14.54715278,65.08449074,7.292916667,2.23537037,0.374199074,5.808703704,14.62590278,14.24604167,14.20527778,1009.283958,0.000993056,0.011736111,157.844213,2.262752315,175.0472222,0.252939815,0.018083333,0.303703704,0.020212037,0.004403704,19.2249537,43.74837963,6.445902778,18.04525463,8.36693287,1.191587431,0.019657407,227.4821759,99.41319444,14.76877315,14.91398148,14.6231713,67.87199074,7.953865741,1.965694444,0.329,5.058171296,14.74333333,14.46861111,14.44310185,1010.451759,0.000405093,0,199.4238426,2.858810185,208.030787,0.45287037,0.032310185,0.487291667,0,0,20.37962963,48.66134259,9.11275463,19.55717593,9.09362037,1.18617162,0.02344213,213.8078704,93.70842593,17.91026352,18.06574202,17.75963939,72.21359223,12.22649098,1.393619972,0.23332871,3.680166436,17.91026352,18.04008322,18.04008322,1006.976006,0,0,222.2052705,3.185298197,231.3398058,0.591955617,0.042274619,0.653398058,0,0,23.80305132,52.56033287,13.49112344,23.78224688,9.646116505,1.163846602,0.026255201,219.0249653,96.03869626,653.6674
28.379788,0.416911,1555.268458,0.167748,0.183634,0.746998,0.817879,0.776551,0.683814,0.629595,0.779696,0.898851,14.66671296,14.78703704,14.54715278,65.08449074,7.292916667,2.23537037,0.374199074,5.808703704,14.62590278,14.24604167,14.20527778,1009.283958,0.000993056,0.011736111,157.844213,2.262752315,175.0472222,0.252939815,0.018083333,0.303703704,0.020212037,0.004403704,19.2249537,43.74837963,6.445902778,18.04525463,8.36693287,1.191587431,0.019657407,227.4821759,99.41319444,14.76877315,14.91398148,14.6231713,67.87199074,7.953865741,1.965694444,0.329,5.058171296,14.74333333,14.46861111,14.44310185,1010.451759,0.000405093,0,199.4238426,2.858810185,208.030787,0.45287037,0.032310185,0.487291667,0,0,20.37962963,48.66134259,9.11275463,19.55717593,9.09362037,1.18617162,0.02344213,213.8078704,93.70842593,17.91026352,18.06574202,17.75963939,72.21359223,12.22649098,1.393619972,0.23332871,3.680166436,17.91026352,18.04008322,18.04008322,1006.976006,0,0,222.2052705,3.185298197,231.3398058,0.591955617,0.042274619,0.653398058,0,0,23.80305132,52.56033287,13.49112344,23.78224688,9.646116505,1.163846602,0.026255201,219.0249653,96.03869626,646.7981
46.539818,0.488001,1275.027451,0.174079,0.218235,0.776835,0.783049,0.735777,0.683595,0.681394,0.772192,0.897975,14.66671296,14.78703704,14.54715278,65.08449074,7.292916667,2.23537037,0.374199074,5.808703704,14.62590278,14.24604167,14.20527778,1009.283958,0.000993056,0.011736111,157.844213,2.262752315,175.0472222,0.252939815,0.018083333,0.303703704,0.020212037,0.004403704,19.2249537,43.74837963,6.445902778,18.04525463,8.36693287,1.191587431,0.019657407,227.4821759,99.41319444,14.76877315,14.91398148,14.6231713,67.87199074,7.953865741,1.965694444,0.329,5.058171296,14.74333333,14.46861111,14.44310185,1010.451759,0.000405093,0,199.4238426,2.858810185,208.030787,0.45287037,0.032310185,0.487291667,0,0,20.37962963,48.66134259,9.11275463,19.55717593,9.09362037,1.18617162,0.02344213,213.8078704,93.70842593,17.91026352,18.06574202,17.75963939,72.21359223,12.22649098,1.393619972,0.23332871,3.680166436,17.91026352,18.04008322,18.04008322,1006.976006,0,0,222.2052705,3.185298197,231.3398058,0.591955617,0.042274619,0.653398058,0,0,23.80305132,52.56033287,13.49112344,23.78224688,9.646116505,1.163846602,0.026255201,219.0249653,96.03869626,623.1032
45.731462,0.489699,1286.149138,0.167646,0.200773,0.759736,0.777436,0.692119,0.636589,0.567718,0.688168,0.855449,14.66671296,14.78703704,14.54715278,65.08449074,7.292916667,2.23537037,0.374199074,5.808703704,14.62590278,14.24604167,14.20527778,1009.283958,0.000993056,0.011736111,157.844213,2.262752315,175.0472222,0.252939815,0.018083333,0.303703704,0.020212037,0.004403704,19.2249537,43.74837963,6.445902778,18.04525463,8.36693287,1.191587431,0.019657407,227.4821759,99.41319444,14.76877315,14.91398148,14.6231713,67.87199074,7.953865741,1.965694444,0.329,5.058171296,14.74333333,14.46861111,14.44310185,1010.451759,0.000405093,0,199.4238426,2.858810185,208.030787,0.45287037,0.032310185,0.487291667,0,0,20.37962963,48.66134259,9.11275463,19.55717593,9.09362037,1.18617162,0.02344213,213.8078704,93.70842593,17.91026352,18.06574202,17.75963939,72.21359223,12.22649098,1.393619972,0.23332871,3.680166436,17.91026352,18.04008322,18.04008322,1006.976006,0,0,222.2052705,3.185298197,231.3398058,0.591955617,0.042274619,0.653398058,0,0,23.80305132,52.56033287,13.49112344,23.78224688,9.646116505,1.163846602,0.026255201,219.0249653,96.03869626,630.8695
40.558387,0.471623,1486.699581,0.182402,0.221188,0.801154,0.800874,0.723074,0.660386,0.684996,0.780833,0.886869,14.66671296,14.78703704,14.54715278,65.08449074,7.292916667,2.23537037,0.374199074,5.808703704,14.62590278,14.24604167,14.20527778,1009.283958,0.000993056,0.011736111,157.844213,2.262752315,175.0472222,0.252939815,0.018083333,0.303703704,0.020212037,0.004403704,19.2249537,43.74837963,6.445902778,18.04525463,8.36693287,1.191587431,0.019657407,227.4821759,99.41319444,14.76877315,14.91398148,14.6231713,67.87199074,7.953865741,1.965694444,0.329,5.058171296,14.74333333,14.46861111,14.44310185,1010.451759,0.000405093,0,199.4238426,2.858810185,208.030787,0.45287037,0.032310185,0.487291667,0,0,20.37962963,48.66134259,9.11275463,19.55717593,9.09362037,1.18617162,0.02344213,213.8078704,93.70842593,17.91026352,18.06574202,17.75963939,72.21359223,12.22649098,1.393619972,0.23332871,3.680166436,17.91026352,18.04008322,18.04008322,1006.976006,0,0,222.2052705,3.185298197,231.3398058,0.591955617,0.042274619,0.653398058,0,0,23.80305132,52.56033287,13.49112344,23.78224688,9.646116505,1.163846602,0.026255201,219.0249653,96.03869626,699.6754
43.098533,0.529053,1345.952065,0.172865,0.196026,0.747766,0.742789,0.654373,0.640048,0.665098,0.733694,0.87643,14.66671296,14.78703704,14.54715278,65.08449074,7.292916667,2.23537037,0.374199074,5.808703704,14.62590278,14.24604167,14.20527778,1009.283958,0.000993056,0.011736111,157.844213,2.262752315,175.0472222,0.252939815,0.018083333,0.303703704,0.020212037,0.004403704,19.2249537,43.74837963,6.445902778,18.04525463,8.36693287,1.191587431,0.019657407,227.4821759,99.41319444,14.76877315,14.91398148,14.6231713,67.87199074,7.953865741,1.965694444,0.329,5.058171296,14.74333333,14.46861111,14.44310185,1010.451759,0.000405093,0,199.4238426,2.858810185,208.030787,0.45287037,0.032310185,0.487291667,0,0,20.37962963,48.66134259,9.11275463,19.55717593,9.09362037,1.18617162,0.02344213,213.8078704,93.70842593,17.91026352,18.06574202,17.75963939,72.21359223,12.22649098,1.393619972,0.23332871,3.680166436,17.91026352,18.04008322,18.04008322,1006.976006,0,0,222.2052705,3.185298197,231.3398058,0.591955617,0.042274619,0.653398058,0,0,23.80305132,52.56033287,13.49112344,23.78224688,9.646116505,1.163846602,0.026255201,219.0249653,96.03869626,713.1463
36.155448,0.485102,1293.252744,0.17174,0.215563,0.821756,0.787061,0.679151,0.67142,0.679751,0.750394,0.888337,14.66671296,14.78703704,14.54715278,65.08449074,7.292916667,2.23537037,0.374199074,5.808703704,14.62590278,14.24604167,14.20527778,1009.283958,0.000993056,0.011736111,157.844213,2.262752315,175.0472222,0.252939815,0.018083333,0.303703704,0.020212037,0.004403704,19.2249537,43.74837963,6.445902778,18.04525463,8.36693287,1.191587431,0.019657407,227.4821759,99.41319444,14.76877315,14.91398148,14.6231713,67.87199074,7.953865741,1.965694444,0.329,5.058171296,14.74333333,14.46861111,14.44310185,1010.451759,0.000405093,0,199.4238426,2.858810185,208.030787,0.45287037,0.032310185,0.487291667,0,0,20.37962963,48.66134259,9.11275463,19.55717593,9.09362037,1.18617162,0.02344213,213.8078704,93.70842593,17.91026352,18.06574202,17.75963939,72.21359223,12.22649098,1.393619972,0.23332871,3.680166436,17.91026352,18.04008322,18.04008322,1006.976006,0,0,222.2052705,3.185298197,231.3398058,0.591955617,0.042274619,0.653398058,0,0,23.80305132,52.56033287,13.49112344,23.78224688,9.646116505,1.163846602,0.026255201,219.0249653,96.03869626,629.648
40.064542,0.500239,1176.852557,0.175744,0.213915,0.778642,0.77796,0.737917,0.663237,0.697061,0.780559,0.884015,14.66671296,14.78703704,14.54715278,65.08449074,7.292916667,2.23537037,0.374199074,5.808703704,14.62590278,14.24604167,14.20527778,1009.283958,0.000993056,0.011736111,157.844213,2.262752315,175.0472222,0.252939815,0.018083333,0.303703704,0.020212037,0.004403704,19.2249537,43.74837963,6.445902778,18.04525463,8.36693287,1.191587431,0.019657407,227.4821759,99.41319444,14.76877315,14.91398148,14.6231713,67.87199074,7.953865741,1.965694444,0.329,5.058171296,14.74333333,14.46861111,14.44310185,1010.451759,0.000405093,0,199.4238426,2.858810185,208.030787,0.45287037,0.032310185,0.487291667,0,0,20.37962963,48.66134259,9.11275463,19.55717593,9.09362037,1.18617162,0.02344213,213.8078704,93.70842593,17.91026352,18.06574202,17.75963939,72.21359223,12.22649098,1.393619972,0.23332871,3.680166436,17.91026352,18.04008322,18.04008322,1006.976006,0,0,222.2052705,3.185298197,231.3398058,0.591955617,0.042274619,0.653398058,0,0,23.80305132,52.56033287,13.49112344,23.78224688,9.646116505,1.163846602,0.026255201,219.0249653,96.03869626,590.605
39.200654,0.483015,1277.633962,0.177813,0.200088,0.777994,0.794962,0.724426,0.691401,0.624547,0.724741,0.871829,14.66671296,14.78703704,14.54715278,65.08449074,7.292916667,2.23537037,0.374199074,5.808703704,14.62590278,14.24604167,14.20527778,1009.283958,0.000993056,0.011736111,157.844213,2.262752315,175.0472222,0.252939815,0.018083333,0.303703704,0.020212037,0.004403704,19.2249537,43.74837963,6.445902778,18.04525463,8.36693287,1.191587431,0.019657407,227.4821759,99.41319444,14.76877315,14.91398148,14.6231713,67.87199074,7.953865741,1.965694444,0.329,5.058171296,14.74333333,14.46861111,14.44310185,1010.451759,0.000405093,0,199.4238426,2.858810185,208.030787,0.45287037,0.032310185,0.487291667,0,0,20.37962963,48.66134259,9.11275463,19.55717593,9.09362037,1.18617162,0.02344213,213.8078704,93.70842593,17.91026352,18.06574202,17.75963939,72.21359223,12.22649098,1.393619972,0.23332871,3.680166436,17.91026352,18.04008322,18.04008322,1006.976006,0,0,222.2052705,3.185298197,231.3398058,0.591955617,0.042274619,0.653398058,0,0,23.80305132,52.56033287,13.49112344,23.78224688,9.646116505,1.163846602,0.026255201,219.0249653,96.03869626,615.6989
40.151959,0.511412,1222.305452,0.168242,0.198136,0.782974,0.778197,0.688902,0.659884,0.613574,0.689801,0.861237,14.66671296,14.78703704,14.54715278,65.08449074,7.292916667,2.23537037,0.374199074,5.808703704,14.62590278,14.24604167,14.20527778,1009.283958,0.000993056,0.011736111,157.844213,2.262752315,175.0472222,0.252939815,0.018083333,0.303703704,0.020212037,0.004403704,19.2249537,43.74837963,6.445902778,18.04525463,8.36693287,1.191587431,0.019657407,227.4821759,99.41319444,14.76877315,14.91398148,14.6231713,67.87199074,7.953865741,1.965694444,0.329,5.058171296,14.74333333,14.46861111,14.44310185,1010.451759,0.000405093,0,199.4238426,2.858810185,208.030787,0.45287037,0.032310185,0.487291667,0,0,20.37962963,48.66134259,9.11275463,19.55717593,9.09362037,1.18617162,0.02344213,213.8078704,93.70842593,17.91026352,18.06574202,17.75963939,72.21359223,12.22649098,1.393619972,0.23332871,3.680166436,17.91026352,18.04008322,18.04008322,1006.976006,0,0,222.2052705,3.185298197,231.3398058,0.591955617,0.042274619,0.653398058,0,0,23.80305132,52.56033287,13.49112344,23.78224688,9.646116505,1.163846602,0.026255201,219.0249653,96.03869626,623.5185
40.951072,0.477879,1145.716446,0.175781,0.224776,0.788677,0.802698,0.756568,0.689293,0.663428,0.743058,0.868611,14.66671296,14.78703704,14.54715278,65.08449074,7.292916667,2.23537037,0.374199074,5.808703704,14.62590278,14.24604167,14.20527778,1009.283958,0.000993056,0.011736111,157.844213,2.262752315,175.0472222,0.252939815,0.018083333,0.303703704,0.020212037,0.004403704,19.2249537,43.74837963,6.445902778,18.04525463,8.36693287,1.191587431,0.019657407,227.4821759,99.41319444,14.76877315,14.91398148,14.6231713,67.87199074,7.953865741,1.965694444,0.329,5.058171296,14.74333333,14.46861111,14.44310185,1010.451759,0.000405093,0,199.4238426,2.858810185,208.030787,0.45287037,0.032310185,0.487291667,0,0,20.37962963,48.66134259,9.11275463,19.55717593,9.09362037,1.18617162,0.02344213,213.8078704,93.70842593,17.91026352,18.06574202,17.75963939,72.21359223,12.22649098,1.393619972,0.23332871,3.680166436,17.91026352,18.04008322,18.04008322,1006.976006,0,0,222.2052705,3.185298197,231.3398058,0.591955617,0.042274619,0.653398058,0,0,23.80305132,52.56033287,13.49112344,23.78224688,9.646116505,1.163846602,0.026255201,219.0249653,96.03869626,547.8761
34.510309,0.468411,1138.012133,0.162026,0.187106,0.749373,0.7463,0.662666,0.492484,0.596778,0.716111,0.84482,14.66671296,14.78703704,14.54715278,65.08449074,7.292916667,2.23537037,0.374199074,5.808703704,14.62590278,14.24604167,14.20527778,1009.283958,0.000993056,0.011736111,157.844213,2.262752315,175.0472222,0.252939815,0.018083333,0.303703704,0.020212037,0.004403704,19.2249537,43.74837963,6.445902778,18.04525463,8.36693287,1.191587431,0.019657407,227.4821759,99.41319444,14.76877315,14.91398148,14.6231713,67.87199074,7.953865741,1.965694444,0.329,5.058171296,14.74333333,14.46861111,14.44310185,1010.451759,0.000405093,0,199.4238426,2.858810185,208.030787,0.45287037,0.032310185,0.487291667,0,0,20.37962963,48.66134259,9.11275463,19.55717593,9.09362037,1.18617162,0.02344213,213.8078704,93.70842593,17.91026352,18.06574202,17.75963939,72.21359223,12.22649098,1.393619972,0.23332871,3.680166436,17.91026352,18.04008322,18.04008322,1006.976006,0,0,222.2052705,3.185298197,231.3398058,0.591955617,0.042274619,0.653398058,0,0,23.80305132,52.56033287,13.49112344,23.78224688,9.646116505,1.163846602,0.026255201,219.0249653,96.03869626,534.254
42.208705,0.496783,1310.614691,0.166087,0.191596,0.746849,0.775944,0.649592,0.654525,0.606253,0.654388,0.83329,14.66671296,14.78703704,14.54715278,65.08449074,7.292916667,2.23537037,0.374199074,5.808703704,14.62590278,14.24604167,14.20527778,1009.283958,0.000993056,0.011736111,157.844213,2.262752315,175.0472222,0.252939815,0.018083333,0.303703704,0.020212037,0.004403704,19.2249537,43.74837963,6.445902778,18.04525463,8.36693287,1.191587431,0.019657407,227.4821759,99.41319444,14.76877315,14.91398148,14.6231713,67.87199074,7.953865741,1.965694444,0.329,5.058171296,14.74333333,14.46861111,14.44310185,1010.451759,0.000405093,0,199.4238426,2.858810185,208.030787,0.45287037,0.032310185,0.487291667,0,0,20.37962963,48.66134259,9.11275463,19.55717593,9.09362037,1.18617162,0.02344213,213.8078704,93.70842593,17.91026352,18.06574202,17.75963939,72.21359223,12.22649098,1.393619972,0.23332871,3.680166436,17.91026352,18.04008322,18.04008322,1006.976006,0,0,222.2052705,3.185298197,231.3398058,0.591955617,0.042274619,0.653398058,0,0,23.80305132,52.56033287,13.49112344,23.78224688,9.646116505,1.163846602,0.026255201,219.0249653,96.03869626,655.5796
26.29385,0.438276,1262.629909,0.172527,0.20995,0.795914,0.779494,0.532861,0.653898,0.676263,0.776601,0.89914,14.66671296,14.78703704,14.54715278,65.08449074,7.292916667,2.23537037,0.374199074,5.808703704,14.62590278,14.24604167,14.20527778,1009.283958,0.000993056,0.011736111,157.844213,2.262752315,175.0472222,0.252939815,0.018083333,0.303703704,0.020212037,0.004403704,19.2249537,43.74837963,6.445902778,18.04525463,8.36693287,1.191587431,0.019657407,227.4821759,99.41319444,14.76877315,14.91398148,14.6231713,67.87199074,7.953865741,1.965694444,0.329,5.058171296,14.74333333,14.46861111,14.44310185,1010.451759,0.000405093,0,199.4238426,2.858810185,208.030787,0.45287037,0.032310185,0.487291667,0,0,20.37962963,48.66134259,9.11275463,19.55717593,9.09362037,1.18617162,0.02344213,213.8078704,93.70842593,17.91026352,18.06574202,17.75963939,72.21359223,12.22649098,1.393619972,0.23332871,3.680166436,17.91026352,18.04008322,18.04008322,1006.976006,0,0,222.2052705,3.185298197,231.3398058,0.591955617,0.042274619,0.653398058,0,0,23.80305132,52.56033287,13.49112344,23.78224688,9.646116505,1.163846602,0.026255201,219.0249653,96.03869626,558.0368
26.533705,0.478283,824.924691,0.172087,0.206596,0.806349,0.748444,0.641592,0.493525,0.621753,0.708888,0.85729,14.66671296,14.78703704,14.54715278,65.08449074,7.292916667,2.23537037,0.374199074,5.808703704,14.62590278,14.24604167,14.20527778,1009.283958,0.000993056,0.011736111,157.844213,2.262752315,175.0472222,0.252939815,0.018083333,0.303703704,0.020212037,0.004403704,19.2249537,43.74837963,6.445902778,18.04525463,8.36693287,1.191587431,0.019657407,227.4821759,99.41319444,14.76877315,14.91398148,14.6231713,67.87199074,7.953865741,1.965694444,0.329,5.058171296,14.74333333,14.46861111,14.44310185,1010.451759,0.000405093,0,199.4238426,2.858810185,208.030787,0.45287037,0.032310185,0.487291667,0,0,20.37962963,48.66134259,9.11275463,19.55717593,9.09362037,1.18617162,0.02344213,213.8078704,93.70842593,17.91026352,18.06574202,17.75963939,72.21359223,12.22649098,1.393619972,0.23332871,3.680166436,17.91026352,18.04008322,18.04008322,1006.976006,0,0,222.2052705,3.185298197,231.3398058,0.591955617,0.042274619,0.653398058,0,0,23.80305132,52.56033287,13.49112344,23.78224688,9.646116505,1.163846602,0.026255201,219.0249653,96.03869626,398.2896
28.820212,0.418089,1503.221542,0.163252,0.192866,0.766502,0.778621,0.815449,0.703186,0.687905,0.772804,0.894149,14.66671296,14.78703704,14.54715278,65.08449074,7.292916667,2.23537037,0.374199074,5.808703704,14.62590278,14.24604167,14.20527778,1009.283958,0.000993056,0.011736111,157.844213,2.262752315,175.0472222,0.252939815,0.018083333,0.303703704,0.020212037,0.004403704,19.2249537,43.74837963,6.445902778,18.04525463,8.36693287,1.191587431,0.019657407,227.4821759,99.41319444,14.76877315,14.91398148,14.6231713,67.87199074,7.953865741,1.965694444,0.329,5.058171296,14.74333333,14.46861111,14.44310185,1010.451759,0.000405093,0,199.4238426,2.858810185,208.030787,0.45287037,0.032310185,0.487291667,0,0,20.37962963,48.66134259,9.11275463,19.55717593,9.09362037,1.18617162,0.02344213,213.8078704,93.70842593,17.91026352,18.06574202,17.75963939,72.21359223,12.22649098,1.393619972,0.23332871,3.680166436,17.91026352,18.04008322,18.04008322,1006.976006,0,0,222.2052705,3.185298197,231.3398058,0.591955617,0.042274619,0.653398058,0,0,23.80305132,52.56033287,13.49112344,23.78224688,9.646116505,1.163846602,0.026255201,219.0249653,96.03869626,629.6769
44.086312,0.501093,1354.331298,0.184466,0.220997,0.780361,0.78279,0.667162,0.605621,0.680309,0.766234,0.880948,14.66671296,14.78703704,14.54715278,65.08449074,7.292916667,2.23537037,0.374199074,5.808703704,14.62590278,14.24604167,14.20527778,1009.283958,0.000993056,0.011736111,157.844213,2.262752315,175.0472222,0.252939815,0.018083333,0.303703704,0.020212037,0.004403704,19.2249537,43.74837963,6.445902778,18.04525463,8.36693287,1.191587431,0.019657407,227.4821759,99.41319444,14.76877315,14.91398148,14.6231713,67.87199074,7.953865741,1.965694444,0.329,5.058171296,14.74333333,14.46861111,14.44310185,1010.451759,0.000405093,0,199.4238426,2.858810185,208.030787,0.45287037,0.032310185,0.487291667,0,0,20.37962963,48.66134259,9.11275463,19.55717593,9.09362037,1.18617162,0.02344213,213.8078704,93.70842593,17.91026352,18.06574202,17.75963939,72.21359223,12.22649098,1.393619972,0.23332871,3.680166436,17.91026352,18.04008322,18.04008322,1006.976006,0,0,222.2052705,3.185298197,231.3398058,0.591955617,0.042274619,0.653398058,0,0,23.80305132,52.56033287,13.49112344,23.78224688,9.646116505,1.163846602,0.026255201,219.0249653,96.03869626,678.9975
27.073041,0.471088,1268.244549,0.174258,0.187864,0.793526,0.789803,0.688598,0.652616,0.635426,0.712199,0.854763,14.66671296,14.78703704,14.54715278,65.08449074,7.292916667,2.23537037,0.374199074,5.808703704,14.62590278,14.24604167,14.20527778,1009.283958,0.000993056,0.011736111,157.844213,2.262752315,175.0472222,0.252939815,0.018083333,0.303703704,0.020212037,0.004403704,19.2249537,43.74837963,6.445902778,18.04525463,8.36693287,1.191587431,0.019657407,227.4821759,99.41319444,14.76877315,14.91398148,14.6231713,67.87199074,7.953865741,1.965694444,0.329,5.058171296,14.74333333,14.46861111,14.44310185,1010.451759,0.000405093,0,199.4238426,2.858810185,208.030787,0.45287037,0.032310185,0.487291667,0,0,20.37962963,48.66134259,9.11275463,19.55717593,9.09362037,1.18617162,0.02344213,213.8078704,93.70842593,17.91026352,18.06574202,17.75963939,72.21359223,12.22649098,1.393619972,0.23332871,3.680166436,17.91026352,18.04008322,18.04008322,1006.976006,0,0,222.2052705,3.185298197,231.3398058,0.591955617,0.042274619,0.653398058,0,0,23.80305132,52.56033287,13.49112344,23.78224688,9.646116505,1.163846602,0.026255201,219.0249653,96.03869626,598.2015
39.953151,0.465352,1583.155038,0.184366,0.266817,0.845339,0.783866,0.761866,0.684738,0.727472,0.801453,0.887997,14.66671296,14.78703704,14.54715278,65.08449074,7.292916667,2.23537037,0.374199074,5.808703704,14.62590278,14.24604167,14.20527778,1009.283958,0.000993056,0.011736111,157.844213,2.262752315,175.0472222,0.252939815,0.018083333,0.303703704,0.020212037,0.004403704,19.2249537,43.74837963,6.445902778,18.04525463,8.36693287,1.191587431,0.019657407,227.4821759,99.41319444,14.76877315,14.91398148,14.6231713,67.87199074,7.953865741,1.965694444,0.329,5.058171296,14.74333333,14.46861111,14.44310185,1010.451759,0.000405093,0,199.4238426,2.858810185,208.030787,0.45287037,0.032310185,0.487291667,0,0,20.37962963,48.66134259,9.11275463,19.55717593,9.09362037,1.18617162,0.02344213,213.8078704,93.70842593,17.91026352,18.06574202,17.75963939,72.21359223,12.22649098,1.393619972,0.23332871,3.680166436,17.91026352,18.04008322,18.04008322,1006.976006,0,0,222.2052705,3.185298197,231.3398058,0.591955617,0.042274619,0.653398058,0,0,23.80305132,52.56033287,13.49112344,23.78224688,9.646116505,1.163846602,0.026255201,219.0249653,96.03869626,738.674
36.824784,0.453162,1437.126435,0.185317,0.226623,0.800249,0.811539,0.732008,0.659353,0.684057,0.7506,0.882989,14.66671296,14.78703704,14.54715278,65.08449074,7.292916667,2.23537037,0.374199074,5.808703704,14.62590278,14.24604167,14.20527778,1009.283958,0.000993056,0.011736111,157.844213,2.262752315,175.0472222,0.252939815,0.018083333,0.303703704,0.020212037,0.004403704,19.2249537,43.74837963,6.445902778,18.04525463,8.36693287,1.191587431,0.019657407,227.4821759,99.41319444,14.76877315,14.91398148,14.6231713,67.87199074,7.953865741,1.965694444,0.329,5.058171296,14.74333333,14.46861111,14.44310185,1010.451759,0.000405093,0,199.4238426,2.858810185,208.030787,0.45287037,0.032310185,0.487291667,0,0,20.37962963,48.66134259,9.11275463,19.55717593,9.09362037,1.18617162,0.02344213,213.8078704,93.70842593,17.91026352,18.06574202,17.75963939,72.21359223,12.22649098,1.393619972,0.23332871,3.680166436,17.91026352,18.04008322,18.04008322,1006.976006,0,0,222.2052705,3.185298197,231.3398058,0.591955617,0.042274619,0.653398058,0,0,23.80305132,52.56033287,13.49112344,23.78224688,9.646116505,1.163846602,0.026255201,219.0249653,96.03869626,651.1108
34.713294,0.495724,1521.681489,0.170896,0.227925,0.769886,0.778755,0.722059,0.673777,0.669254,0.733052,0.88001,14.66671296,14.78703704,14.54715278,65.08449074,7.292916667,2.23537037,0.374199074,5.808703704,14.62590278,14.24604167,14.20527778,1009.283958,0.000993056,0.011736111,157.844213,2.262752315,175.0472222,0.252939815,0.018083333,0.303703704,0.020212037,0.004403704,19.2249537,43.74837963,6.445902778,18.04525463,8.36693287,1.191587431,0.019657407,227.4821759,99.41319444,14.76877315,14.91398148,14.6231713,67.87199074,7.953865741,1.965694444,0.329,5.058171296,14.74333333,14.46861111,14.44310185,1010.451759,0.000405093,0,199.4238426,2.858810185,208.030787,0.45287037,0.032310185,0.487291667,0,0,20.37962963,48.66134259,9.11275463,19.55717593,9.09362037,1.18617162,0.02344213,213.8078704,93.70842593,17.91026352,18.06574202,17.75963939,72.21359223,12.22649098,1.393619972,0.23332871,3.680166436,17.91026352,18.04008322,18.04008322,1006.976006,0,0,222.2052705,3.185298197,231.3398058,0.591955617,0.042274619,0.653398058,0,0,23.80305132,52.56033287,13.49112344,23.78224688,9.646116505,1.163846602,0.026255201,219.0249653,96.03869626,756.234
37.441843,0.469281,1401.779089,0.163521,0.199537,0.778738,0.777996,0.752939,0.707682,0.703014,0.803885,0.906589,14.66671296,14.78703704,14.54715278,65.08449074,7.292916667,2.23537037,0.374199074,5.808703704,14.62590278,14.24604167,14.20527778,1009.283958,0.000993056,0.011736111,157.844213,2.262752315,175.0472222,0.252939815,0.018083333,0.303703704,0.020212037,0.004403704,19.2249537,43.74837963,6.445902778,18.04525463,8.36693287,1.191587431,0.019657407,227.4821759,99.41319444,14.76877315,14.91398148,14.6231713,67.87199074,7.953865741,1.965694444,0.329,5.058171296,14.74333333,14.46861111,14.44310185,1010.451759,0.000405093,0,199.4238426,2.858810185,208.030787,0.45287037,0.032310185,0.487291667,0,0,20.37962963,48.66134259,9.11275463,19.55717593,9.09362037,1.18617162,0.02344213,213.8078704,93.70842593,17.91026352,18.06574202,17.75963939,72.21359223,12.22649098,1.393619972,0.23332871,3.680166436,17.91026352,18.04008322,18.04008322,1006.976006,0,0,222.2052705,3.185298197,231.3398058,0.591955617,0.042274619,0.653398058,0,0,23.80305132,52.56033287,13.49112344,23.78224688,9.646116505,1.163846602,0.026255201,219.0249653,96.03869626,658.2381
41.954518,0.481897,1430.697925,0.174949,0.207727,0.775885,0.761581,0.75595,0.670141,0.682285,0.752059,0.872365,14.66671296,14.78703704,14.54715278,65.08449074,7.292916667,2.23537037,0.374199074,5.808703704,14.62590278,14.24604167,14.20527778,1009.283958,0.000993056,0.011736111,157.844213,2.262752315,175.0472222,0.252939815,0.018083333,0.303703704,0.020212037,0.004403704,19.2249537,43.74837963,6.445902778,18.04525463,8.36693287,1.191587431,0.019657407,227.4821759,99.41319444,14.76877315,14.91398148,14.6231713,67.87199074,7.953865741,1.965694444,0.329,5.058171296,14.74333333,14.46861111,14.44310185,1010.451759,0.000405093,0,199.4238426,2.858810185,208.030787,0.45287037,0.032310185,0.487291667,0,0,20.37962963,48.66134259,9.11275463,19.55717593,9.09362037,1.18617162,0.02344213,213.8078704,93.70842593,17.91026352,18.06574202,17.75963939,72.21359223,12.22649098,1.393619972,0.23332871,3.680166436,17.91026352,18.04008322,18.04008322,1006.976006,0,0,222.2052705,3.185298197,231.3398058,0.591955617,0.042274619,0.653398058,0,0,23.80305132,52.56033287,13.49112344,23.78224688,9.646116505,1.163846602,0.026255201,219.0249653,96.03869626,688.6826
40.2927,0.501419,1309.710581,0.170908,0.216264,0.793915,0.754666,0.715768,0.678681,0.683056,0.786011,0.886741,14.66671296,14.78703704,14.54715278,65.08449074,7.292916667,2.23537037,0.374199074,5.808703704,14.62590278,14.24604167,14.20527778,1009.283958,0.000993056,0.011736111,157.844213,2.262752315,175.0472222,0.252939815,0.018083333,0.303703704,0.020212037,0.004403704,19.2249537,43.74837963,6.445902778,18.04525463,8.36693287,1.191587431,0.019657407,227.4821759,99.41319444,14.76877315,14.91398148,14.6231713,67.87199074,7.953865741,1.965694444,0.329,5.058171296,14.74333333,14.46861111,14.44310185,1010.451759,0.000405093,0,199.4238426,2.858810185,208.030787,0.45287037,0.032310185,0.487291667,0,0,20.37962963,48.66134259,9.11275463,19.55717593,9.09362037,1.18617162,0.02344213,213.8078704,93.70842593,17.91026352,18.06574202,17.75963939,72.21359223,12.22649098,1.393619972,0.23332871,3.680166436,17.91026352,18.04008322,18.04008322,1006.976006,0,0,222.2052705,3.185298197,231.3398058,0.591955617,0.042274619,0.653398058,0,0,23.80305132,52.56033287,13.49112344,23.78224688,9.646116505,1.163846602,0.026255201,219.0249653,96.03869626,655.7725
42.130194,0.513339,1187.461316,0.175431,0.234084,0.811291,0.754712,0.71717,0.699125,0.661253,0.737126,0.87024,14.66671296,14.78703704,14.54715278,65.08449074,7.292916667,2.23537037,0.374199074,5.808703704,14.62590278,14.24604167,14.20527778,1009.283958,0.000993056,0.011736111,157.844213,2.262752315,175.0472222,0.252939815,0.018083333,0.303703704,0.020212037,0.004403704,19.2249537,43.74837963,6.445902778,18.04525463,8.36693287,1.191587431,0.019657407,227.4821759,99.41319444,14.76877315,14.91398148,14.6231713,67.87199074,7.953865741,1.965694444,0.329,5.058171296,14.74333333,14.46861111,14.44310185,1010.451759,0.000405093,0,199.4238426,2.858810185,208.030787,0.45287037,0.032310185,0.487291667,0,0,20.37962963,48.66134259,9.11275463,19.55717593,9.09362037,1.18617162,0.02344213,213.8078704,93.70842593,17.91026352,18.06574202,17.75963939,72.21359223,12.22649098,1.393619972,0.23332871,3.680166436,17.91026352,18.04008322,18.04008322,1006.976006,0,0,222.2052705,3.185298197,231.3398058,0.591955617,0.042274619,0.653398058,0,0,23.80305132,52.56033287,13.49112344,23.78224688,9.646116505,1.163846602,0.026255201,219.0249653,96.03869626,608.9537
40.12088,0.485598,1390.706216,0.184588,0.229712,0.789461,0.772414,0.697332,0.662763,0.712876,0.766948,0.884683,14.66671296,14.78703704,14.54715278,65.08449074,7.292916667,2.23537037,0.374199074,5.808703704,14.62590278,14.24604167,14.20527778,1009.283958,0.000993056,0.011736111,157.844213,2.262752315,175.0472222,0.252939815,0.018083333,0.303703704,0.020212037,0.004403704,19.2249537,43.74837963,6.445902778,18.04525463,8.36693287,1.191587431,0.019657407,227.4821759,99.41319444,14.76877315,14.91398148,14.6231713,67.87199074,7.953865741,1.965694444,0.329,5.058171296,14.74333333,14.46861111,14.44310185,1010.451759,0.000405093,0,199.4238426,2.858810185,208.030787,0.45287037,0.032310185,0.487291667,0,0,20.37962963,48.66134259,9.11275463,19.55717593,9.09362037,1.18617162,0.02344213,213.8078704,93.70842593,17.91026352,18.06574202,17.75963939,72.21359223,12.22649098,1.393619972,0.23332871,3.680166436,17.91026352,18.04008322,18.04008322,1006.976006,0,0,222.2052705,3.185298197,231.3398058,0.591955617,0.042274619,0.653398058,0,0,23.80305132,52.56033287,13.49112344,23.78224688,9.646116505,1.163846602,0.026255201,219.0249653,96.03869626,676.7084
31.001699,0.432502,1162.975882,0.182034,0.217572,0.821089,0.750493,0.732297,0.66926,0.711055,0.807173,0.889896,14.66671296,14.78703704,14.54715278,65.08449074,7.292916667,2.23537037,0.374199074,5.808703704,14.62590278,14.24604167,14.20527778,1009.283958,0.000993056,0.011736111,157.844213,2.262752315,175.0472222,0.252939815,0.018083333,0.303703704,0.020212037,0.004403704,19.2249537,43.74837963,6.445902778,18.04525463,8.36693287,1.191587431,0.019657407,227.4821759,99.41319444,14.76877315,14.91398148,14.6231713,67.87199074,7.953865741,1.965694444,0.329,5.058171296,14.74333333,14.46861111,14.44310185,1010.451759,0.000405093,0,199.4238426,2.858810185,208.030787,0.45287037,0.032310185,0.487291667,0,0,20.37962963,48.66134259,9.11275463,19.55717593,9.09362037,1.18617162,0.02344213,213.8078704,93.70842593,17.91026352,18.06574202,17.75963939,72.21359223,12.22649098,1.393619972,0.23332871,3.680166436,17.91026352,18.04008322,18.04008322,1006.976006,0,0,222.2052705,3.185298197,231.3398058,0.591955617,0.042274619,0.653398058,0,0,23.80305132,52.56033287,13.49112344,23.78224688,9.646116505,1.163846602,0.026255201,219.0249653,96.03869626,503.3837
36.367301,0.500949,1043.1386,0.165057,0.187155,0.747326,0.761064,0.686122,0.654496,0.60969,0.725235,0.878587,14.66671296,14.78703704,14.54715278,65.08449074,7.292916667,2.23537037,0.374199074,5.808703704,14.62590278,14.24604167,14.20527778,1009.283958,0.000993056,0.011736111,157.844213,2.262752315,175.0472222,0.252939815,0.018083333,0.303703704,0.020212037,0.004403704,19.2249537,43.74837963,6.445902778,18.04525463,8.36693287,1.191587431,0.019657407,227.4821759,99.41319444,14.76877315,14.91398148,14.6231713,67.87199074,7.953865741,1.965694444,0.329,5.058171296,14.74333333,14.46861111,14.44310185,1010.451759,0.000405093,0,199.4238426,2.858810185,208.030787,0.45287037,0.032310185,0.487291667,0,0,20.37962963,48.66134259,9.11275463,19.55717593,9.09362037,1.18617162,0.02344213,213.8078704,93.70842593,17.91026352,18.06574202,17.75963939,72.21359223,12.22649098,1.393619972,0.23332871,3.680166436,17.91026352,18.04008322,18.04008322,1006.976006,0,0,222.2052705,3.185298197,231.3398058,0.591955617,0.042274619,0.653398058,0,0,23.80305132,52.56033287,13.49112344,23.78224688,9.646116505,1.163846602,0.026255201,219.0249653,96.03869626,522.596
33.567735,0.451649,1284.031196,0.169365,0.189609,0.756994,0.772157,0.775311,0.706046,0.603331,0.741127,0.869854,14.66671296,14.78703704,14.54715278,65.08449074,7.292916667,2.23537037,0.374199074,5.808703704,14.62590278,14.24604167,14.20527778,1009.283958,0.000993056,0.011736111,157.844213,2.262752315,175.0472222,0.252939815,0.018083333,0.303703704,0.020212037,0.004403704,19.2249537,43.74837963,6.445902778,18.04525463,8.36693287,1.191587431,0.019657407,227.4821759,99.41319444,14.76877315,14.91398148,14.6231713,67.87199074,7.953865741,1.965694444,0.329,5.058171296,14.74333333,14.46861111,14.44310185,1010.451759,0.000405093,0,199.4238426,2.858810185,208.030787,0.45287037,0.032310185,0.487291667,0,0,20.37962963,48.66134259,9.11275463,19.55717593,9.09362037,1.18617162,0.02344213,213.8078704,93.70842593,17.91026352,18.06574202,17.75963939,72.21359223,12.22649098,1.393619972,0.23332871,3.680166436,17.91026352,18.04008322,18.04008322,1006.976006,0,0,222.2052705,3.185298197,231.3398058,0.591955617,0.042274619,0.653398058,0,0,23.80305132,52.56033287,13.49112344,23.78224688,9.646116505,1.163846602,0.026255201,219.0249653,96.03869626,579.9627
39.510309,0.491411,1070.537133,0.179526,0.203106,0.786373,0.7163,0.655666,0.673484,0.585778,0.706111,0.83882,14.66671296,14.78703704,14.54715278,65.08449074,7.292916667,2.23537037,0.374199074,5.808703704,14.62590278,14.24604167,14.20527778,1009.283958,0.000993056,0.011736111,157.844213,2.262752315,175.0472222,0.252939815,0.018083333,0.303703704,0.020212037,0.004403704,19.2249537,43.74837963,6.445902778,18.04525463,8.36693287,1.191587431,0.019657407,227.4821759,99.41319444,14.76877315,14.91398148,14.6231713,67.87199074,7.953865741,1.965694444,0.329,5.058171296,14.74333333,14.46861111,14.44310185,1010.451759,0.000405093,0,199.4238426,2.858810185,208.030787,0.45287037,0.032310185,0.487291667,0,0,20.37962963,48.66134259,9.11275463,19.55717593,9.09362037,1.18617162,0.02344213,213.8078704,93.70842593,17.91026352,18.06574202,17.75963939,72.21359223,12.22649098,1.393619972,0.23332871,3.680166436,17.91026352,18.04008322,18.04008322,1006.976006,0,0,222.2052705,3.185298197,231.3398058,0.591955617,0.042274619,0.653398058,0,0,23.80305132,52.56033287,13.49112344,23.78224688,9.646116505,1.163846602,0.026255201,219.0249653,96.03869626,527.464
40.118639,0.475375,1321.355515,0.165201,0.177164,0.757327,0.808954,0.725413,0.639026,0.648882,0.753372,0.891865,14.66671296,14.78703704,14.54715278,65.08449074,7.292916667,2.23537037,0.374199074,5.808703704,14.62590278,14.24604167,14.20527778,1009.283958,0.000993056,0.011736111,157.844213,2.262752315,175.0472222,0.252939815,0.018083333,0.303703704,0.020212037,0.004403704,19.2249537,43.74837963,6.445902778,18.04525463,8.36693287,1.191587431,0.019657407,227.4821759,99.41319444,14.76877315,14.91398148,14.6231713,67.87199074,7.953865741,1.965694444,0.329,5.058171296,14.74333333,14.46861111,14.44310185,1010.451759,0.000405093,0,199.4238426,2.858810185,208.030787,0.45287037,0.032310185,0.487291667,0,0,20.37962963,48.66134259,9.11275463,19.55717593,9.09362037,1.18617162,0.02344213,213.8078704,93.70842593,17.91026352,18.06574202,17.75963939,72.21359223,12.22649098,1.393619972,0.23332871,3.680166436,17.91026352,18.04008322,18.04008322,1006.976006,0,0,222.2052705,3.185298197,231.3398058,0.591955617,0.042274619,0.653398058,0,0,23.80305132,52.56033287,13.49112344,23.78224688,9.646116505,1.163846602,0.026255201,219.0249653,96.03869626,625.3463
41.413337,0.452638,1197.868205,0.176588,0.197029,0.705835,0.737465,0.653926,0.660983,0.573765,0.675189,0.867504,14.66671296,14.78703704,14.54715278,65.08449074,7.292916667,2.23537037,0.374199074,5.808703704,14.62590278,14.24604167,14.20527778,1009.283958,0.000993056,0.011736111,157.844213,2.262752315,175.0472222,0.252939815,0.018083333,0.303703704,0.020212037,0.004403704,19.2249537,43.74837963,6.445902778,18.04525463,8.36693287,1.191587431,0.019657407,227.4821759,99.41319444,14.76877315,14.91398148,14.6231713,67.87199074,7.953865741,1.965694444,0.329,5.058171296,14.74333333,14.46861111,14.44310185,1010.451759,0.000405093,0,199.4238426,2.858810185,208.030787,0.45287037,0.032310185,0.487291667,0,0,20.37962963,48.66134259,9.11275463,19.55717593,9.09362037,1.18617162,0.02344213,213.8078704,93.70842593,17.91026352,18.06574202,17.75963939,72.21359223,12.22649098,1.393619972,0.23332871,3.680166436,17.91026352,18.04008322,18.04008322,1006.976006,0,0,222.2052705,3.185298197,231.3398058,0.591955617,0.042274619,0.653398058,0,0,23.80305132,52.56033287,13.49112344,23.78224688,9.646116505,1.163846602,0.026255201,219.0249653,96.03869626,543.1588
44.529348,0.489618,1388.675146,0.169179,0.215553,0.793415,0.721739,0.68965,0.641815,0.696268,0.778809,0.88487,14.66671296,14.78703704,14.54715278,65.08449074,7.292916667,2.23537037,0.374199074,5.808703704,14.62590278,14.24604167,14.20527778,1009.283958,0.000993056,0.011736111,157.844213,2.262752315,175.0472222,0.252939815,0.018083333,0.303703704,0.020212037,0.004403704,19.2249537,43.74837963,6.445902778,18.04525463,8.36693287,1.191587431,0.019657407,227.4821759,99.41319444,14.76877315,14.91398148,14.6231713,67.87199074,7.953865741,1.965694444,0.329,5.058171296,14.74333333,14.46861111,14.44310185,1010.451759,0.000405093,0,199.4238426,2.858810185,208.030787,0.45287037,0.032310185,0.487291667,0,0,20.37962963,48.66134259,9.11275463,19.55717593,9.09362037,1.18617162,0.02344213,213.8078704,93.70842593,17.91026352,18.06574202,17.75963939,72.21359223,12.22649098,1.393619972,0.23332871,3.680166436,17.91026352,18.04008322,18.04008322,1006.976006,0,0,222.2052705,3.185298197,231.3398058,0.591955617,0.042274619,0.653398058,0,0,23.80305132,52.56033287,13.49112344,23.78224688,9.646116505,1.163846602,0.026255201,219.0249653,96.03869626,679.76
43.683875,0.462092,1272.647911,0.171805,0.209083,0.786998,0.768541,0.760268,0.67109,0.698237,0.785228,0.891384,14.66671296,14.78703704,14.54715278,65.08449074,7.292916667,2.23537037,0.374199074,5.808703704,14.62590278,14.24604167,14.20527778,1009.283958,0.000993056,0.011736111,157.844213,2.262752315,175.0472222,0.252939815,0.018083333,0.303703704,0.020212037,0.004403704,19.2249537,43.74837963,6.445902778,18.04525463,8.36693287,1.191587431,0.019657407,227.4821759,99.41319444,14.76877315,14.91398148,14.6231713,67.87199074,7.953865741,1.965694444,0.329,5.058171296,14.74333333,14.46861111,14.44310185,1010.451759,0.000405093,0,199.4238426,2.858810185,208.030787,0.45287037,0.032310185,0.487291667,0,0,20.37962963,48.66134259,9.11275463,19.55717593,9.09362037,1.18617162,0.02344213,213.8078704,93.70842593,17.91026352,18.06574202,17.75963939,72.21359223,12.22649098,1.393619972,0.23332871,3.680166436,17.91026352,18.04008322,18.04008322,1006.976006,0,0,222.2052705,3.185298197,231.3398058,0.591955617,0.042274619,0.653398058,0,0,23.80305132,52.56033287,13.49112344,23.78224688,9.646116505,1.163846602,0.026255201,219.0249653,96.03869626,587.3306
41.384579,0.525131,1295.766864,0.167896,0.191105,0.778082,0.780261,0.746855,0.656607,0.637036,0.726052,0.874428,14.66671296,14.78703704,14.54715278,65.08449074,7.292916667,2.23537037,0.374199074,5.808703704,14.62590278,14.24604167,14.20527778,1009.283958,0.000993056,0.011736111,157.844213,2.262752315,175.0472222,0.252939815,0.018083333,0.303703704,0.020212037,0.004403704,19.2249537,43.74837963,6.445902778,18.04525463,8.36693287,1.191587431,0.019657407,227.4821759,99.41319444,14.76877315,14.91398148,14.6231713,67.87199074,7.953865741,1.965694444,0.329,5.058171296,14.74333333,14.46861111,14.44310185,1010.451759,0.000405093,0,199.4238426,2.858810185,208.030787,0.45287037,0.032310185,0.487291667,0,0,20.37962963,48.66134259,9.11275463,19.55717593,9.09362037,1.18617162,0.02344213,213.8078704,93.70842593,17.91026352,18.06574202,17.75963939,72.21359223,12.22649098,1.393619972,0.23332871,3.680166436,17.91026352,18.04008322,18.04008322,1006.976006,0,0,222.2052705,3.185298197,231.3398058,0.591955617,0.042274619,0.653398058,0,0,23.80305132,52.56033287,13.49112344,23.78224688,9.646116505,1.163846602,0.026255201,219.0249653,96.03869626,679.5963
37.660309,0.481911,1276.977133,0.166026,0.188606,0.763373,0.7933,0.683666,0.680484,0.567778,0.666611,0.84282,14.66671296,14.78703704,14.54715278,65.08449074,7.292916667,2.23537037,0.374199074,5.808703704,14.62590278,14.24604167,14.20527778,1009.283958,0.000993056,0.011736111,157.844213,2.262752315,175.0472222,0.252939815,0.018083333,0.303703704,0.020212037,0.004403704,19.2249537,43.74837963,6.445902778,18.04525463,8.36693287,1.191587431,0.019657407,227.4821759,99.41319444,14.76877315,14.91398148,14.6231713,67.87199074,7.953865741,1.965694444,0.329,5.058171296,14.74333333,14.46861111,14.44310185,1010.451759,0.000405093,0,199.4238426,2.858810185,208.030787,0.45287037,0.032310185,0.487291667,0,0,20.37962963,48.66134259,9.11275463,19.55717593,9.09362037,1.18617162,0.02344213,213.8078704,93.70842593,17.91026352,18.06574202,17.75963939,72.21359223,12.22649098,1.393619972,0.23332871,3.680166436,17.91026352,18.04008322,18.04008322,1006.976006,0,0,222.2052705,3.185298197,231.3398058,0.591955617,0.042274619,0.653398058,0,0,23.80305132,52.56033287,13.49112344,23.78224688,9.646116505,1.163846602,0.026255201,219.0249653,96.03869626,616.829
44.221714,0.487267,1359.753196,0.166031,0.190796,0.770297,0.76954,0.711124,0.718765,0.616202,0.74094,0.885136,14.66671296,14.78703704,14.54715278,65.08449074,7.292916667,2.23537037,0.374199074,5.808703704,14.62590278,14.24604167,14.20527778,1009.283958,0.000993056,0.011736111,157.844213,2.262752315,175.0472222,0.252939815,0.018083333,0.303703704,0.020212037,0.004403704,19.2249537,43.74837963,6.445902778,18.04525463,8.36693287,1.191587431,0.019657407,227.4821759,99.41319444,14.76877315,14.91398148,14.6231713,67.87199074,7.953865741,1.965694444,0.329,5.058171296,14.74333333,14.46861111,14.44310185,1010.451759,0.000405093,0,199.4238426,2.858810185,208.030787,0.45287037,0.032310185,0.487291667,0,0,20.37962963,48.66134259,9.11275463,19.55717593,9.09362037,1.18617162,0.02344213,213.8078704,93.70842593,17.91026352,18.06574202,17.75963939,72.21359223,12.22649098,1.393619972,0.23332871,3.680166436,17.91026352,18.04008322,18.04008322,1006.976006,0,0,222.2052705,3.185298197,231.3398058,0.591955617,0.042274619,0.653398058,0,0,23.80305132,52.56033287,13.49112344,23.78224688,9.646116505,1.163846602,0.026255201,219.0249653,96.03869626,663.1216
35.014127,0.439411,1253.493577,0.179451,0.220659,0.81429,0.780347,0.697209,0.690047,0.715163,0.79903,0.886267,14.66671296,14.78703704,14.54715278,65.08449074,7.292916667,2.23537037,0.374199074,5.808703704,14.62590278,14.24604167,14.20527778,1009.283958,0.000993056,0.011736111,157.844213,2.262752315,175.0472222,0.252939815,0.018083333,0.303703704,0.020212037,0.004403704,19.2249537,43.74837963,6.445902778,18.04525463,8.36693287,1.191587431,0.019657407,227.4821759,99.41319444,14.76877315,14.91398148,14.6231713,67.87199074,7.953865741,1.965694444,0.329,5.058171296,14.74333333,14.46861111,14.44310185,1010.451759,0.000405093,0,199.4238426,2.858810185,208.030787,0.45287037,0.032310185,0.487291667,0,0,20.37962963,48.66134259,9.11275463,19.55717593,9.09362037,1.18617162,0.02344213,213.8078704,93.70842593,17.91026352,18.06574202,17.75963939,72.21359223,12.22649098,1.393619972,0.23332871,3.680166436,17.91026352,18.04008322,18.04008322,1006.976006,0,0,222.2052705,3.185298197,231.3398058,0.591955617,0.042274619,0.653398058,0,0,23.80305132,52.56033287,13.49112344,23.78224688,9.646116505,1.163846602,0.026255201,219.0249653,96.03869626,550.7822
38.398101,0.463074,1301.769603,0.15525,0.172845,0.741769,0.78929,0.688615,0.684636,0.616465,0.726478,0.865826,14.66671296,14.78703704,14.54715278,65.08449074,7.292916667,2.23537037,0.374199074,5.808703704,14.62590278,14.24604167,14.20527778,1009.283958,0.000993056,0.011736111,157.844213,2.262752315,175.0472222,0.252939815,0.018083333,0.303703704,0.020212037,0.004403704,19.2249537,43.74837963,6.445902778,18.04525463,8.36693287,1.191587431,0.019657407,227.4821759,99.41319444,14.76877315,14.91398148,14.6231713,67.87199074,7.953865741,1.965694444,0.329,5.058171296,14.74333333,14.46861111,14.44310185,1010.451759,0.000405093,0,199.4238426,2.858810185,208.030787,0.45287037,0.032310185,0.487291667,0,0,20.37962963,48.66134259,9.11275463,19.55717593,9.09362037,1.18617162,0.02344213,213.8078704,93.70842593,17.91026352,18.06574202,17.75963939,72.21359223,12.22649098,1.393619972,0.23332871,3.680166436,17.91026352,18.04008322,18.04008322,1006.976006,0,0,222.2052705,3.185298197,231.3398058,0.591955617,0.042274619,0.653398058,0,0,23.80305132,52.56033287,13.49112344,23.78224688,9.646116505,1.163846602,0.026255201,219.0249653,96.03869626,602.5863
43.433705,0.413283,1348.859691,0.182587,0.209596,0.802849,0.808444,0.738092,0.725525,0.647753,0.740888,0.88429,14.66671296,14.78703704,14.54715278,65.08449074,7.292916667,2.23537037,0.374199074,5.808703704,14.62590278,14.24604167,14.20527778,1009.283958,0.000993056,0.011736111,157.844213,2.262752315,175.0472222,0.252939815,0.018083333,0.303703704,0.020212037,0.004403704,19.2249537,43.74837963,6.445902778,18.04525463,8.36693287,1.191587431,0.019657407,227.4821759,99.41319444,14.76877315,14.91398148,14.6231713,67.87199074,7.953865741,1.965694444,0.329,5.058171296,14.74333333,14.46861111,14.44310185,1010.451759,0.000405093,0,199.4238426,2.858810185,208.030787,0.45287037,0.032310185,0.487291667,0,0,20.37962963,48.66134259,9.11275463,19.55717593,9.09362037,1.18617162,0.02344213,213.8078704,93.70842593,17.91026352,18.06574202,17.75963939,72.21359223,12.22649098,1.393619972,0.23332871,3.680166436,17.91026352,18.04008322,18.04008322,1006.976006,0,0,222.2052705,3.185298197,231.3398058,0.591955617,0.042274619,0.653398058,0,0,23.80305132,52.56033287,13.49112344,23.78224688,9.646116505,1.163846602,0.026255201,219.0249653,96.03869626,557.3696
39.066802,0.471838,1462.190696,0.172818,0.21285,0.822397,0.773205,0.752939,0.697512,0.718076,0.802347,0.887592,14.66671296,14.78703704,14.54715278,65.08449074,7.292916667,2.23537037,0.374199074,5.808703704,14.62590278,14.24604167,14.20527778,1009.283958,0.000993056,0.011736111,157.844213,2.262752315,175.0472222,0.252939815,0.018083333,0.303703704,0.020212037,0.004403704,19.2249537,43.74837963,6.445902778,18.04525463,8.36693287,1.191587431,0.019657407,227.4821759,99.41319444,14.76877315,14.91398148,14.6231713,67.87199074,7.953865741,1.965694444,0.329,5.058171296,14.74333333,14.46861111,14.44310185,1010.451759,0.000405093,0,199.4238426,2.858810185,208.030787,0.45287037,0.032310185,0.487291667,0,0,20.37962963,48.66134259,9.11275463,19.55717593,9.09362037,1.18617162,0.02344213,213.8078704,93.70842593,17.91026352,18.06574202,17.75963939,72.21359223,12.22649098,1.393619972,0.23332871,3.680166436,17.91026352,18.04008322,18.04008322,1006.976006,0,0,222.2052705,3.185298197,231.3398058,0.591955617,0.042274619,0.653398058,0,0,23.80305132,52.56033287,13.49112344,23.78224688,9.646116505,1.163846602,0.026255201,219.0249653,96.03869626,691.2023
37.32293,0.504001,1541.771793,0.172559,0.198797,0.78205,0.769238,0.733856,0.655646,0.727232,0.770275,0.892411,14.66671296,14.78703704,14.54715278,65.08449074,7.292916667,2.23537037,0.374199074,5.808703704,14.62590278,14.24604167,14.20527778,1009.283958,0.000993056,0.011736111,157.844213,2.262752315,175.0472222,0.252939815,0.018083333,0.303703704,0.020212037,0.004403704,19.2249537,43.74837963,6.445902778,18.04525463,8.36693287,1.191587431,0.019657407,227.4821759,99.41319444,14.76877315,14.91398148,14.6231713,67.87199074,7.953865741,1.965694444,0.329,5.058171296,14.74333333,14.46861111,14.44310185,1010.451759,0.000405093,0,199.4238426,2.858810185,208.030787,0.45287037,0.032310185,0.487291667,0,0,20.37962963,48.66134259,9.11275463,19.55717593,9.09362037,1.18617162,0.02344213,213.8078704,93.70842593,17.91026352,18.06574202,17.75963939,72.21359223,12.22649098,1.393619972,0.23332871,3.680166436,17.91026352,18.04008322,18.04008322,1006.976006,0,0,222.2052705,3.185298197,231.3398058,0.591955617,0.042274619,0.653398058,0,0,23.80305132,52.56033287,13.49112344,23.78224688,9.646116505,1.163846602,0.026255201,219.0249653,96.03869626,770.1079
32.975,0.431,1262.155,0.17,0.1865,0.7745,0.7925,0.743,0.742,0.6345,0.756,0.895,14.66671296,14.78703704,14.54715278,65.08449074,7.292916667,2.23537037,0.374199074,5.808703704,14.62590278,14.24604167,14.20527778,1009.283958,0.000993056,0.011736111,157.844213,2.262752315,175.0472222,0.252939815,0.018083333,0.303703704,0.020212037,0.004403704,19.2249537,43.74837963,6.445902778,18.04525463,8.36693287,1.191587431,0.019657407,227.4821759,99.41319444,14.76877315,14.91398148,14.6231713,67.87199074,7.953865741,1.965694444,0.329,5.058171296,14.74333333,14.46861111,14.44310185,1010.451759,0.000405093,0,199.4238426,2.858810185,208.030787,0.45287037,0.032310185,0.487291667,0,0,20.37962963,48.66134259,9.11275463,19.55717593,9.09362037,1.18617162,0.02344213,213.8078704,93.70842593,17.91026352,18.06574202,17.75963939,72.21359223,12.22649098,1.393619972,0.23332871,3.680166436,17.91026352,18.04008322,18.04008322,1006.976006,0,0,222.2052705,3.185298197,231.3398058,0.591955617,0.042274619,0.653398058,0,0,23.80305132,52.56033287,13.49112344,23.78224688,9.646116505,1.163846602,0.026255201,219.0249653,96.03869626,545.02
41.619147,0.456135,1362.351782,0.185018,0.22182,0.823681,0.797885,0.743525,0.683249,0.730103,0.807266,0.885664,14.66671296,14.78703704,14.54715278,65.08449074,7.292916667,2.23537037,0.374199074,5.808703704,14.62590278,14.24604167,14.20527778,1009.283958,0.000993056,0.011736111,157.844213,2.262752315,175.0472222,0.252939815,0.018083333,0.303703704,0.020212037,0.004403704,19.2249537,43.74837963,6.445902778,18.04525463,8.36693287,1.191587431,0.019657407,227.4821759,99.41319444,14.76877315,14.91398148,14.6231713,67.87199074,7.953865741,1.965694444,0.329,5.058171296,14.74333333,14.46861111,14.44310185,1010.451759,0.000405093,0,199.4238426,2.858810185,208.030787,0.45287037,0.032310185,0.487291667,0,0,20.37962963,48.66134259,9.11275463,19.55717593,9.09362037,1.18617162,0.02344213,213.8078704,93.70842593,17.91026352,18.06574202,17.75963939,72.21359223,12.22649098,1.393619972,0.23332871,3.680166436,17.91026352,18.04008322,18.04008322,1006.976006,0,0,222.2052705,3.185298197,231.3398058,0.591955617,0.042274619,0.653398058,0,0,23.80305132,52.56033287,13.49112344,23.78224688,9.646116505,1.163846602,0.026255201,219.0249653,96.03869626,622.3372
40.860559,0.428358,1486.356057,0.161906,0.169145,0.773748,0.79031,0.739195,0.720382,0.595607,0.723484,0.888712,14.66671296,14.78703704,14.54715278,65.08449074,7.292916667,2.23537037,0.374199074,5.808703704,14.62590278,14.24604167,14.20527778,1009.283958,0.000993056,0.011736111,157.844213,2.262752315,175.0472222,0.252939815,0.018083333,0.303703704,0.020212037,0.004403704,19.2249537,43.74837963,6.445902778,18.04525463,8.36693287,1.191587431,0.019657407,227.4821759,99.41319444,14.76877315,14.91398148,14.6231713,67.87199074,7.953865741,1.965694444,0.329,5.058171296,14.74333333,14.46861111,14.44310185,1010.451759,0.000405093,0,199.4238426,2.858810185,208.030787,0.45287037,0.032310185,0.487291667,0,0,20.37962963,48.66134259,9.11275463,19.55717593,9.09362037,1.18617162,0.02344213,213.8078704,93.70842593,17.91026352,18.06574202,17.75963939,72.21359223,12.22649098,1.393619972,0.23332871,3.680166436,17.91026352,18.04008322,18.04008322,1006.976006,0,0,222.2052705,3.185298197,231.3398058,0.591955617,0.042274619,0.653398058,0,0,23.80305132,52.56033287,13.49112344,23.78224688,9.646116505,1.163846602,0.026255201,219.0249653,96.03869626,638.4563
37.73937,0.466114,1512.60612,0.168151,0.19313,0.793506,0.792938,0.759005,0.701398,0.646756,0.757884,0.876877,14.66671296,14.78703704,14.54715278,65.08449074,7.292916667,2.23537037,0.374199074,5.808703704,14.62590278,14.24604167,14.20527778,1009.283958,0.000993056,0.011736111,157.844213,2.262752315,175.0472222,0.252939815,0.018083333,0.303703704,0.020212037,0.004403704,19.2249537,43.74837963,6.445902778,18.04525463,8.36693287,1.191587431,0.019657407,227.4821759,99.41319444,14.76877315,14.91398148,14.6231713,67.87199074,7.953865741,1.965694444,0.329,5.058171296,14.74333333,14.46861111,14.44310185,1010.451759,0.000405093,0,199.4238426,2.858810185,208.030787,0.45287037,0.032310185,0.487291667,0,0,20.37962963,48.66134259,9.11275463,19.55717593,9.09362037,1.18617162,0.02344213,213.8078704,93.70842593,17.91026352,18.06574202,17.75963939,72.21359223,12.22649098,1.393619972,0.23332871,3.680166436,17.91026352,18.04008322,18.04008322,1006.976006,0,0,222.2052705,3.185298197,231.3398058,0.591955617,0.042274619,0.653398058,0,0,23.80305132,52.56033287,13.49112344,23.78224688,9.646116505,1.163846602,0.026255201,219.0249653,96.03869626,705.1688
41.75052,0.482049,1385.528832,0.163373,0.204084,0.785672,0.782374,0.695405,0.630496,0.710936,0.801469,0.889002,14.66671296,14.78703704,14.54715278,65.08449074,7.292916667,2.23537037,0.374199074,5.808703704,14.62590278,14.24604167,14.20527778,1009.283958,0.000993056,0.011736111,157.844213,2.262752315,175.0472222,0.252939815,0.018083333,0.303703704,0.020212037,0.004403704,19.2249537,43.74837963,6.445902778,18.04525463,8.36693287,1.191587431,0.019657407,227.4821759,99.41319444,14.76877315,14.91398148,14.6231713,67.87199074,7.953865741,1.965694444,0.329,5.058171296,14.74333333,14.46861111,14.44310185,1010.451759,0.000405093,0,199.4238426,2.858810185,208.030787,0.45287037,0.032310185,0.487291667,0,0,20.37962963,48.66134259,9.11275463,19.55717593,9.09362037,1.18617162,0.02344213,213.8078704,93.70842593,17.91026352,18.06574202,17.75963939,72.21359223,12.22649098,1.393619972,0.23332871,3.680166436,17.91026352,18.04008322,18.04008322,1006.976006,0,0,222.2052705,3.185298197,231.3398058,0.591955617,0.042274619,0.653398058,0,0,23.80305132,52.56033287,13.49112344,23.78224688,9.646116505,1.163846602,0.026255201,219.0249653,96.03869626,668.8574
49.15483,0.483366,1397.140793,0.179353,0.196649,0.782183,0.760952,0.713712,0.636479,0.666766,0.77618,0.884528,14.66671296,14.78703704,14.54715278,65.08449074,7.292916667,2.23537037,0.374199074,5.808703704,14.62590278,14.24604167,14.20527778,1009.283958,0.000993056,0.011736111,157.844213,2.262752315,175.0472222,0.252939815,0.018083333,0.303703704,0.020212037,0.004403704,19.2249537,43.74837963,6.445902778,18.04525463,8.36693287,1.191587431,0.019657407,227.4821759,99.41319444,14.76877315,14.91398148,14.6231713,67.87199074,7.953865741,1.965694444,0.329,5.058171296,14.74333333,14.46861111,14.44310185,1010.451759,0.000405093,0,199.4238426,2.858810185,208.030787,0.45287037,0.032310185,0.487291667,0,0,20.37962963,48.66134259,9.11275463,19.55717593,9.09362037,1.18617162,0.02344213,213.8078704,93.70842593,17.91026352,18.06574202,17.75963939,72.21359223,12.22649098,1.393619972,0.23332871,3.680166436,17.91026352,18.04008322,18.04008322,1006.976006,0,0,222.2052705,3.185298197,231.3398058,0.591955617,0.042274619,0.653398058,0,0,23.80305132,52.56033287,13.49112344,23.78224688,9.646116505,1.163846602,0.026255201,219.0249653,96.03869626,675.5781
46.567735,0.506649,1294.746196,0.184365,0.198109,0.791994,0.738157,0.708311,0.644546,0.689331,0.781627,0.888354,14.66671296,14.78703704,14.54715278,65.08449074,7.292916667,2.23537037,0.374199074,5.808703704,14.62590278,14.24604167,14.20527778,1009.283958,0.000993056,0.011736111,157.844213,2.262752315,175.0472222,0.252939815,0.018083333,0.303703704,0.020212037,0.004403704,19.2249537,43.74837963,6.445902778,18.04525463,8.36693287,1.191587431,0.019657407,227.4821759,99.41319444,14.76877315,14.91398148,14.6231713,67.87199074,7.953865741,1.965694444,0.329,5.058171296,14.74333333,14.46861111,14.44310185,1010.451759,0.000405093,0,199.4238426,2.858810185,208.030787,0.45287037,0.032310185,0.487291667,0,0,20.37962963,48.66134259,9.11275463,19.55717593,9.09362037,1.18617162,0.02344213,213.8078704,93.70842593,17.91026352,18.06574202,17.75963939,72.21359223,12.22649098,1.393619972,0.23332871,3.680166436,17.91026352,18.04008322,18.04008322,1006.976006,0,0,222.2052705,3.185298197,231.3398058,0.591955617,0.042274619,0.653398058,0,0,23.80305132,52.56033287,13.49112344,23.78224688,9.646116505,1.163846602,0.026255201,219.0249653,96.03869626,655.3627
42.061591,0.477841,1485.972322,0.170563,0.194516,0.783365,0.765855,0.733616,0.665397,0.688168,0.79538,0.890351,14.66671296,14.78703704,14.54715278,65.08449074,7.292916667,2.23537037,0.374199074,5.808703704,14.62590278,14.24604167,14.20527778,1009.283958,0.000993056,0.011736111,157.844213,2.262752315,175.0472222,0.252939815,0.018083333,0.303703704,0.020212037,0.004403704,19.2249537,43.74837963,6.445902778,18.04525463,8.36693287,1.191587431,0.019657407,227.4821759,99.41319444,14.76877315,14.91398148,14.6231713,67.87199074,7.953865741,1.965694444,0.329,5.058171296,14.74333333,14.46861111,14.44310185,1010.451759,0.000405093,0,199.4238426,2.858810185,208.030787,0.45287037,0.032310185,0.487291667,0,0,20.37962963,48.66134259,9.11275463,19.55717593,9.09362037,1.18617162,0.02344213,213.8078704,93.70842593,17.91026352,18.06574202,17.75963939,72.21359223,12.22649098,1.393619972,0.23332871,3.680166436,17.91026352,18.04008322,18.04008322,1006.976006,0,0,222.2052705,3.185298197,231.3398058,0.591955617,0.042274619,0.653398058,0,0,23.80305132,52.56033287,13.49112344,23.78224688,9.646116505,1.163846602,0.026255201,219.0249653,96.03869626,709.6073
34.899644,0.470804,1409.612721,0.178994,0.210823,0.788961,0.795756,0.742101,0.687855,0.713359,0.764598,0.888922,14.66671296,14.78703704,14.54715278,65.08449074,7.292916667,2.23537037,0.374199074,5.808703704,14.62590278,14.24604167,14.20527778,1009.283958,0.000993056,0.011736111,157.844213,2.262752315,175.0472222,0.252939815,0.018083333,0.303703704,0.020212037,0.004403704,19.2249537,43.74837963,6.445902778,18.04525463,8.36693287,1.191587431,0.019657407,227.4821759,99.41319444,14.76877315,14.91398148,14.6231713,67.87199074,7.953865741,1.965694444,0.329,5.058171296,14.74333333,14.46861111,14.44310185,1010.451759,0.000405093,0,199.4238426,2.858810185,208.030787,0.45287037,0.032310185,0.487291667,0,0,20.37962963,48.66134259,9.11275463,19.55717593,9.09362037,1.18617162,0.02344213,213.8078704,93.70842593,17.91026352,18.06574202,17.75963939,72.21359223,12.22649098,1.393619972,0.23332871,3.680166436,17.91026352,18.04008322,18.04008322,1006.976006,0,0,222.2052705,3.185298197,231.3398058,0.591955617,0.042274619,0.653398058,0,0,23.80305132,52.56033287,13.49112344,23.78224688,9.646116505,1.163846602,0.026255201,219.0249653,96.03869626,664.4599
40.187016,0.452618,1443.620098,0.187595,0.21213,0.789468,0.796592,0.736598,0.687606,0.629132,0.739144,0.87151,14.66671296,14.78703704,14.54715278,65.08449074,7.292916667,2.23537037,0.374199074,5.808703704,14.62590278,14.24604167,14.20527778,1009.283958,0.000993056,0.011736111,157.844213,2.262752315,175.0472222,0.252939815,0.018083333,0.303703704,0.020212037,0.004403704,19.2249537,43.74837963,6.445902778,18.04525463,8.36693287,1.191587431,0.019657407,227.4821759,99.41319444,14.76877315,14.91398148,14.6231713,67.87199074,7.953865741,1.965694444,0.329,5.058171296,14.74333333,14.46861111,14.44310185,1010.451759,0.000405093,0,199.4238426,2.858810185,208.030787,0.45287037,0.032310185,0.487291667,0,0,20.37962963,48.66134259,9.11275463,19.55717593,9.09362037,1.18617162,0.02344213,213.8078704,93.70842593,17.91026352,18.06574202,17.75963939,72.21359223,12.22649098,1.393619972,0.23332871,3.680166436,17.91026352,18.04008322,18.04008322,1006.976006,0,0,222.2052705,3.185298197,231.3398058,0.591955617,0.042274619,0.653398058,0,0,23.80305132,52.56033287,13.49112344,23.78224688,9.646116505,1.163846602,0.026255201,219.0249653,96.03869626,654.2499
52.127933,0.436404,1076.39768,0.172102,0.191826,0.770718,0.660003,0.624767,0.550281,0.639733,0.742789,0.86516,14.66671296,14.78703704,14.54715278,65.08449074,7.292916667,2.23537037,0.374199074,5.808703704,14.62590278,14.24604167,14.20527778,1009.283958,0.000993056,0.011736111,157.844213,2.262752315,175.0472222,0.252939815,0.018083333,0.303703704,0.020212037,0.004403704,19.2249537,43.74837963,6.445902778,18.04525463,8.36693287,1.191587431,0.019657407,227.4821759,99.41319444,14.76877315,14.91398148,14.6231713,67.87199074,7.953865741,1.965694444,0.329,5.058171296,14.74333333,14.46861111,14.44310185,1010.451759,0.000405093,0,199.4238426,2.858810185,208.030787,0.45287037,0.032310185,0.487291667,0,0,20.37962963,48.66134259,9.11275463,19.55717593,9.09362037,1.18617162,0.02344213,213.8078704,93.70842593,17.91026352,18.06574202,17.75963939,72.21359223,12.22649098,1.393619972,0.23332871,3.680166436,17.91026352,18.04008322,18.04008322,1006.976006,0,0,222.2052705,3.185298197,231.3398058,0.591955617,0.042274619,0.653398058,0,0,23.80305132,52.56033287,13.49112344,23.78224688,9.646116505,1.163846602,0.026255201,219.0249653,96.03869626,466.3995
29.84385,0.325276,679.049909,0.180527,0.20095,0.834914,0.769994,0.671361,0.726898,0.666763,0.820101,0.88964,14.66671296,14.78703704,14.54715278,65.08449074,7.292916667,2.23537037,0.374199074,5.808703704,14.62590278,14.24604167,14.20527778,1009.283958,0.000993056,0.011736111,157.844213,2.262752315,175.0472222,0.252939815,0.018083333,0.303703704,0.020212037,0.004403704,19.2249537,43.74837963,6.445902778,18.04525463,8.36693287,1.191587431,0.019657407,227.4821759,99.41319444,14.76877315,14.91398148,14.6231713,67.87199074,7.953865741,1.965694444,0.329,5.058171296,14.74333333,14.46861111,14.44310185,1010.451759,0.000405093,0,199.4238426,2.858810185,208.030787,0.45287037,0.032310185,0.487291667,0,0,20.37962963,48.66134259,9.11275463,19.55717593,9.09362037,1.18617162,0.02344213,213.8078704,93.70842593,17.91026352,18.06574202,17.75963939,72.21359223,12.22649098,1.393619972,0.23332871,3.680166436,17.91026352,18.04008322,18.04008322,1006.976006,0,0,222.2052705,3.185298197,231.3398058,0.591955617,0.042274619,0.653398058,0,0,23.80305132,52.56033287,13.49112344,23.78224688,9.646116505,1.163846602,0.026255201,219.0249653,96.03869626,226.1118
33.938377,0.366437,828.350964,0.171309,0.197966,0.812429,0.77017,0.739493,0.726722,0.684418,0.758911,0.882678,14.66671296,14.78703704,14.54715278,65.08449074,7.292916667,2.23537037,0.374199074,5.808703704,14.62590278,14.24604167,14.20527778,1009.283958,0.000993056,0.011736111,157.844213,2.262752315,175.0472222,0.252939815,0.018083333,0.303703704,0.020212037,0.004403704,19.2249537,43.74837963,6.445902778,18.04525463,8.36693287,1.191587431,0.019657407,227.4821759,99.41319444,14.76877315,14.91398148,14.6231713,67.87199074,7.953865741,1.965694444,0.329,5.058171296,14.74333333,14.46861111,14.44310185,1010.451759,0.000405093,0,199.4238426,2.858810185,208.030787,0.45287037,0.032310185,0.487291667,0,0,20.37962963,48.66134259,9.11275463,19.55717593,9.09362037,1.18617162,0.02344213,213.8078704,93.70842593,17.91026352,18.06574202,17.75963939,72.21359223,12.22649098,1.393619972,0.23332871,3.680166436,17.91026352,18.04008322,18.04008322,1006.976006,0,0,222.2052705,3.185298197,231.3398058,0.591955617,0.042274619,0.653398058,0,0,23.80305132,52.56033287,13.49112344,23.78224688,9.646116505,1.163846602,0.026255201,219.0249653,96.03869626,304.5419
29.604123,0.339903,1494.857567,0.163994,0.189215,0.804951,0.76213,0.650762,0.65431,0.68522,0.810152,0.881923,14.66671296,14.78703704,14.54715278,65.08449074,7.292916667,2.23537037,0.374199074,5.808703704,14.62590278,14.24604167,14.20527778,1009.283958,0.000993056,0.011736111,157.844213,2.262752315,175.0472222,0.252939815,0.018083333,0.303703704,0.020212037,0.004403704,19.2249537,43.74837963,6.445902778,18.04525463,8.36693287,1.191587431,0.019657407,227.4821759,99.41319444,14.76877315,14.91398148,14.6231713,67.87199074,7.953865741,1.965694444,0.329,5.058171296,14.74333333,14.46861111,14.44310185,1010.451759,0.000405093,0,199.4238426,2.858810185,208.030787,0.45287037,0.032310185,0.487291667,0,0,20.37962963,48.66134259,9.11275463,19.55717593,9.09362037,1.18617162,0.02344213,213.8078704,93.70842593,17.91026352,18.06574202,17.75963939,72.21359223,12.22649098,1.393619972,0.23332871,3.680166436,17.91026352,18.04008322,18.04008322,1006.976006,0,0,222.2052705,3.185298197,231.3398058,0.591955617,0.042274619,0.653398058,0,0,23.80305132,52.56033287,13.49112344,23.78224688,9.646116505,1.163846602,0.026255201,219.0249653,96.03869626,507.8515
32.289867,0.338395,947.698409,0.169689,0.20818,0.81252,0.753843,0.599138,0.669544,0.746308,0.851025,0.899837,14.66671296,14.78703704,14.54715278,65.08449074,7.292916667,2.23537037,0.374199074,5.808703704,14.62590278,14.24604167,14.20527778,1009.283958,0.000993056,0.011736111,157.844213,2.262752315,175.0472222,0.252939815,0.018083333,0.303703704,0.020212037,0.004403704,19.2249537,43.74837963,6.445902778,18.04525463,8.36693287,1.191587431,0.019657407,227.4821759,99.41319444,14.76877315,14.91398148,14.6231713,67.87199074,7.953865741,1.965694444,0.329,5.058171296,14.74333333,14.46861111,14.44310185,1010.451759,0.000405093,0,199.4238426,2.858810185,208.030787,0.45287037,0.032310185,0.487291667,0,0,20.37962963,48.66134259,9.11275463,19.55717593,9.09362037,1.18617162,0.02344213,213.8078704,93.70842593,17.91026352,18.06574202,17.75963939,72.21359223,12.22649098,1.393619972,0.23332871,3.680166436,17.91026352,18.04008322,18.04008322,1006.976006,0,0,222.2052705,3.185298197,231.3398058,0.591955617,0.042274619,0.653398058,0,0,23.80305132,52.56033287,13.49112344,23.78224688,9.646116505,1.163846602,0.026255201,219.0249653,96.03869626,322.9881
41.13953,0.489457,1348.326325,0.18412,0.222159,0.787517,0.772652,0.699637,0.664492,0.715746,0.794042,0.891062,14.66671296,14.78703704,14.54715278,65.08449074,7.292916667,2.23537037,0.374199074,5.808703704,14.62590278,14.24604167,14.20527778,1009.283958,0.000993056,0.011736111,157.844213,2.262752315,175.0472222,0.252939815,0.018083333,0.303703704,0.020212037,0.004403704,19.2249537,43.74837963,6.445902778,18.04525463,8.36693287,1.191587431,0.019657407,227.4821759,99.41319444,14.76877315,14.91398148,14.6231713,67.87199074,7.953865741,1.965694444,0.329,5.058171296,14.74333333,14.46861111,14.44310185,1010.451759,0.000405093,0,199.4238426,2.858810185,208.030787,0.45287037,0.032310185,0.487291667,0,0,20.37962963,48.66134259,9.11275463,19.55717593,9.09362037,1.18617162,0.02344213,213.8078704,93.70842593,17.91026352,18.06574202,17.75963939,72.21359223,12.22649098,1.393619972,0.23332871,3.680166436,17.91026352,18.04008322,18.04008322,1006.976006,0,0,222.2052705,3.185298197,231.3398058,0.591955617,0.042274619,0.653398058,0,0,23.80305132,52.56033287,13.49112344,23.78224688,9.646116505,1.163846602,0.026255201,219.0249653,96.03869626,660.6464
38.714835,0.444574,1320.165673,0.164476,0.176154,0.750326,0.792024,0.775345,0.7443,0.630437,0.745368,0.882371,14.66671296,14.78703704,14.54715278,65.08449074,7.292916667,2.23537037,0.374199074,5.808703704,14.62590278,14.24604167,14.20527778,1009.283958,0.000993056,0.011736111,157.844213,2.262752315,175.0472222,0.252939815,0.018083333,0.303703704,0.020212037,0.004403704,19.2249537,43.74837963,6.445902778,18.04525463,8.36693287,1.191587431,0.019657407,227.4821759,99.41319444,14.76877315,14.91398148,14.6231713,67.87199074,7.953865741,1.965694444,0.329,5.058171296,14.74333333,14.46861111,14.44310185,1010.451759,0.000405093,0,199.4238426,2.858810185,208.030787,0.45287037,0.032310185,0.487291667,0,0,20.37962963,48.66134259,9.11275463,19.55717593,9.09362037,1.18617162,0.02344213,213.8078704,93.70842593,17.91026352,18.06574202,17.75963939,72.21359223,12.22649098,1.393619972,0.23332871,3.680166436,17.91026352,18.04008322,18.04008322,1006.976006,0,0,222.2052705,3.185298197,231.3398058,0.591955617,0.042274619,0.653398058,0,0,23.80305132,52.56033287,13.49112344,23.78224688,9.646116505,1.163846602,0.026255201,219.0249653,96.03869626,586.5906
35.890847,0.432363,1240.866666,0.173052,0.183875,0.771855,0.766552,0.735246,0.690732,0.63115,0.718977,0.879619,14.66671296,14.78703704,14.54715278,65.08449074,7.292916667,2.23537037,0.374199074,5.808703704,14.62590278,14.24604167,14.20527778,1009.283958,0.000993056,0.011736111,157.844213,2.262752315,175.0472222,0.252939815,0.018083333,0.303703704,0.020212037,0.004403704,19.2249537,43.74837963,6.445902778,18.04525463,8.36693287,1.191587431,0.019657407,227.4821759,99.41319444,14.76877315,14.91398148,14.6231713,67.87199074,7.953865741,1.965694444,0.329,5.058171296,14.74333333,14.46861111,14.44310185,1010.451759,0.000405093,0,199.4238426,2.858810185,208.030787,0.45287037,0.032310185,0.487291667,0,0,20.37962963,48.66134259,9.11275463,19.55717593,9.09362037,1.18617162,0.02344213,213.8078704,93.70842593,17.91026352,18.06574202,17.75963939,72.21359223,12.22649098,1.393619972,0.23332871,3.680166436,17.91026352,18.04008322,18.04008322,1006.976006,0,0,222.2052705,3.185298197,231.3398058,0.591955617,0.042274619,0.653398058,0,0,23.80305132,52.56033287,13.49112344,23.78224688,9.646116505,1.163846602,0.026255201,219.0249653,96.03869626,534.4495
44.798307,0.496914,1248.630889,0.161916,0.175877,0.7399,0.749426,0.577767,0.640019,0.642663,0.713007,0.869747,14.66671296,14.78703704,14.54715278,65.08449074,7.292916667,2.23537037,0.374199074,5.808703704,14.62590278,14.24604167,14.20527778,1009.283958,0.000993056,0.011736111,157.844213,2.262752315,175.0472222,0.252939815,0.018083333,0.303703704,0.020212037,0.004403704,19.2249537,43.74837963,6.445902778,18.04525463,8.36693287,1.191587431,0.019657407,227.4821759,99.41319444,14.76877315,14.91398148,14.6231713,67.87199074,7.953865741,1.965694444,0.329,5.058171296,14.74333333,14.46861111,14.44310185,1010.451759,0.000405093,0,199.4238426,2.858810185,208.030787,0.45287037,0.032310185,0.487291667,0,0,20.37962963,48.66134259,9.11275463,19.55717593,9.09362037,1.18617162,0.02344213,213.8078704,93.70842593,17.91026352,18.06574202,17.75963939,72.21359223,12.22649098,1.393619972,0.23332871,3.680166436,17.91026352,18.04008322,18.04008322,1006.976006,0,0,222.2052705,3.185298197,231.3398058,0.591955617,0.042274619,0.653398058,0,0,23.80305132,52.56033287,13.49112344,23.78224688,9.646116505,1.163846602,0.026255201,219.0249653,96.03869626,624.0551
40.573041,0.507088,1228.614549,0.168758,0.201364,0.806526,0.759303,0.622598,0.635116,0.617926,0.749699,0.878763,14.66671296,14.78703704,14.54715278,65.08449074,7.292916667,2.23537037,0.374199074,5.808703704,14.62590278,14.24604167,14.20527778,1009.283958,0.000993056,0.011736111,157.844213,2.262752315,175.0472222,0.252939815,0.018083333,0.303703704,0.020212037,0.004403704,19.2249537,43.74837963,6.445902778,18.04525463,8.36693287,1.191587431,0.019657407,227.4821759,99.41319444,14.76877315,14.91398148,14.6231713,67.87199074,7.953865741,1.965694444,0.329,5.058171296,14.74333333,14.46861111,14.44310185,1010.451759,0.000405093,0,199.4238426,2.858810185,208.030787,0.45287037,0.032310185,0.487291667,0,0,20.37962963,48.66134259,9.11275463,19.55717593,9.09362037,1.18617162,0.02344213,213.8078704,93.70842593,17.91026352,18.06574202,17.75963939,72.21359223,12.22649098,1.393619972,0.23332871,3.680166436,17.91026352,18.04008322,18.04008322,1006.976006,0,0,222.2052705,3.185298197,231.3398058,0.591955617,0.042274619,0.653398058,0,0,23.80305132,52.56033287,13.49112344,23.78224688,9.646116505,1.163846602,0.026255201,219.0249653,96.03869626,623.0015
24.425,0.4085,1114.095,0.159,0.2015,0.793,0.785,0.7955,0.7225,0.671,0.751,0.887,14.66671296,14.78703704,14.54715278,65.08449074,7.292916667,2.23537037,0.374199074,5.808703704,14.62590278,14.24604167,14.20527778,1009.283958,0.000993056,0.011736111,157.844213,2.262752315,175.0472222,0.252939815,0.018083333,0.303703704,0.020212037,0.004403704,19.2249537,43.74837963,6.445902778,18.04525463,8.36693287,1.191587431,0.019657407,227.4821759,99.41319444,14.76877315,14.91398148,14.6231713,67.87199074,7.953865741,1.965694444,0.329,5.058171296,14.74333333,14.46861111,14.44310185,1010.451759,0.000405093,0,199.4238426,2.858810185,208.030787,0.45287037,0.032310185,0.487291667,0,0,20.37962963,48.66134259,9.11275463,19.55717593,9.09362037,1.18617162,0.02344213,213.8078704,93.70842593,17.91026352,18.06574202,17.75963939,72.21359223,12.22649098,1.393619972,0.23332871,3.680166436,17.91026352,18.04008322,18.04008322,1006.976006,0,0,222.2052705,3.185298197,231.3398058,0.591955617,0.042274619,0.653398058,0,0,23.80305132,52.56033287,13.49112344,23.78224688,9.646116505,1.163846602,0.026255201,219.0249653,96.03869626,455.805
38.974574,0.454603,1496.340004,0.191659,0.231895,0.800733,0.794313,0.738906,0.675187,0.728291,0.821125,0.903032,14.66671296,14.78703704,14.54715278,65.08449074,7.292916667,2.23537037,0.374199074,5.808703704,14.62590278,14.24604167,14.20527778,1009.283958,0.000993056,0.011736111,157.844213,2.262752315,175.0472222,0.252939815,0.018083333,0.303703704,0.020212037,0.004403704,19.2249537,43.74837963,6.445902778,18.04525463,8.36693287,1.191587431,0.019657407,227.4821759,99.41319444,14.76877315,14.91398148,14.6231713,67.87199074,7.953865741,1.965694444,0.329,5.058171296,14.74333333,14.46861111,14.44310185,1010.451759,0.000405093,0,199.4238426,2.858810185,208.030787,0.45287037,0.032310185,0.487291667,0,0,20.37962963,48.66134259,9.11275463,19.55717593,9.09362037,1.18617162,0.02344213,213.8078704,93.70842593,17.91026352,18.06574202,17.75963939,72.21359223,12.22649098,1.393619972,0.23332871,3.680166436,17.91026352,18.04008322,18.04008322,1006.976006,0,0,222.2052705,3.185298197,231.3398058,0.591955617,0.042274619,0.653398058,0,0,23.80305132,52.56033287,13.49112344,23.78224688,9.646116505,1.163846602,0.026255201,219.0249653,96.03869626,679.5885
43.771531,0.492738,1262.9329,0.183267,0.198603,0.786431,0.754383,0.705681,0.677926,0.672438,0.765514,0.873447,14.66671296,14.78703704,14.54715278,65.08449074,7.292916667,2.23537037,0.374199074,5.808703704,14.62590278,14.24604167,14.20527778,1009.283958,0.000993056,0.011736111,157.844213,2.262752315,175.0472222,0.252939815,0.018083333,0.303703704,0.020212037,0.004403704,19.2249537,43.74837963,6.445902778,18.04525463,8.36693287,1.191587431,0.019657407,227.4821759,99.41319444,14.76877315,14.91398148,14.6231713,67.87199074,7.953865741,1.965694444,0.329,5.058171296,14.74333333,14.46861111,14.44310185,1010.451759,0.000405093,0,199.4238426,2.858810185,208.030787,0.45287037,0.032310185,0.487291667,0,0,20.37962963,48.66134259,9.11275463,19.55717593,9.09362037,1.18617162,0.02344213,213.8078704,93.70842593,17.91026352,18.06574202,17.75963939,72.21359223,12.22649098,1.393619972,0.23332871,3.680166436,17.91026352,18.04008322,18.04008322,1006.976006,0,0,222.2052705,3.185298197,231.3398058,0.591955617,0.042274619,0.653398058,0,0,23.80305132,52.56033287,13.49112344,23.78224688,9.646116505,1.163846602,0.026255201,219.0249653,96.03869626,621.8858
39.27675,0.457393,1314.414117,0.179686,0.213272,0.72215,0.741564,0.682758,0.614034,0.593526,0.67545,0.832978,14.66671296,14.78703704,14.54715278,65.08449074,7.292916667,2.23537037,0.374199074,5.808703704,14.62590278,14.24604167,14.20527778,1009.283958,0.000993056,0.011736111,157.844213,2.262752315,175.0472222,0.252939815,0.018083333,0.303703704,0.020212037,0.004403704,19.2249537,43.74837963,6.445902778,18.04525463,8.36693287,1.191587431,0.019657407,227.4821759,99.41319444,14.76877315,14.91398148,14.6231713,67.87199074,7.953865741,1.965694444,0.329,5.058171296,14.74333333,14.46861111,14.44310185,1010.451759,0.000405093,0,199.4238426,2.858810185,208.030787,0.45287037,0.032310185,0.487291667,0,0,20.37962963,48.66134259,9.11275463,19.55717593,9.09362037,1.18617162,0.02344213,213.8078704,93.70842593,17.91026352,18.06574202,17.75963939,72.21359223,12.22649098,1.393619972,0.23332871,3.680166436,17.91026352,18.04008322,18.04008322,1006.976006,0,0,222.2052705,3.185298197,231.3398058,0.591955617,0.042274619,0.653398058,0,0,23.80305132,52.56033287,13.49112344,23.78224688,9.646116505,1.163846602,0.026255201,219.0249653,96.03869626,604.1609
30.970212,0.483589,1176.691542,0.163752,0.187366,0.681002,0.747121,0.759949,0.649186,0.562405,0.686304,0.853149,14.66671296,14.78703704,14.54715278,65.08449074,7.292916667,2.23537037,0.374199074,5.808703704,14.62590278,14.24604167,14.20527778,1009.283958,0.000993056,0.011736111,157.844213,2.262752315,175.0472222,0.252939815,0.018083333,0.303703704,0.020212037,0.004403704,19.2249537,43.74837963,6.445902778,18.04525463,8.36693287,1.191587431,0.019657407,227.4821759,99.41319444,14.76877315,14.91398148,14.6231713,67.87199074,7.953865741,1.965694444,0.329,5.058171296,14.74333333,14.46861111,14.44310185,1010.451759,0.000405093,0,199.4238426,2.858810185,208.030787,0.45287037,0.032310185,0.487291667,0,0,20.37962963,48.66134259,9.11275463,19.55717593,9.09362037,1.18617162,0.02344213,213.8078704,93.70842593,17.91026352,18.06574202,17.75963939,72.21359223,12.22649098,1.393619972,0.23332871,3.680166436,17.91026352,18.04008322,18.04008322,1006.976006,0,0,222.2052705,3.185298197,231.3398058,0.591955617,0.042274619,0.653398058,0,0,23.80305132,52.56033287,13.49112344,23.78224688,9.646116505,1.163846602,0.026255201,219.0249653,96.03869626,569.8369
45.764818,0.500001,1229.102451,0.183079,0.205735,0.810335,0.779049,0.751277,0.675095,0.672894,0.782692,0.889975,14.66671296,14.78703704,14.54715278,65.08449074,7.292916667,2.23537037,0.374199074,5.808703704,14.62590278,14.24604167,14.20527778,1009.283958,0.000993056,0.011736111,157.844213,2.262752315,175.0472222,0.252939815,0.018083333,0.303703704,0.020212037,0.004403704,19.2249537,43.74837963,6.445902778,18.04525463,8.36693287,1.191587431,0.019657407,227.4821759,99.41319444,14.76877315,14.91398148,14.6231713,67.87199074,7.953865741,1.965694444,0.329,5.058171296,14.74333333,14.46861111,14.44310185,1010.451759,0.000405093,0,199.4238426,2.858810185,208.030787,0.45287037,0.032310185,0.487291667,0,0,20.37962963,48.66134259,9.11275463,19.55717593,9.09362037,1.18617162,0.02344213,213.8078704,93.70842593,17.91026352,18.06574202,17.75963939,72.21359223,12.22649098,1.393619972,0.23332871,3.680166436,17.91026352,18.04008322,18.04008322,1006.976006,0,0,222.2052705,3.185298197,231.3398058,0.591955617,0.042274619,0.653398058,0,0,23.80305132,52.56033287,13.49112344,23.78224688,9.646116505,1.163846602,0.026255201,219.0249653,96.03869626,615.3932
39.726206,0.487884,1439.526464,0.170343,0.190916,0.769033,0.77031,0.729948,0.671797,0.664067,0.753626,0.875132,14.66671296,14.78703704,14.54715278,65.08449074,7.292916667,2.23537037,0.374199074,5.808703704,14.62590278,14.24604167,14.20527778,1009.283958,0.000993056,0.011736111,157.844213,2.262752315,175.0472222,0.252939815,0.018083333,0.303703704,0.020212037,0.004403704,19.2249537,43.74837963,6.445902778,18.04525463,8.36693287,1.191587431,0.019657407,227.4821759,99.41319444,14.76877315,14.91398148,14.6231713,67.87199074,7.953865741,1.965694444,0.329,5.058171296,14.74333333,14.46861111,14.44310185,1010.451759,0.000405093,0,199.4238426,2.858810185,208.030787,0.45287037,0.032310185,0.487291667,0,0,20.37962963,48.66134259,9.11275463,19.55717593,9.09362037,1.18617162,0.02344213,213.8078704,93.70842593,17.91026352,18.06574202,17.75963939,72.21359223,12.22649098,1.393619972,0.23332871,3.680166436,17.91026352,18.04008322,18.04008322,1006.976006,0,0,222.2052705,3.185298197,231.3398058,0.591955617,0.042274619,0.653398058,0,0,23.80305132,52.56033287,13.49112344,23.78224688,9.646116505,1.163846602,0.026255201,219.0249653,96.03869626,703.2617
42.288575,0.461054,1325.072556,0.187557,0.215775,0.790082,0.767072,0.724538,0.601972,0.707331,0.775633,0.898605,14.66671296,14.78703704,14.54715278,65.08449074,7.292916667,2.23537037,0.374199074,5.808703704,14.62590278,14.24604167,14.20527778,1009.283958,0.000993056,0.011736111,157.844213,2.262752315,175.0472222,0.252939815,0.018083333,0.303703704,0.020212037,0.004403704,19.2249537,43.74837963,6.445902778,18.04525463,8.36693287,1.191587431,0.019657407,227.4821759,99.41319444,14.76877315,14.91398148,14.6231713,67.87199074,7.953865741,1.965694444,0.329,5.058171296,14.74333333,14.46861111,14.44310185,1010.451759,0.000405093,0,199.4238426,2.858810185,208.030787,0.45287037,0.032310185,0.487291667,0,0,20.37962963,48.66134259,9.11275463,19.55717593,9.09362037,1.18617162,0.02344213,213.8078704,93.70842593,17.91026352,18.06574202,17.75963939,72.21359223,12.22649098,1.393619972,0.23332871,3.680166436,17.91026352,18.04008322,18.04008322,1006.976006,0,0,222.2052705,3.185298197,231.3398058,0.591955617,0.042274619,0.653398058,0,0,23.80305132,52.56033287,13.49112344,23.78224688,9.646116505,1.163846602,0.026255201,219.0249653,96.03869626,611.6587
44.434685,0.451271,1152.766613,0.159117,0.151192,0.741177,0.7639,0.761696,0.644566,0.609091,0.764934,0.89747,14.66671296,14.78703704,14.54715278,65.08449074,7.292916667,2.23537037,0.374199074,5.808703704,14.62590278,14.24604167,14.20527778,1009.283958,0.000993056,0.011736111,157.844213,2.262752315,175.0472222,0.252939815,0.018083333,0.303703704,0.020212037,0.004403704,19.2249537,43.74837963,6.445902778,18.04525463,8.36693287,1.191587431,0.019657407,227.4821759,99.41319444,14.76877315,14.91398148,14.6231713,67.87199074,7.953865741,1.965694444,0.329,5.058171296,14.74333333,14.46861111,14.44310185,1010.451759,0.000405093,0,199.4238426,2.858810185,208.030787,0.45287037,0.032310185,0.487291667,0,0,20.37962963,48.66134259,9.11275463,19.55717593,9.09362037,1.18617162,0.02344213,213.8078704,93.70842593,17.91026352,18.06574202,17.75963939,72.21359223,12.22649098,1.393619972,0.23332871,3.680166436,17.91026352,18.04008322,18.04008322,1006.976006,0,0,222.2052705,3.185298197,231.3398058,0.591955617,0.042274619,0.653398058,0,0,23.80305132,52.56033287,13.49112344,23.78224688,9.646116505,1.163846602,0.026255201,219.0249653,96.03869626,519.2414
43.697042,0.4509,1444.690583,0.177187,0.197284,0.789857,0.7804,0.74355,0.64308,0.709904,0.810981,0.895424,14.66671296,14.78703704,14.54715278,65.08449074,7.292916667,2.23537037,0.374199074,5.808703704,14.62590278,14.24604167,14.20527778,1009.283958,0.000993056,0.011736111,157.844213,2.262752315,175.0472222,0.252939815,0.018083333,0.303703704,0.020212037,0.004403704,19.2249537,43.74837963,6.445902778,18.04525463,8.36693287,1.191587431,0.019657407,227.4821759,99.41319444,14.76877315,14.91398148,14.6231713,67.87199074,7.953865741,1.965694444,0.329,5.058171296,14.74333333,14.46861111,14.44310185,1010.451759,0.000405093,0,199.4238426,2.858810185,208.030787,0.45287037,0.032310185,0.487291667,0,0,20.37962963,48.66134259,9.11275463,19.55717593,9.09362037,1.18617162,0.02344213,213.8078704,93.70842593,17.91026352,18.06574202,17.75963939,72.21359223,12.22649098,1.393619972,0.23332871,3.680166436,17.91026352,18.04008322,18.04008322,1006.976006,0,0,222.2052705,3.185298197,231.3398058,0.591955617,0.042274619,0.653398058,0,0,23.80305132,52.56033287,13.49112344,23.78224688,9.646116505,1.163846602,0.026255201,219.0249653,96.03869626,650.5887
46.358036,0.485415,1590.685246,0.174925,0.234941,0.81096,0.791932,0.76446,0.645327,0.719142,0.800185,0.881959,14.66671296,14.78703704,14.54715278,65.08449074,7.292916667,2.23537037,0.374199074,5.808703704,14.62590278,14.24604167,14.20527778,1009.283958,0.000993056,0.011736111,157.844213,2.262752315,175.0472222,0.252939815,0.018083333,0.303703704,0.020212037,0.004403704,19.2249537,43.74837963,6.445902778,18.04525463,8.36693287,1.191587431,0.019657407,227.4821759,99.41319444,14.76877315,14.91398148,14.6231713,67.87199074,7.953865741,1.965694444,0.329,5.058171296,14.74333333,14.46861111,14.44310185,1010.451759,0.000405093,0,199.4238426,2.858810185,208.030787,0.45287037,0.032310185,0.487291667,0,0,20.37962963,48.66134259,9.11275463,19.55717593,9.09362037,1.18617162,0.02344213,213.8078704,93.70842593,17.91026352,18.06574202,17.75963939,72.21359223,12.22649098,1.393619972,0.23332871,3.680166436,17.91026352,18.04008322,18.04008322,1006.976006,0,0,222.2052705,3.185298197,231.3398058,0.591955617,0.042274619,0.653398058,0,0,23.80305132,52.56033287,13.49112344,23.78224688,9.646116505,1.163846602,0.026255201,219.0249653,96.03869626,770.8658
34.909374,0.470553,1254.735264,0.180776,0.20823,0.81804,0.812342,0.7741,0.683836,0.716578,0.802284,0.899143,14.66671296,14.78703704,14.54715278,65.08449074,7.292916667,2.23537037,0.374199074,5.808703704,14.62590278,14.24604167,14.20527778,1009.283958,0.000993056,0.011736111,157.844213,2.262752315,175.0472222,0.252939815,0.018083333,0.303703704,0.020212037,0.004403704,19.2249537,43.74837963,6.445902778,18.04525463,8.36693287,1.191587431,0.019657407,227.4821759,99.41319444,14.76877315,14.91398148,14.6231713,67.87199074,7.953865741,1.965694444,0.329,5.058171296,14.74333333,14.46861111,14.44310185,1010.451759,0.000405093,0,199.4238426,2.858810185,208.030787,0.45287037,0.032310185,0.487291667,0,0,20.37962963,48.66134259,9.11275463,19.55717593,9.09362037,1.18617162,0.02344213,213.8078704,93.70842593,17.91026352,18.06574202,17.75963939,72.21359223,12.22649098,1.393619972,0.23332871,3.680166436,17.91026352,18.04008322,18.04008322,1006.976006,0,0,222.2052705,3.185298197,231.3398058,0.591955617,0.042274619,0.653398058,0,0,23.80305132,52.56033287,13.49112344,23.78224688,9.646116505,1.163846602,0.026255201,219.0249653,96.03869626,590.6908
47.21791,0.481734,1371.690427,0.167819,0.198688,0.809409,0.774589,0.769219,0.657799,0.687115,0.790106,0.900063,14.66671296,14.78703704,14.54715278,65.08449074,7.292916667,2.23537037,0.374199074,5.808703704,14.62590278,14.24604167,14.20527778,1009.283958,0.000993056,0.011736111,157.844213,2.262752315,175.0472222,0.252939815,0.018083333,0.303703704,0.020212037,0.004403704,19.2249537,43.74837963,6.445902778,18.04525463,8.36693287,1.191587431,0.019657407,227.4821759,99.41319444,14.76877315,14.91398148,14.6231713,67.87199074,7.953865741,1.965694444,0.329,5.058171296,14.74333333,14.46861111,14.44310185,1010.451759,0.000405093,0,199.4238426,2.858810185,208.030787,0.45287037,0.032310185,0.487291667,0,0,20.37962963,48.66134259,9.11275463,19.55717593,9.09362037,1.18617162,0.02344213,213.8078704,93.70842593,17.91026352,18.06574202,17.75963939,72.21359223,12.22649098,1.393619972,0.23332871,3.680166436,17.91026352,18.04008322,18.04008322,1006.976006,0,0,222.2052705,3.185298197,231.3398058,0.591955617,0.042274619,0.653398058,0,0,23.80305132,52.56033287,13.49112344,23.78224688,9.646116505,1.163846602,0.026255201,219.0249653,96.03869626,660.3705
41.004058,0.492083,1010.648502,0.161262,0.17822,0.812711,0.782303,0.646033,0.582417,0.695181,0.779376,0.880675,14.66671296,14.78703704,14.54715278,65.08449074,7.292916667,2.23537037,0.374199074,5.808703704,14.62590278,14.24604167,14.20527778,1009.283958,0.000993056,0.011736111,157.844213,2.262752315,175.0472222,0.252939815,0.018083333,0.303703704,0.020212037,0.004403704,19.2249537,43.74837963,6.445902778,18.04525463,8.36693287,1.191587431,0.019657407,227.4821759,99.41319444,14.76877315,14.91398148,14.6231713,67.87199074,7.953865741,1.965694444,0.329,5.058171296,14.74333333,14.46861111,14.44310185,1010.451759,0.000405093,0,199.4238426,2.858810185,208.030787,0.45287037,0.032310185,0.487291667,0,0,20.37962963,48.66134259,9.11275463,19.55717593,9.09362037,1.18617162,0.02344213,213.8078704,93.70842593,17.91026352,18.06574202,17.75963939,72.21359223,12.22649098,1.393619972,0.23332871,3.680166436,17.91026352,18.04008322,18.04008322,1006.976006,0,0,222.2052705,3.185298197,231.3398058,0.591955617,0.042274619,0.653398058,0,0,23.80305132,52.56033287,13.49112344,23.78224688,9.646116505,1.163846602,0.026255201,219.0249653,96.03869626,497.8125
52.204913,0.478681,1589.718787,0.175492,0.19956,0.814155,0.802879,0.775974,0.730973,0.659877,0.806144,0.902598,14.66671296,14.78703704,14.54715278,65.08449074,7.292916667,2.23537037,0.374199074,5.808703704,14.62590278,14.24604167,14.20527778,1009.283958,0.000993056,0.011736111,157.844213,2.262752315,175.0472222,0.252939815,0.018083333,0.303703704,0.020212037,0.004403704,19.2249537,43.74837963,6.445902778,18.04525463,8.36693287,1.191587431,0.019657407,227.4821759,99.41319444,14.76877315,14.91398148,14.6231713,67.87199074,7.953865741,1.965694444,0.329,5.058171296,14.74333333,14.46861111,14.44310185,1010.451759,0.000405093,0,199.4238426,2.858810185,208.030787,0.45287037,0.032310185,0.487291667,0,0,20.37962963,48.66134259,9.11275463,19.55717593,9.09362037,1.18617162,0.02344213,213.8078704,93.70842593,17.91026352,18.06574202,17.75963939,72.21359223,12.22649098,1.393619972,0.23332871,3.680166436,17.91026352,18.04008322,18.04008322,1006.976006,0,0,222.2052705,3.185298197,231.3398058,0.591955617,0.042274619,0.653398058,0,0,23.80305132,52.56033287,13.49112344,23.78224688,9.646116505,1.163846602,0.026255201,219.0249653,96.03869626,761.6336
41.485198,0.442546,1475.808782,0.174658,0.242835,0.8348,0.843331,0.762453,0.72613,0.696586,0.81453,0.896053,14.66671296,14.78703704,14.54715278,65.08449074,7.292916667,2.23537037,0.374199074,5.808703704,14.62590278,14.24604167,14.20527778,1009.283958,0.000993056,0.011736111,157.844213,2.262752315,175.0472222,0.252939815,0.018083333,0.303703704,0.020212037,0.004403704,19.2249537,43.74837963,6.445902778,18.04525463,8.36693287,1.191587431,0.019657407,227.4821759,99.41319444,14.76877315,14.91398148,14.6231713,67.87199074,7.953865741,1.965694444,0.329,5.058171296,14.74333333,14.46861111,14.44310185,1010.451759,0.000405093,0,199.4238426,2.858810185,208.030787,0.45287037,0.032310185,0.487291667,0,0,20.37962963,48.66134259,9.11275463,19.55717593,9.09362037,1.18617162,0.02344213,213.8078704,93.70842593,17.91026352,18.06574202,17.75963939,72.21359223,12.22649098,1.393619972,0.23332871,3.680166436,17.91026352,18.04008322,18.04008322,1006.976006,0,0,222.2052705,3.185298197,231.3398058,0.591955617,0.042274619,0.653398058,0,0,23.80305132,52.56033287,13.49112344,23.78224688,9.646116505,1.163846602,0.026255201,219.0249653,96.03869626,648.9682
41.359787,0.490639,1374.853267,0.173704,0.202257,0.802064,0.787314,0.760102,0.696524,0.686582,0.780404,0.890733,14.66671296,14.78703704,14.54715278,65.08449074,7.292916667,2.23537037,0.374199074,5.808703704,14.62590278,14.24604167,14.20527778,1009.283958,0.000993056,0.011736111,157.844213,2.262752315,175.0472222,0.252939815,0.018083333,0.303703704,0.020212037,0.004403704,19.2249537,43.74837963,6.445902778,18.04525463,8.36693287,1.191587431,0.019657407,227.4821759,99.41319444,14.76877315,14.91398148,14.6231713,67.87199074,7.953865741,1.965694444,0.329,5.058171296,14.74333333,14.46861111,14.44310185,1010.451759,0.000405093,0,199.4238426,2.858810185,208.030787,0.45287037,0.032310185,0.487291667,0,0,20.37962963,48.66134259,9.11275463,19.55717593,9.09362037,1.18617162,0.02344213,213.8078704,93.70842593,17.91026352,18.06574202,17.75963939,72.21359223,12.22649098,1.393619972,0.23332871,3.680166436,17.91026352,18.04008322,18.04008322,1006.976006,0,0,222.2052705,3.185298197,231.3398058,0.591955617,0.042274619,0.653398058,0,0,23.80305132,52.56033287,13.49112344,23.78224688,9.646116505,1.163846602,0.026255201,219.0249653,96.03869626,674.4393
41.401165,0.472807,1431.671323,0.166219,0.190956,0.803549,0.775358,0.72201,0.661592,0.700128,0.758978,0.868809,14.66671296,14.78703704,14.54715278,65.08449074,7.292916667,2.23537037,0.374199074,5.808703704,14.62590278,14.24604167,14.20527778,1009.283958,0.000993056,0.011736111,157.844213,2.262752315,175.0472222,0.252939815,0.018083333,0.303703704,0.020212037,0.004403704,19.2249537,43.74837963,6.445902778,18.04525463,8.36693287,1.191587431,0.019657407,227.4821759,99.41319444,14.76877315,14.91398148,14.6231713,67.87199074,7.953865741,1.965694444,0.329,5.058171296,14.74333333,14.46861111,14.44310185,1010.451759,0.000405093,0,199.4238426,2.858810185,208.030787,0.45287037,0.032310185,0.487291667,0,0,20.37962963,48.66134259,9.11275463,19.55717593,9.09362037,1.18617162,0.02344213,213.8078704,93.70842593,17.91026352,18.06574202,17.75963939,72.21359223,12.22649098,1.393619972,0.23332871,3.680166436,17.91026352,18.04008322,18.04008322,1006.976006,0,0,222.2052705,3.185298197,231.3398058,0.591955617,0.042274619,0.653398058,0,0,23.80305132,52.56033287,13.49112344,23.78224688,9.646116505,1.163846602,0.026255201,219.0249653,96.03869626,677.0666
40.949912,0.50582,1109.023086,0.18131,0.20151,0.805615,0.785657,0.701843,0.605552,0.664108,0.775983,0.874629,14.66671296,14.78703704,14.54715278,65.08449074,7.292916667,2.23537037,0.374199074,5.808703704,14.62590278,14.24604167,14.20527778,1009.283958,0.000993056,0.011736111,157.844213,2.262752315,175.0472222,0.252939815,0.018083333,0.303703704,0.020212037,0.004403704,19.2249537,43.74837963,6.445902778,18.04525463,8.36693287,1.191587431,0.019657407,227.4821759,99.41319444,14.76877315,14.91398148,14.6231713,67.87199074,7.953865741,1.965694444,0.329,5.058171296,14.74333333,14.46861111,14.44310185,1010.451759,0.000405093,0,199.4238426,2.858810185,208.030787,0.45287037,0.032310185,0.487291667,0,0,20.37962963,48.66134259,9.11275463,19.55717593,9.09362037,1.18617162,0.02344213,213.8078704,93.70842593,17.91026352,18.06574202,17.75963939,72.21359223,12.22649098,1.393619972,0.23332871,3.680166436,17.91026352,18.04008322,18.04008322,1006.976006,0,0,222.2052705,3.185298197,231.3398058,0.591955617,0.042274619,0.653398058,0,0,23.80305132,52.56033287,13.49112344,23.78224688,9.646116505,1.163846602,0.026255201,219.0249653,96.03869626,562.1796
37.470519,0.48695,1186.156907,0.170691,0.191382,0.761902,0.759355,0.74378,0.731494,0.600725,0.727405,0.8777,14.66671296,14.78703704,14.54715278,65.08449074,7.292916667,2.23537037,0.374199074,5.808703704,14.62590278,14.24604167,14.20527778,1009.283958,0.000993056,0.011736111,157.844213,2.262752315,175.0472222,0.252939815,0.018083333,0.303703704,0.020212037,0.004403704,19.2249537,43.74837963,6.445902778,18.04525463,8.36693287,1.191587431,0.019657407,227.4821759,99.41319444,14.76877315,14.91398148,14.6231713,67.87199074,7.953865741,1.965694444,0.329,5.058171296,14.74333333,14.46861111,14.44310185,1010.451759,0.000405093,0,199.4238426,2.858810185,208.030787,0.45287037,0.032310185,0.487291667,0,0,20.37962963,48.66134259,9.11275463,19.55717593,9.09362037,1.18617162,0.02344213,213.8078704,93.70842593,17.91026352,18.06574202,17.75963939,72.21359223,12.22649098,1.393619972,0.23332871,3.680166436,17.91026352,18.04008322,18.04008322,1006.976006,0,0,222.2052705,3.185298197,231.3398058,0.591955617,0.042274619,0.653398058,0,0,23.80305132,52.56033287,13.49112344,23.78224688,9.646116505,1.163846602,0.026255201,219.0249653,96.03869626,575.5569
30.847527,0.435913,1591.063233,0.170955,0.185996,0.765891,0.791447,0.720264,0.697093,0.637244,0.772208,0.887523,14.66671296,14.78703704,14.54715278,65.08449074,7.292916667,2.23537037,0.374199074,5.808703704,14.62590278,14.24604167,14.20527778,1009.283958,0.000993056,0.011736111,157.844213,2.262752315,175.0472222,0.252939815,0.018083333,0.303703704,0.020212037,0.004403704,19.2249537,43.74837963,6.445902778,18.04525463,8.36693287,1.191587431,0.019657407,227.4821759,99.41319444,14.76877315,14.91398148,14.6231713,67.87199074,7.953865741,1.965694444,0.329,5.058171296,14.74333333,14.46861111,14.44310185,1010.451759,0.000405093,0,199.4238426,2.858810185,208.030787,0.45287037,0.032310185,0.487291667,0,0,20.37962963,48.66134259,9.11275463,19.55717593,9.09362037,1.18617162,0.02344213,213.8078704,93.70842593,17.91026352,18.06574202,17.75963939,72.21359223,12.22649098,1.393619972,0.23332871,3.680166436,17.91026352,18.04008322,18.04008322,1006.976006,0,0,222.2052705,3.185298197,231.3398058,0.591955617,0.042274619,0.653398058,0,0,23.80305132,52.56033287,13.49112344,23.78224688,9.646116505,1.163846602,0.026255201,219.0249653,96.03869626,692.9776
38.301629,0.499445,1427.006071,0.179849,0.228512,0.826301,0.799997,0.751793,0.62421,0.66607,0.760544,0.887653,14.66671296,14.78703704,14.54715278,65.08449074,7.292916667,2.23537037,0.374199074,5.808703704,14.62590278,14.24604167,14.20527778,1009.283958,0.000993056,0.011736111,157.844213,2.262752315,175.0472222,0.252939815,0.018083333,0.303703704,0.020212037,0.004403704,19.2249537,43.74837963,6.445902778,18.04525463,8.36693287,1.191587431,0.019657407,227.4821759,99.41319444,14.76877315,14.91398148,14.6231713,67.87199074,7.953865741,1.965694444,0.329,5.058171296,14.74333333,14.46861111,14.44310185,1010.451759,0.000405093,0,199.4238426,2.858810185,208.030787,0.45287037,0.032310185,0.487291667,0,0,20.37962963,48.66134259,9.11275463,19.55717593,9.09362037,1.18617162,0.02344213,213.8078704,93.70842593,17.91026352,18.06574202,17.75963939,72.21359223,12.22649098,1.393619972,0.23332871,3.680166436,17.91026352,18.04008322,18.04008322,1006.976006,0,0,222.2052705,3.185298197,231.3398058,0.591955617,0.042274619,0.653398058,0,0,23.80305132,52.56033287,13.49112344,23.78224688,9.646116505,1.163846602,0.026255201,219.0249653,96.03869626,714.039
45.153968,0.494705,1362.244648,0.168724,0.210986,0.788419,0.761139,0.748595,0.691769,0.630195,0.734755,0.875613,14.66671296,14.78703704,14.54715278,65.08449074,7.292916667,2.23537037,0.374199074,5.808703704,14.62590278,14.24604167,14.20527778,1009.283958,0.000993056,0.011736111,157.844213,2.262752315,175.0472222,0.252939815,0.018083333,0.303703704,0.020212037,0.004403704,19.2249537,43.74837963,6.445902778,18.04525463,8.36693287,1.191587431,0.019657407,227.4821759,99.41319444,14.76877315,14.91398148,14.6231713,67.87199074,7.953865741,1.965694444,0.329,5.058171296,14.74333333,14.46861111,14.44310185,1010.451759,0.000405093,0,199.4238426,2.858810185,208.030787,0.45287037,0.032310185,0.487291667,0,0,20.37962963,48.66134259,9.11275463,19.55717593,9.09362037,1.18617162,0.02344213,213.8078704,93.70842593,17.91026352,18.06574202,17.75963939,72.21359223,12.22649098,1.393619972,0.23332871,3.680166436,17.91026352,18.04008322,18.04008322,1006.976006,0,0,222.2052705,3.185298197,231.3398058,0.591955617,0.042274619,0.653398058,0,0,23.80305132,52.56033287,13.49112344,23.78224688,9.646116505,1.163846602,0.026255201,219.0249653,96.03869626,673.3955
38.42325,0.520607,1285.365883,0.175314,0.229728,0.81935,0.790936,0.682742,0.621966,0.693974,0.79705,0.876522,14.66671296,14.78703704,14.54715278,65.08449074,7.292916667,2.23537037,0.374199074,5.808703704,14.62590278,14.24604167,14.20527778,1009.283958,0.000993056,0.011736111,157.844213,2.262752315,175.0472222,0.252939815,0.018083333,0.303703704,0.020212037,0.004403704,19.2249537,43.74837963,6.445902778,18.04525463,8.36693287,1.191587431,0.019657407,227.4821759,99.41319444,14.76877315,14.91398148,14.6231713,67.87199074,7.953865741,1.965694444,0.329,5.058171296,14.74333333,14.46861111,14.44310185,1010.451759,0.000405093,0,199.4238426,2.858810185,208.030787,0.45287037,0.032310185,0.487291667,0,0,20.37962963,48.66134259,9.11275463,19.55717593,9.09362037,1.18617162,0.02344213,213.8078704,93.70842593,17.91026352,18.06574202,17.75963939,72.21359223,12.22649098,1.393619972,0.23332871,3.680166436,17.91026352,18.04008322,18.04008322,1006.976006,0,0,222.2052705,3.185298197,231.3398058,0.591955617,0.042274619,0.653398058,0,0,23.80305132,52.56033287,13.49112344,23.78224688,9.646116505,1.163846602,0.026255201,219.0249653,96.03869626,670.5991
38.225,0.4175,1225.86,0.1815,0.225,0.7685,0.823,0.781,0.7475,0.6565,0.75,0.893,14.66671296,14.78703704,14.54715278,65.08449074,7.292916667,2.23537037,0.374199074,5.808703704,14.62590278,14.24604167,14.20527778,1009.283958,0.000993056,0.011736111,157.844213,2.262752315,175.0472222,0.252939815,0.018083333,0.303703704,0.020212037,0.004403704,19.2249537,43.74837963,6.445902778,18.04525463,8.36693287,1.191587431,0.019657407,227.4821759,99.41319444,14.76877315,14.91398148,14.6231713,67.87199074,7.953865741,1.965694444,0.329,5.058171296,14.74333333,14.46861111,14.44310185,1010.451759,0.000405093,0,199.4238426,2.858810185,208.030787,0.45287037,0.032310185,0.487291667,0,0,20.37962963,48.66134259,9.11275463,19.55717593,9.09362037,1.18617162,0.02344213,213.8078704,93.70842593,17.91026352,18.06574202,17.75963939,72.21359223,12.22649098,1.393619972,0.23332871,3.680166436,17.91026352,18.04008322,18.04008322,1006.976006,0,0,222.2052705,3.185298197,231.3398058,0.591955617,0.042274619,0.653398058,0,0,23.80305132,52.56033287,13.49112344,23.78224688,9.646116505,1.163846602,0.026255201,219.0249653,96.03869626,511.56
44.551596,0.516703,996.658326,0.177103,0.219059,0.823919,0.744636,0.617564,0.550825,0.659463,0.747515,0.852511,14.66671296,14.78703704,14.54715278,65.08449074,7.292916667,2.23537037,0.374199074,5.808703704,14.62590278,14.24604167,14.20527778,1009.283958,0.000993056,0.011736111,157.844213,2.262752315,175.0472222,0.252939815,0.018083333,0.303703704,0.020212037,0.004403704,19.2249537,43.74837963,6.445902778,18.04525463,8.36693287,1.191587431,0.019657407,227.4821759,99.41319444,14.76877315,14.91398148,14.6231713,67.87199074,7.953865741,1.965694444,0.329,5.058171296,14.74333333,14.46861111,14.44310185,1010.451759,0.000405093,0,199.4238426,2.858810185,208.030787,0.45287037,0.032310185,0.487291667,0,0,20.37962963,48.66134259,9.11275463,19.55717593,9.09362037,1.18617162,0.02344213,213.8078704,93.70842593,17.91026352,18.06574202,17.75963939,72.21359223,12.22649098,1.393619972,0.23332871,3.680166436,17.91026352,18.04008322,18.04008322,1006.976006,0,0,222.2052705,3.185298197,231.3398058,0.591955617,0.042274619,0.653398058,0,0,23.80305132,52.56033287,13.49112344,23.78224688,9.646116505,1.163846602,0.026255201,219.0249653,96.03869626,513.3819
33.721587,0.488783,989.097898,0.179309,0.202691,0.749815,0.748108,0.652758,0.599078,0.623412,0.705948,0.863492,14.66671296,14.78703704,14.54715278,65.08449074,7.292916667,2.23537037,0.374199074,5.808703704,14.62590278,14.24604167,14.20527778,1009.283958,0.000993056,0.011736111,157.844213,2.262752315,175.0472222,0.252939815,0.018083333,0.303703704,0.020212037,0.004403704,19.2249537,43.74837963,6.445902778,18.04525463,8.36693287,1.191587431,0.019657407,227.4821759,99.41319444,14.76877315,14.91398148,14.6231713,67.87199074,7.953865741,1.965694444,0.329,5.058171296,14.74333333,14.46861111,14.44310185,1010.451759,0.000405093,0,199.4238426,2.858810185,208.030787,0.45287037,0.032310185,0.487291667,0,0,20.37962963,48.66134259,9.11275463,19.55717593,9.09362037,1.18617162,0.02344213,213.8078704,93.70842593,17.91026352,18.06574202,17.75963939,72.21359223,12.22649098,1.393619972,0.23332871,3.680166436,17.91026352,18.04008322,18.04008322,1006.976006,0,0,222.2052705,3.185298197,231.3398058,0.591955617,0.042274619,0.653398058,0,0,23.80305132,52.56033287,13.49112344,23.78224688,9.646116505,1.163846602,0.026255201,219.0249653,96.03869626,482.6187
49.382851,0.475602,1252.258331,0.181755,0.207855,0.778897,0.787595,0.712053,0.682107,0.663162,0.767827,0.882136,14.66671296,14.78703704,14.54715278,65.08449074,7.292916667,2.23537037,0.374199074,5.808703704,14.62590278,14.24604167,14.20527778,1009.283958,0.000993056,0.011736111,157.844213,2.262752315,175.0472222,0.252939815,0.018083333,0.303703704,0.020212037,0.004403704,19.2249537,43.74837963,6.445902778,18.04525463,8.36693287,1.191587431,0.019657407,227.4821759,99.41319444,14.76877315,14.91398148,14.6231713,67.87199074,7.953865741,1.965694444,0.329,5.058171296,14.74333333,14.46861111,14.44310185,1010.451759,0.000405093,0,199.4238426,2.858810185,208.030787,0.45287037,0.032310185,0.487291667,0,0,20.37962963,48.66134259,9.11275463,19.55717593,9.09362037,1.18617162,0.02344213,213.8078704,93.70842593,17.91026352,18.06574202,17.75963939,72.21359223,12.22649098,1.393619972,0.23332871,3.680166436,17.91026352,18.04008322,18.04008322,1006.976006,0,0,222.2052705,3.185298197,231.3398058,0.591955617,0.042274619,0.653398058,0,0,23.80305132,52.56033287,13.49112344,23.78224688,9.646116505,1.163846602,0.026255201,219.0249653,96.03869626,596.3016
37.251959,0.463412,936.455451,0.182242,0.227136,0.724974,0.685197,0.603902,0.529384,0.646074,0.722301,0.842737,14.66671296,14.78703704,14.54715278,65.08449074,7.292916667,2.23537037,0.374199074,5.808703704,14.62590278,14.24604167,14.20527778,1009.283958,0.000993056,0.011736111,157.844213,2.262752315,175.0472222,0.252939815,0.018083333,0.303703704,0.020212037,0.004403704,19.2249537,43.74837963,6.445902778,18.04525463,8.36693287,1.191587431,0.019657407,227.4821759,99.41319444,14.76877315,14.91398148,14.6231713,67.87199074,7.953865741,1.965694444,0.329,5.058171296,14.74333333,14.46861111,14.44310185,1010.451759,0.000405093,0,199.4238426,2.858810185,208.030787,0.45287037,0.032310185,0.487291667,0,0,20.37962963,48.66134259,9.11275463,19.55717593,9.09362037,1.18617162,0.02344213,213.8078704,93.70842593,17.91026352,18.06574202,17.75963939,72.21359223,12.22649098,1.393619972,0.23332871,3.680166436,17.91026352,18.04008322,18.04008322,1006.976006,0,0,222.2052705,3.185298197,231.3398058,0.591955617,0.042274619,0.653398058,0,0,23.80305132,52.56033287,13.49112344,23.78224688,9.646116505,1.163846602,0.026255201,219.0249653,96.03869626,432.8685
44.234188,0.48355,1332.064831,0.192222,0.221639,0.781286,0.758488,0.683627,0.639486,0.707899,0.771557,0.873793,14.66671296,14.78703704,14.54715278,65.08449074,7.292916667,2.23537037,0.374199074,5.808703704,14.62590278,14.24604167,14.20527778,1009.283958,0.000993056,0.011736111,157.844213,2.262752315,175.0472222,0.252939815,0.018083333,0.303703704,0.020212037,0.004403704,19.2249537,43.74837963,6.445902778,18.04525463,8.36693287,1.191587431,0.019657407,227.4821759,99.41319444,14.76877315,14.91398148,14.6231713,67.87199074,7.953865741,1.965694444,0.329,5.058171296,14.74333333,14.46861111,14.44310185,1010.451759,0.000405093,0,199.4238426,2.858810185,208.030787,0.45287037,0.032310185,0.487291667,0,0,20.37962963,48.66134259,9.11275463,19.55717593,9.09362037,1.18617162,0.02344213,213.8078704,93.70842593,17.91026352,18.06574202,17.75963939,72.21359223,12.22649098,1.393619972,0.23332871,3.680166436,17.91026352,18.04008322,18.04008322,1006.976006,0,0,222.2052705,3.185298197,231.3398058,0.591955617,0.042274619,0.653398058,0,0,23.80305132,52.56033287,13.49112344,23.78224688,9.646116505,1.163846602,0.026255201,219.0249653,96.03869626,642.4957
33.14825,0.460607,1321.115883,0.165814,0.182728,0.73735,0.776936,0.660742,0.633966,0.600974,0.69855,0.864022,14.66671296,14.78703704,14.54715278,65.08449074,7.292916667,2.23537037,0.374199074,5.808703704,14.62590278,14.24604167,14.20527778,1009.283958,0.000993056,0.011736111,157.844213,2.262752315,175.0472222,0.252939815,0.018083333,0.303703704,0.020212037,0.004403704,19.2249537,43.74837963,6.445902778,18.04525463,8.36693287,1.191587431,0.019657407,227.4821759,99.41319444,14.76877315,14.91398148,14.6231713,67.87199074,7.953865741,1.965694444,0.329,5.058171296,14.74333333,14.46861111,14.44310185,1010.451759,0.000405093,0,199.4238426,2.858810185,208.030787,0.45287037,0.032310185,0.487291667,0,0,20.37962963,48.66134259,9.11275463,19.55717593,9.09362037,1.18617162,0.02344213,213.8078704,93.70842593,17.91026352,18.06574202,17.75963939,72.21359223,12.22649098,1.393619972,0.23332871,3.680166436,17.91026352,18.04008322,18.04008322,1006.976006,0,0,222.2052705,3.185298197,231.3398058,0.591955617,0.042274619,0.653398058,0,0,23.80305132,52.56033287,13.49112344,23.78224688,9.646116505,1.163846602,0.026255201,219.0249653,96.03869626,607.9341
43.141983,0.436482,1299.81204,0.164557,0.175232,0.751978,0.74531,0.749652,0.676981,0.632068,0.733421,0.882146,14.66671296,14.78703704,14.54715278,65.08449074,7.292916667,2.23537037,0.374199074,5.808703704,14.62590278,14.24604167,14.20527778,1009.283958,0.000993056,0.011736111,157.844213,2.262752315,175.0472222,0.252939815,0.018083333,0.303703704,0.020212037,0.004403704,19.2249537,43.74837963,6.445902778,18.04525463,8.36693287,1.191587431,0.019657407,227.4821759,99.41319444,14.76877315,14.91398148,14.6231713,67.87199074,7.953865741,1.965694444,0.329,5.058171296,14.74333333,14.46861111,14.44310185,1010.451759,0.000405093,0,199.4238426,2.858810185,208.030787,0.45287037,0.032310185,0.487291667,0,0,20.37962963,48.66134259,9.11275463,19.55717593,9.09362037,1.18617162,0.02344213,213.8078704,93.70842593,17.91026352,18.06574202,17.75963939,72.21359223,12.22649098,1.393619972,0.23332871,3.680166436,17.91026352,18.04008322,18.04008322,1006.976006,0,0,222.2052705,3.185298197,231.3398058,0.591955617,0.042274619,0.653398058,0,0,23.80305132,52.56033287,13.49112344,23.78224688,9.646116505,1.163846602,0.026255201,219.0249653,96.03869626,568.2109
41.201672,0.475684,1311.898417,0.16167,0.184281,0.780999,0.783929,0.731072,0.665655,0.640194,0.750341,0.857336,14.66671296,14.78703704,14.54715278,65.08449074,7.292916667,2.23537037,0.374199074,5.808703704,14.62590278,14.24604167,14.20527778,1009.283958,0.000993056,0.011736111,157.844213,2.262752315,175.0472222,0.252939815,0.018083333,0.303703704,0.020212037,0.004403704,19.2249537,43.74837963,6.445902778,18.04525463,8.36693287,1.191587431,0.019657407,227.4821759,99.41319444,14.76877315,14.91398148,14.6231713,67.87199074,7.953865741,1.965694444,0.329,5.058171296,14.74333333,14.46861111,14.44310185,1010.451759,0.000405093,0,199.4238426,2.858810185,208.030787,0.45287037,0.032310185,0.487291667,0,0,20.37962963,48.66134259,9.11275463,19.55717593,9.09362037,1.18617162,0.02344213,213.8078704,93.70842593,17.91026352,18.06574202,17.75963939,72.21359223,12.22649098,1.393619972,0.23332871,3.680166436,17.91026352,18.04008322,18.04008322,1006.976006,0,0,222.2052705,3.185298197,231.3398058,0.591955617,0.042274619,0.653398058,0,0,23.80305132,52.56033287,13.49112344,23.78224688,9.646116505,1.163846602,0.026255201,219.0249653,96.03869626,621.7623
42.087842,0.435595,1324.171457,0.164441,0.182111,0.757614,0.762776,0.726759,0.64724,0.638294,0.770661,0.896546,14.66671296,14.78703704,14.54715278,65.08449074,7.292916667,2.23537037,0.374199074,5.808703704,14.62590278,14.24604167,14.20527778,1009.283958,0.000993056,0.011736111,157.844213,2.262752315,175.0472222,0.252939815,0.018083333,0.303703704,0.020212037,0.004403704,19.2249537,43.74837963,6.445902778,18.04525463,8.36693287,1.191587431,0.019657407,227.4821759,99.41319444,14.76877315,14.91398148,14.6231713,67.87199074,7.953865741,1.965694444,0.329,5.058171296,14.74333333,14.46861111,14.44310185,1010.451759,0.000405093,0,199.4238426,2.858810185,208.030787,0.45287037,0.032310185,0.487291667,0,0,20.37962963,48.66134259,9.11275463,19.55717593,9.09362037,1.18617162,0.02344213,213.8078704,93.70842593,17.91026352,18.06574202,17.75963939,72.21359223,12.22649098,1.393619972,0.23332871,3.680166436,17.91026352,18.04008322,18.04008322,1006.976006,0,0,222.2052705,3.185298197,231.3398058,0.591955617,0.042274619,0.653398058,0,0,23.80305132,52.56033287,13.49112344,23.78224688,9.646116505,1.163846602,0.026255201,219.0249653,96.03869626,573.8086
38.197061,0.446453,1286.18368,0.17913,0.196971,0.815571,0.775862,0.686424,0.654691,0.731563,0.805224,0.89153,14.66671296,14.78703704,14.54715278,65.08449074,7.292916667,2.23537037,0.374199074,5.808703704,14.62590278,14.24604167,14.20527778,1009.283958,0.000993056,0.011736111,157.844213,2.262752315,175.0472222,0.252939815,0.018083333,0.303703704,0.020212037,0.004403704,19.2249537,43.74837963,6.445902778,18.04525463,8.36693287,1.191587431,0.019657407,227.4821759,99.41319444,14.76877315,14.91398148,14.6231713,67.87199074,7.953865741,1.965694444,0.329,5.058171296,14.74333333,14.46861111,14.44310185,1010.451759,0.000405093,0,199.4238426,2.858810185,208.030787,0.45287037,0.032310185,0.487291667,0,0,20.37962963,48.66134259,9.11275463,19.55717593,9.09362037,1.18617162,0.02344213,213.8078704,93.70842593,17.91026352,18.06574202,17.75963939,72.21359223,12.22649098,1.393619972,0.23332871,3.680166436,17.91026352,18.04008322,18.04008322,1006.976006,0,0,222.2052705,3.185298197,231.3398058,0.591955617,0.042274619,0.653398058,0,0,23.80305132,52.56033287,13.49112344,23.78224688,9.646116505,1.163846602,0.026255201,219.0249653,96.03869626,572.8508
32.925,0.425,1144.98,0.179,0.2095,0.7675,0.764,0.7215,0.6695,0.6615,0.775,0.8925,14.66671296,14.78703704,14.54715278,65.08449074,7.292916667,2.23537037,0.374199074,5.808703704,14.62590278,14.24604167,14.20527778,1009.283958,0.000993056,0.011736111,157.844213,2.262752315,175.0472222,0.252939815,0.018083333,0.303703704,0.020212037,0.004403704,19.2249537,43.74837963,6.445902778,18.04525463,8.36693287,1.191587431,0.019657407,227.4821759,99.41319444,14.76877315,14.91398148,14.6231713,67.87199074,7.953865741,1.965694444,0.329,5.058171296,14.74333333,14.46861111,14.44310185,1010.451759,0.000405093,0,199.4238426,2.858810185,208.030787,0.45287037,0.032310185,0.487291667,0,0,20.37962963,48.66134259,9.11275463,19.55717593,9.09362037,1.18617162,0.02344213,213.8078704,93.70842593,17.91026352,18.06574202,17.75963939,72.21359223,12.22649098,1.393619972,0.23332871,3.680166436,17.91026352,18.04008322,18.04008322,1006.976006,0,0,222.2052705,3.185298197,231.3398058,0.591955617,0.042274619,0.653398058,0,0,23.80305132,52.56033287,13.49112344,23.78224688,9.646116505,1.163846602,0.026255201,219.0249653,96.03869626,485.095
39.217521,0.469131,1240.658468,0.177962,0.196169,0.788846,0.789204,0.710792,0.652629,0.693374,0.779282,0.885743,14.66671296,14.78703704,14.54715278,65.08449074,7.292916667,2.23537037,0.374199074,5.808703704,14.62590278,14.24604167,14.20527778,1009.283958,0.000993056,0.011736111,157.844213,2.262752315,175.0472222,0.252939815,0.018083333,0.303703704,0.020212037,0.004403704,19.2249537,43.74837963,6.445902778,18.04525463,8.36693287,1.191587431,0.019657407,227.4821759,99.41319444,14.76877315,14.91398148,14.6231713,67.87199074,7.953865741,1.965694444,0.329,5.058171296,14.74333333,14.46861111,14.44310185,1010.451759,0.000405093,0,199.4238426,2.858810185,208.030787,0.45287037,0.032310185,0.487291667,0,0,20.37962963,48.66134259,9.11275463,19.55717593,9.09362037,1.18617162,0.02344213,213.8078704,93.70842593,17.91026352,18.06574202,17.75963939,72.21359223,12.22649098,1.393619972,0.23332871,3.680166436,17.91026352,18.04008322,18.04008322,1006.976006,0,0,222.2052705,3.185298197,231.3398058,0.591955617,0.042274619,0.653398058,0,0,23.80305132,52.56033287,13.49112344,23.78224688,9.646116505,1.163846602,0.026255201,219.0249653,96.03869626,582.9539
41.64047,0.489199,920.931624,0.172245,0.206448,0.780857,0.806367,0.697075,0.701878,0.637693,0.691765,0.858709,14.66671296,14.78703704,14.54715278,65.08449074,7.292916667,2.23537037,0.374199074,5.808703704,14.62590278,14.24604167,14.20527778,1009.283958,0.000993056,0.011736111,157.844213,2.262752315,175.0472222,0.252939815,0.018083333,0.303703704,0.020212037,0.004403704,19.2249537,43.74837963,6.445902778,18.04525463,8.36693287,1.191587431,0.019657407,227.4821759,99.41319444,14.76877315,14.91398148,14.6231713,67.87199074,7.953865741,1.965694444,0.329,5.058171296,14.74333333,14.46861111,14.44310185,1010.451759,0.000405093,0,199.4238426,2.858810185,208.030787,0.45287037,0.032310185,0.487291667,0,0,20.37962963,48.66134259,9.11275463,19.55717593,9.09362037,1.18617162,0.02344213,213.8078704,93.70842593,17.91026352,18.06574202,17.75963939,72.21359223,12.22649098,1.393619972,0.23332871,3.680166436,17.91026352,18.04008322,18.04008322,1006.976006,0,0,222.2052705,3.185298197,231.3398058,0.591955617,0.042274619,0.653398058,0,0,23.80305132,52.56033287,13.49112344,23.78224688,9.646116505,1.163846602,0.026255201,219.0249653,96.03869626,454.0723
35.139181,0.450824,1396.982699,0.172268,0.210438,0.786078,0.776593,0.711366,0.659843,0.736582,0.790346,0.887997,14.66671296,14.78703704,14.54715278,65.08449074,7.292916667,2.23537037,0.374199074,5.808703704,14.62590278,14.24604167,14.20527778,1009.283958,0.000993056,0.011736111,157.844213,2.262752315,175.0472222,0.252939815,0.018083333,0.303703704,0.020212037,0.004403704,19.2249537,43.74837963,6.445902778,18.04525463,8.36693287,1.191587431,0.019657407,227.4821759,99.41319444,14.76877315,14.91398148,14.6231713,67.87199074,7.953865741,1.965694444,0.329,5.058171296,14.74333333,14.46861111,14.44310185,1010.451759,0.000405093,0,199.4238426,2.858810185,208.030787,0.45287037,0.032310185,0.487291667,0,0,20.37962963,48.66134259,9.11275463,19.55717593,9.09362037,1.18617162,0.02344213,213.8078704,93.70842593,17.91026352,18.06574202,17.75963939,72.21359223,12.22649098,1.393619972,0.23332871,3.680166436,17.91026352,18.04008322,18.04008322,1006.976006,0,0,222.2052705,3.185298197,231.3398058,0.591955617,0.042274619,0.653398058,0,0,23.80305132,52.56033287,13.49112344,23.78224688,9.646116505,1.163846602,0.026255201,219.0249653,96.03869626,628.8581
40.008058,0.483224,1329.432897,0.176879,0.228799,0.828543,0.765393,0.726282,0.675079,0.717134,0.766643,0.888585,14.66671296,14.78703704,14.54715278,65.08449074,7.292916667,2.23537037,0.374199074,5.808703704,14.62590278,14.24604167,14.20527778,1009.283958,0.000993056,0.011736111,157.844213,2.262752315,175.0472222,0.252939815,0.018083333,0.303703704,0.020212037,0.004403704,19.2249537,43.74837963,6.445902778,18.04525463,8.36693287,1.191587431,0.019657407,227.4821759,99.41319444,14.76877315,14.91398148,14.6231713,67.87199074,7.953865741,1.965694444,0.329,5.058171296,14.74333333,14.46861111,14.44310185,1010.451759,0.000405093,0,199.4238426,2.858810185,208.030787,0.45287037,0.032310185,0.487291667,0,0,20.37962963,48.66134259,9.11275463,19.55717593,9.09362037,1.18617162,0.02344213,213.8078704,93.70842593,17.91026352,18.06574202,17.75963939,72.21359223,12.22649098,1.393619972,0.23332871,3.680166436,17.91026352,18.04008322,18.04008322,1006.976006,0,0,222.2052705,3.185298197,231.3398058,0.591955617,0.042274619,0.653398058,0,0,23.80305132,52.56033287,13.49112344,23.78224688,9.646116505,1.163846602,0.026255201,219.0249653,96.03869626,643.4364
35.760957,0.496693,1286.463473,0.160305,0.186838,0.803176,0.798777,0.756463,0.723357,0.677039,0.768262,0.891969,14.66671296,14.78703704,14.54715278,65.08449074,7.292916667,2.23537037,0.374199074,5.808703704,14.62590278,14.24604167,14.20527778,1009.283958,0.000993056,0.011736111,157.844213,2.262752315,175.0472222,0.252939815,0.018083333,0.303703704,0.020212037,0.004403704,19.2249537,43.74837963,6.445902778,18.04525463,8.36693287,1.191587431,0.019657407,227.4821759,99.41319444,14.76877315,14.91398148,14.6231713,67.87199074,7.953865741,1.965694444,0.329,5.058171296,14.74333333,14.46861111,14.44310185,1010.451759,0.000405093,0,199.4238426,2.858810185,208.030787,0.45287037,0.032310185,0.487291667,0,0,20.37962963,48.66134259,9.11275463,19.55717593,9.09362037,1.18617162,0.02344213,213.8078704,93.70842593,17.91026352,18.06574202,17.75963939,72.21359223,12.22649098,1.393619972,0.23332871,3.680166436,17.91026352,18.04008322,18.04008322,1006.976006,0,0,222.2052705,3.185298197,231.3398058,0.591955617,0.042274619,0.653398058,0,0,23.80305132,52.56033287,13.49112344,23.78224688,9.646116505,1.163846602,0.026255201,219.0249653,96.03869626,637.738
37.011453,0.47296,1432.061397,0.168156,0.193541,0.778179,0.781758,0.742889,0.709886,0.627224,0.727775,0.88475,14.66671296,14.78703704,14.54715278,65.08449074,7.292916667,2.23537037,0.374199074,5.808703704,14.62590278,14.24604167,14.20527778,1009.283958,0.000993056,0.011736111,157.844213,2.262752315,175.0472222,0.252939815,0.018083333,0.303703704,0.020212037,0.004403704,19.2249537,43.74837963,6.445902778,18.04525463,8.36693287,1.191587431,0.019657407,227.4821759,99.41319444,14.76877315,14.91398148,14.6231713,67.87199074,7.953865741,1.965694444,0.329,5.058171296,14.74333333,14.46861111,14.44310185,1010.451759,0.000405093,0,199.4238426,2.858810185,208.030787,0.45287037,0.032310185,0.487291667,0,0,20.37962963,48.66134259,9.11275463,19.55717593,9.09362037,1.18617162,0.02344213,213.8078704,93.70842593,17.91026352,18.06574202,17.75963939,72.21359223,12.22649098,1.393619972,0.23332871,3.680166436,17.91026352,18.04008322,18.04008322,1006.976006,0,0,222.2052705,3.185298197,231.3398058,0.591955617,0.042274619,0.653398058,0,0,23.80305132,52.56033287,13.49112344,23.78224688,9.646116505,1.163846602,0.026255201,219.0249653,96.03869626,677.3647
47.489818,0.501001,1334.842451,0.187079,0.225235,0.807335,0.801049,0.758277,0.626595,0.706394,0.799192,0.896975,14.66671296,14.78703704,14.54715278,65.08449074,7.292916667,2.23537037,0.374199074,5.808703704,14.62590278,14.24604167,14.20527778,1009.283958,0.000993056,0.011736111,157.844213,2.262752315,175.0472222,0.252939815,0.018083333,0.303703704,0.020212037,0.004403704,19.2249537,43.74837963,6.445902778,18.04525463,8.36693287,1.191587431,0.019657407,227.4821759,99.41319444,14.76877315,14.91398148,14.6231713,67.87199074,7.953865741,1.965694444,0.329,5.058171296,14.74333333,14.46861111,14.44310185,1010.451759,0.000405093,0,199.4238426,2.858810185,208.030787,0.45287037,0.032310185,0.487291667,0,0,20.37962963,48.66134259,9.11275463,19.55717593,9.09362037,1.18617162,0.02344213,213.8078704,93.70842593,17.91026352,18.06574202,17.75963939,72.21359223,12.22649098,1.393619972,0.23332871,3.680166436,17.91026352,18.04008322,18.04008322,1006.976006,0,0,222.2052705,3.185298197,231.3398058,0.591955617,0.042274619,0.653398058,0,0,23.80305132,52.56033287,13.49112344,23.78224688,9.646116505,1.163846602,0.026255201,219.0249653,96.03869626,669.7632
43.141878,0.507135,1403.494063,0.180886,0.214589,0.779158,0.76953,0.725778,0.62715,0.640599,0.730908,0.882316,14.66671296,14.78703704,14.54715278,65.08449074,7.292916667,2.23537037,0.374199074,5.808703704,14.62590278,14.24604167,14.20527778,1009.283958,0.000993056,0.011736111,157.844213,2.262752315,175.0472222,0.252939815,0.018083333,0.303703704,0.020212037,0.004403704,19.2249537,43.74837963,6.445902778,18.04525463,8.36693287,1.191587431,0.019657407,227.4821759,99.41319444,14.76877315,14.91398148,14.6231713,67.87199074,7.953865741,1.965694444,0.329,5.058171296,14.74333333,14.46861111,14.44310185,1010.451759,0.000405093,0,199.4238426,2.858810185,208.030787,0.45287037,0.032310185,0.487291667,0,0,20.37962963,48.66134259,9.11275463,19.55717593,9.09362037,1.18617162,0.02344213,213.8078704,93.70842593,17.91026352,18.06574202,17.75963939,72.21359223,12.22649098,1.393619972,0.23332871,3.680166436,17.91026352,18.04008322,18.04008322,1006.976006,0,0,222.2052705,3.185298197,231.3398058,0.591955617,0.042274619,0.653398058,0,0,23.80305132,52.56033287,13.49112344,23.78224688,9.646116505,1.163846602,0.026255201,219.0249653,96.03869626,713.1178
42.400139,0.443022,1448.741067,0.163657,0.206445,0.789057,0.79148,0.724039,0.672456,0.708766,0.827577,0.90212,14.66671296,14.78703704,14.54715278,65.08449074,7.292916667,2.23537037,0.374199074,5.808703704,14.62590278,14.24604167,14.20527778,1009.283958,0.000993056,0.011736111,157.844213,2.262752315,175.0472222,0.252939815,0.018083333,0.303703704,0.020212037,0.004403704,19.2249537,43.74837963,6.445902778,18.04525463,8.36693287,1.191587431,0.019657407,227.4821759,99.41319444,14.76877315,14.91398148,14.6231713,67.87199074,7.953865741,1.965694444,0.329,5.058171296,14.74333333,14.46861111,14.44310185,1010.451759,0.000405093,0,199.4238426,2.858810185,208.030787,0.45287037,0.032310185,0.487291667,0,0,20.37962963,48.66134259,9.11275463,19.55717593,9.09362037,1.18617162,0.02344213,213.8078704,93.70842593,17.91026352,18.06574202,17.75963939,72.21359223,12.22649098,1.393619972,0.23332871,3.680166436,17.91026352,18.04008322,18.04008322,1006.976006,0,0,222.2052705,3.185298197,231.3398058,0.591955617,0.042274619,0.653398058,0,0,23.80305132,52.56033287,13.49112344,23.78224688,9.646116505,1.163846602,0.026255201,219.0249653,96.03869626,641.3728
43.242837,0.493517,1488.362851,0.167952,0.206674,0.810881,0.748071,0.717217,0.668504,0.715822,0.775598,0.881117,14.66671296,14.78703704,14.54715278,65.08449074,7.292916667,2.23537037,0.374199074,5.808703704,14.62590278,14.24604167,14.20527778,1009.283958,0.000993056,0.011736111,157.844213,2.262752315,175.0472222,0.252939815,0.018083333,0.303703704,0.020212037,0.004403704,19.2249537,43.74837963,6.445902778,18.04525463,8.36693287,1.191587431,0.019657407,227.4821759,99.41319444,14.76877315,14.91398148,14.6231713,67.87199074,7.953865741,1.965694444,0.329,5.058171296,14.74333333,14.46861111,14.44310185,1010.451759,0.000405093,0,199.4238426,2.858810185,208.030787,0.45287037,0.032310185,0.487291667,0,0,20.37962963,48.66134259,9.11275463,19.55717593,9.09362037,1.18617162,0.02344213,213.8078704,93.70842593,17.91026352,18.06574202,17.75963939,72.21359223,12.22649098,1.393619972,0.23332871,3.680166436,17.91026352,18.04008322,18.04008322,1006.976006,0,0,222.2052705,3.185298197,231.3398058,0.591955617,0.042274619,0.653398058,0,0,23.80305132,52.56033287,13.49112344,23.78224688,9.646116505,1.163846602,0.026255201,219.0249653,96.03869626,735.1406
40.722953,0.46796,1304.67293,0.179793,0.237396,0.820715,0.792154,0.747122,0.64737,0.703449,0.801039,0.895591,14.66671296,14.78703704,14.54715278,65.08449074,7.292916667,2.23537037,0.374199074,5.808703704,14.62590278,14.24604167,14.20527778,1009.283958,0.000993056,0.011736111,157.844213,2.262752315,175.0472222,0.252939815,0.018083333,0.303703704,0.020212037,0.004403704,19.2249537,43.74837963,6.445902778,18.04525463,8.36693287,1.191587431,0.019657407,227.4821759,99.41319444,14.76877315,14.91398148,14.6231713,67.87199074,7.953865741,1.965694444,0.329,5.058171296,14.74333333,14.46861111,14.44310185,1010.451759,0.000405093,0,199.4238426,2.858810185,208.030787,0.45287037,0.032310185,0.487291667,0,0,20.37962963,48.66134259,9.11275463,19.55717593,9.09362037,1.18617162,0.02344213,213.8078704,93.70842593,17.91026352,18.06574202,17.75963939,72.21359223,12.22649098,1.393619972,0.23332871,3.680166436,17.91026352,18.04008322,18.04008322,1006.976006,0,0,222.2052705,3.185298197,231.3398058,0.591955617,0.042274619,0.653398058,0,0,23.80305132,52.56033287,13.49112344,23.78224688,9.646116505,1.163846602,0.026255201,219.0249653,96.03869626,607.9717
28.56885,0.452776,1018.649909,0.186027,0.21245,0.700414,0.803994,0.579861,0.608398,0.616763,0.691101,0.85964,14.66671296,14.78703704,14.54715278,65.08449074,7.292916667,2.23537037,0.374199074,5.808703704,14.62590278,14.24604167,14.20527778,1009.283958,0.000993056,0.011736111,157.844213,2.262752315,175.0472222,0.252939815,0.018083333,0.303703704,0.020212037,0.004403704,19.2249537,43.74837963,6.445902778,18.04525463,8.36693287,1.191587431,0.019657407,227.4821759,99.41319444,14.76877315,14.91398148,14.6231713,67.87199074,7.953865741,1.965694444,0.329,5.058171296,14.74333333,14.46861111,14.44310185,1010.451759,0.000405093,0,199.4238426,2.858810185,208.030787,0.45287037,0.032310185,0.487291667,0,0,20.37962963,48.66134259,9.11275463,19.55717593,9.09362037,1.18617162,0.02344213,213.8078704,93.70842593,17.91026352,18.06574202,17.75963939,72.21359223,12.22649098,1.393619972,0.23332871,3.680166436,17.91026352,18.04008322,18.04008322,1006.976006,0,0,222.2052705,3.185298197,231.3398058,0.591955617,0.042274619,0.653398058,0,0,23.80305132,52.56033287,13.49112344,23.78224688,9.646116505,1.163846602,0.026255201,219.0249653,96.03869626,461.9968
39.459914,0.478623,1504.282856,0.170351,0.20068,0.790489,0.784946,0.718625,0.695248,0.656905,0.752485,0.884299,14.66671296,14.78703704,14.54715278,65.08449074,7.292916667,2.23537037,0.374199074,5.808703704,14.62590278,14.24604167,14.20527778,1009.283958,0.000993056,0.011736111,157.844213,2.262752315,175.0472222,0.252939815,0.018083333,0.303703704,0.020212037,0.004403704,19.2249537,43.74837963,6.445902778,18.04525463,8.36693287,1.191587431,0.019657407,227.4821759,99.41319444,14.76877315,14.91398148,14.6231713,67.87199074,7.953865741,1.965694444,0.329,5.058171296,14.74333333,14.46861111,14.44310185,1010.451759,0.000405093,0,199.4238426,2.858810185,208.030787,0.45287037,0.032310185,0.487291667,0,0,20.37962963,48.66134259,9.11275463,19.55717593,9.09362037,1.18617162,0.02344213,213.8078704,93.70842593,17.91026352,18.06574202,17.75963939,72.21359223,12.22649098,1.393619972,0.23332871,3.680166436,17.91026352,18.04008322,18.04008322,1006.976006,0,0,222.2052705,3.185298197,231.3398058,0.591955617,0.042274619,0.653398058,0,0,23.80305132,52.56033287,13.49112344,23.78224688,9.646116505,1.163846602,0.026255201,219.0249653,96.03869626,719.9246
38.404524,0.368802,1103.330164,0.176486,0.198184,0.78443,0.799707,0.765075,0.746452,0.680615,0.771375,0.89496,14.66671296,14.78703704,14.54715278,65.08449074,7.292916667,2.23537037,0.374199074,5.808703704,14.62590278,14.24604167,14.20527778,1009.283958,0.000993056,0.011736111,157.844213,2.262752315,175.0472222,0.252939815,0.018083333,0.303703704,0.020212037,0.004403704,19.2249537,43.74837963,6.445902778,18.04525463,8.36693287,1.191587431,0.019657407,227.4821759,99.41319444,14.76877315,14.91398148,14.6231713,67.87199074,7.953865741,1.965694444,0.329,5.058171296,14.74333333,14.46861111,14.44310185,1010.451759,0.000405093,0,199.4238426,2.858810185,208.030787,0.45287037,0.032310185,0.487291667,0,0,20.37962963,48.66134259,9.11275463,19.55717593,9.09362037,1.18617162,0.02344213,213.8078704,93.70842593,17.91026352,18.06574202,17.75963939,72.21359223,12.22649098,1.393619972,0.23332871,3.680166436,17.91026352,18.04008322,18.04008322,1006.976006,0,0,222.2052705,3.185298197,231.3398058,0.591955617,0.042274619,0.653398058,0,0,23.80305132,52.56033287,13.49112344,23.78224688,9.646116505,1.163846602,0.026255201,219.0249653,96.03869626,408.6163
40.513377,0.358437,1291.935964,0.168809,0.182466,0.781929,0.76317,0.757993,0.712722,0.713918,0.826911,0.896678,14.66671296,14.78703704,14.54715278,65.08449074,7.292916667,2.23537037,0.374199074,5.808703704,14.62590278,14.24604167,14.20527778,1009.283958,0.000993056,0.011736111,157.844213,2.262752315,175.0472222,0.252939815,0.018083333,0.303703704,0.020212037,0.004403704,19.2249537,43.74837963,6.445902778,18.04525463,8.36693287,1.191587431,0.019657407,227.4821759,99.41319444,14.76877315,14.91398148,14.6231713,67.87199074,7.953865741,1.965694444,0.329,5.058171296,14.74333333,14.46861111,14.44310185,1010.451759,0.000405093,0,199.4238426,2.858810185,208.030787,0.45287037,0.032310185,0.487291667,0,0,20.37962963,48.66134259,9.11275463,19.55717593,9.09362037,1.18617162,0.02344213,213.8078704,93.70842593,17.91026352,18.06574202,17.75963939,72.21359223,12.22649098,1.393619972,0.23332871,3.680166436,17.91026352,18.04008322,18.04008322,1006.976006,0,0,222.2052705,3.185298197,231.3398058,0.591955617,0.042274619,0.653398058,0,0,23.80305132,52.56033287,13.49112344,23.78224688,9.646116505,1.163846602,0.026255201,219.0249653,96.03869626,465.8019
37.087134,0.34499,1231.291068,0.174286,0.211505,0.769176,0.743194,0.716754,0.663599,0.754355,0.831352,0.898308,14.66671296,14.78703704,14.54715278,65.08449074,7.292916667,2.23537037,0.374199074,5.808703704,14.62590278,14.24604167,14.20527778,1009.283958,0.000993056,0.011736111,157.844213,2.262752315,175.0472222,0.252939815,0.018083333,0.303703704,0.020212037,0.004403704,19.2249537,43.74837963,6.445902778,18.04525463,8.36693287,1.191587431,0.019657407,227.4821759,99.41319444,14.76877315,14.91398148,14.6231713,67.87199074,7.953865741,1.965694444,0.329,5.058171296,14.74333333,14.46861111,14.44310185,1010.451759,0.000405093,0,199.4238426,2.858810185,208.030787,0.45287037,0.032310185,0.487291667,0,0,20.37962963,48.66134259,9.11275463,19.55717593,9.09362037,1.18617162,0.02344213,213.8078704,93.70842593,17.91026352,18.06574202,17.75963939,72.21359223,12.22649098,1.393619972,0.23332871,3.680166436,17.91026352,18.04008322,18.04008322,1006.976006,0,0,222.2052705,3.185298197,231.3398058,0.591955617,0.042274619,0.653398058,0,0,23.80305132,52.56033287,13.49112344,23.78224688,9.646116505,1.163846602,0.026255201,219.0249653,96.03869626,424.1225
37.875,0.351,1450.02,0.178,0.212,0.82,0.783,0.7405,0.7295,0.726,0.805,0.893,14.66671296,14.78703704,14.54715278,65.08449074,7.292916667,2.23537037,0.374199074,5.808703704,14.62590278,14.24604167,14.20527778,1009.283958,0.000993056,0.011736111,157.844213,2.262752315,175.0472222,0.252939815,0.018083333,0.303703704,0.020212037,0.004403704,19.2249537,43.74837963,6.445902778,18.04525463,8.36693287,1.191587431,0.019657407,227.4821759,99.41319444,14.76877315,14.91398148,14.6231713,67.87199074,7.953865741,1.965694444,0.329,5.058171296,14.74333333,14.46861111,14.44310185,1010.451759,0.000405093,0,199.4238426,2.858810185,208.030787,0.45287037,0.032310185,0.487291667,0,0,20.37962963,48.66134259,9.11275463,19.55717593,9.09362037,1.18617162,0.02344213,213.8078704,93.70842593,17.91026352,18.06574202,17.75963939,72.21359223,12.22649098,1.393619972,0.23332871,3.680166436,17.91026352,18.04008322,18.04008322,1006.976006,0,0,222.2052705,3.185298197,231.3398058,0.591955617,0.042274619,0.653398058,0,0,23.80305132,52.56033287,13.49112344,23.78224688,9.646116505,1.163846602,0.026255201,219.0249653,96.03869626,507.185
42.866043,0.492331,1125.435883,0.172294,0.198993,0.797691,0.786763,0.667239,0.668418,0.666786,0.749515,0.880215,14.66671296,14.78703704,14.54715278,65.08449074,7.292916667,2.23537037,0.374199074,5.808703704,14.62590278,14.24604167,14.20527778,1009.283958,0.000993056,0.011736111,157.844213,2.262752315,175.0472222,0.252939815,0.018083333,0.303703704,0.020212037,0.004403704,19.2249537,43.74837963,6.445902778,18.04525463,8.36693287,1.191587431,0.019657407,227.4821759,99.41319444,14.76877315,14.91398148,14.6231713,67.87199074,7.953865741,1.965694444,0.329,5.058171296,14.74333333,14.46861111,14.44310185,1010.451759,0.000405093,0,199.4238426,2.858810185,208.030787,0.45287037,0.032310185,0.487291667,0,0,20.37962963,48.66134259,9.11275463,19.55717593,9.09362037,1.18617162,0.02344213,213.8078704,93.70842593,17.91026352,18.06574202,17.75963939,72.21359223,12.22649098,1.393619972,0.23332871,3.680166436,17.91026352,18.04008322,18.04008322,1006.976006,0,0,222.2052705,3.185298197,231.3398058,0.591955617,0.042274619,0.653398058,0,0,23.80305132,52.56033287,13.49112344,23.78224688,9.646116505,1.163846602,0.026255201,219.0249653,96.03869626,553.957
44.600811,0.505381,1062.144804,0.176401,0.204567,0.787982,0.759263,0.721532,0.661594,0.633492,0.734527,0.864537,14.66671296,14.78703704,14.54715278,65.08449074,7.292916667,2.23537037,0.374199074,5.808703704,14.62590278,14.24604167,14.20527778,1009.283958,0.000993056,0.011736111,157.844213,2.262752315,175.0472222,0.252939815,0.018083333,0.303703704,0.020212037,0.004403704,19.2249537,43.74837963,6.445902778,18.04525463,8.36693287,1.191587431,0.019657407,227.4821759,99.41319444,14.76877315,14.91398148,14.6231713,67.87199074,7.953865741,1.965694444,0.329,5.058171296,14.74333333,14.46861111,14.44310185,1010.451759,0.000405093,0,199.4238426,2.858810185,208.030787,0.45287037,0.032310185,0.487291667,0,0,20.37962963,48.66134259,9.11275463,19.55717593,9.09362037,1.18617162,0.02344213,213.8078704,93.70842593,17.91026352,18.06574202,17.75963939,72.21359223,12.22649098,1.393619972,0.23332871,3.680166436,17.91026352,18.04008322,18.04008322,1006.976006,0,0,222.2052705,3.185298197,231.3398058,0.591955617,0.042274619,0.653398058,0,0,23.80305132,52.56033287,13.49112344,23.78224688,9.646116505,1.163846602,0.026255201,219.0249653,96.03869626,535.5983
35.825,0.4035,1036.13,0.1725,0.2155,0.83,0.768,0.681,0.759,0.7075,0.8175,0.8965,14.66671296,14.78703704,14.54715278,65.08449074,7.292916667,2.23537037,0.374199074,5.808703704,14.62590278,14.24604167,14.20527778,1009.283958,0.000993056,0.011736111,157.844213,2.262752315,175.0472222,0.252939815,0.018083333,0.303703704,0.020212037,0.004403704,19.2249537,43.74837963,6.445902778,18.04525463,8.36693287,1.191587431,0.019657407,227.4821759,99.41319444,14.76877315,14.91398148,14.6231713,67.87199074,7.953865741,1.965694444,0.329,5.058171296,14.74333333,14.46861111,14.44310185,1010.451759,0.000405093,0,199.4238426,2.858810185,208.030787,0.45287037,0.032310185,0.487291667,0,0,20.37962963,48.66134259,9.11275463,19.55717593,9.09362037,1.18617162,0.02344213,213.8078704,93.70842593,17.91026352,18.06574202,17.75963939,72.21359223,12.22649098,1.393619972,0.23332871,3.680166436,17.91026352,18.04008322,18.04008322,1006.976006,0,0,222.2052705,3.185298197,231.3398058,0.591955617,0.042274619,0.653398058,0,0,23.80305132,52.56033287,13.49112344,23.78224688,9.646116505,1.163846602,0.026255201,219.0249653,96.03869626,409.865
43.651036,0.496347,1237.790965,0.170861,0.199014,0.801497,0.752661,0.704692,0.636788,0.646285,0.729729,0.873068,14.66671296,14.78703704,14.54715278,65.08449074,7.292916667,2.23537037,0.374199074,5.808703704,14.62590278,14.24604167,14.20527778,1009.283958,0.000993056,0.011736111,157.844213,2.262752315,175.0472222,0.252939815,0.018083333,0.303703704,0.020212037,0.004403704,19.2249537,43.74837963,6.445902778,18.04525463,8.36693287,1.191587431,0.019657407,227.4821759,99.41319444,14.76877315,14.91398148,14.6231713,67.87199074,7.953865741,1.965694444,0.329,5.058171296,14.74333333,14.46861111,14.44310185,1010.451759,0.000405093,0,199.4238426,2.858810185,208.030787,0.45287037,0.032310185,0.487291667,0,0,20.37962963,48.66134259,9.11275463,19.55717593,9.09362037,1.18617162,0.02344213,213.8078704,93.70842593,17.91026352,18.06574202,17.75963939,72.21359223,12.22649098,1.393619972,0.23332871,3.680166436,17.91026352,18.04008322,18.04008322,1006.976006,0,0,222.2052705,3.185298197,231.3398058,0.591955617,0.042274619,0.653398058,0,0,23.80305132,52.56033287,13.49112344,23.78224688,9.646116505,1.163846602,0.026255201,219.0249653,96.03869626,613.354
41.604059,0.400711,1257.840505,0.179951,0.215364,0.794518,0.811784,0.767569,0.730452,0.650223,0.726779,0.884457,14.66671296,14.78703704,14.54715278,65.08449074,7.292916667,2.23537037,0.374199074,5.808703704,14.62590278,14.24604167,14.20527778,1009.283958,0.000993056,0.011736111,157.844213,2.262752315,175.0472222,0.252939815,0.018083333,0.303703704,0.020212037,0.004403704,19.2249537,43.74837963,6.445902778,18.04525463,8.36693287,1.191587431,0.019657407,227.4821759,99.41319444,14.76877315,14.91398148,14.6231713,67.87199074,7.953865741,1.965694444,0.329,5.058171296,14.74333333,14.46861111,14.44310185,1010.451759,0.000405093,0,199.4238426,2.858810185,208.030787,0.45287037,0.032310185,0.487291667,0,0,20.37962963,48.66134259,9.11275463,19.55717593,9.09362037,1.18617162,0.02344213,213.8078704,93.70842593,17.91026352,18.06574202,17.75963939,72.21359223,12.22649098,1.393619972,0.23332871,3.680166436,17.91026352,18.04008322,18.04008322,1006.976006,0,0,222.2052705,3.185298197,231.3398058,0.591955617,0.042274619,0.653398058,0,0,23.80305132,52.56033287,13.49112344,23.78224688,9.646116505,1.163846602,0.026255201,219.0249653,96.03869626,504.1498
35.241043,0.443331,1539.825883,0.175794,0.235993,0.777191,0.820263,0.735239,0.668918,0.696286,0.799515,0.890215,14.66671296,14.78703704,14.54715278,65.08449074,7.292916667,2.23537037,0.374199074,5.808703704,14.62590278,14.24604167,14.20527778,1009.283958,0.000993056,0.011736111,157.844213,2.262752315,175.0472222,0.252939815,0.018083333,0.303703704,0.020212037,0.004403704,19.2249537,43.74837963,6.445902778,18.04525463,8.36693287,1.191587431,0.019657407,227.4821759,99.41319444,14.76877315,14.91398148,14.6231713,67.87199074,7.953865741,1.965694444,0.329,5.058171296,14.74333333,14.46861111,14.44310185,1010.451759,0.000405093,0,199.4238426,2.858810185,208.030787,0.45287037,0.032310185,0.487291667,0,0,20.37962963,48.66134259,9.11275463,19.55717593,9.09362037,1.18617162,0.02344213,213.8078704,93.70842593,17.91026352,18.06574202,17.75963939,72.21359223,12.22649098,1.393619972,0.23332871,3.680166436,17.91026352,18.04008322,18.04008322,1006.976006,0,0,222.2052705,3.185298197,231.3398058,0.591955617,0.042274619,0.653398058,0,0,23.80305132,52.56033287,13.49112344,23.78224688,9.646116505,1.163846602,0.026255201,219.0249653,96.03869626,679.722
39.15,0.409,631.04,0.1965,0.2275,0.8325,0.7875,0.713,0.7665,0.706,0.7975,0.887,14.66671296,14.78703704,14.54715278,65.08449074,7.292916667,2.23537037,0.374199074,5.808703704,14.62590278,14.24604167,14.20527778,1009.283958,0.000993056,0.011736111,157.844213,2.262752315,175.0472222,0.252939815,0.018083333,0.303703704,0.020212037,0.004403704,19.2249537,43.74837963,6.445902778,18.04525463,8.36693287,1.191587431,0.019657407,227.4821759,99.41319444,14.76877315,14.91398148,14.6231713,67.87199074,7.953865741,1.965694444,0.329,5.058171296,14.74333333,14.46861111,14.44310185,1010.451759,0.000405093,0,199.4238426,2.858810185,208.030787,0.45287037,0.032310185,0.487291667,0,0,20.37962963,48.66134259,9.11275463,19.55717593,9.09362037,1.18617162,0.02344213,213.8078704,93.70842593,17.91026352,18.06574202,17.75963939,72.21359223,12.22649098,1.393619972,0.23332871,3.680166436,17.91026352,18.04008322,18.04008322,1006.976006,0,0,222.2052705,3.185298197,231.3398058,0.591955617,0.042274619,0.653398058,0,0,23.80305132,52.56033287,13.49112344,23.78224688,9.646116505,1.163846602,0.026255201,219.0249653,96.03869626,254.905
37.176735,0.437402,1208.009071,0.18139,0.211502,0.79444,0.749408,0.630197,0.623044,0.649879,0.696694,0.838612,14.66671296,14.78703704,14.54715278,65.08449074,7.292916667,2.23537037,0.374199074,5.808703704,14.62590278,14.24604167,14.20527778,1009.283958,0.000993056,0.011736111,157.844213,2.262752315,175.0472222,0.252939815,0.018083333,0.303703704,0.020212037,0.004403704,19.2249537,43.74837963,6.445902778,18.04525463,8.36693287,1.191587431,0.019657407,227.4821759,99.41319444,14.76877315,14.91398148,14.6231713,67.87199074,7.953865741,1.965694444,0.329,5.058171296,14.74333333,14.46861111,14.44310185,1010.451759,0.000405093,0,199.4238426,2.858810185,208.030787,0.45287037,0.032310185,0.487291667,0,0,20.37962963,48.66134259,9.11275463,19.55717593,9.09362037,1.18617162,0.02344213,213.8078704,93.70842593,17.91026352,18.06574202,17.75963939,72.21359223,12.22649098,1.393619972,0.23332871,3.680166436,17.91026352,18.04008322,18.04008322,1006.976006,0,0,222.2052705,3.185298197,231.3398058,0.591955617,0.042274619,0.653398058,0,0,23.80305132,52.56033287,13.49112344,23.78224688,9.646116505,1.163846602,0.026255201,219.0249653,96.03869626,527.2887
44.223763,0.443321,1289.963974,0.182899,0.205571,0.807582,0.727806,0.61732,0.62778,0.699428,0.771549,0.883146,14.66671296,14.78703704,14.54715278,65.08449074,7.292916667,2.23537037,0.374199074,5.808703704,14.62590278,14.24604167,14.20527778,1009.283958,0.000993056,0.011736111,157.844213,2.262752315,175.0472222,0.252939815,0.018083333,0.303703704,0.020212037,0.004403704,19.2249537,43.74837963,6.445902778,18.04525463,8.36693287,1.191587431,0.019657407,227.4821759,99.41319444,14.76877315,14.91398148,14.6231713,67.87199074,7.953865741,1.965694444,0.329,5.058171296,14.74333333,14.46861111,14.44310185,1010.451759,0.000405093,0,199.4238426,2.858810185,208.030787,0.45287037,0.032310185,0.487291667,0,0,20.37962963,48.66134259,9.11275463,19.55717593,9.09362037,1.18617162,0.02344213,213.8078704,93.70842593,17.91026352,18.06574202,17.75963939,72.21359223,12.22649098,1.393619972,0.23332871,3.680166436,17.91026352,18.04008322,18.04008322,1006.976006,0,0,222.2052705,3.185298197,231.3398058,0.591955617,0.042274619,0.653398058,0,0,23.80305132,52.56033287,13.49112344,23.78224688,9.646116505,1.163846602,0.026255201,219.0249653,96.03869626,571.4099
42.141295,0.468717,1082.605309,0.165413,0.176904,0.699151,0.751056,0.764908,0.598475,0.570747,0.680612,0.85821,14.66671296,14.78703704,14.54715278,65.08449074,7.292916667,2.23537037,0.374199074,5.808703704,14.62590278,14.24604167,14.20527778,1009.283958,0.000993056,0.011736111,157.844213,2.262752315,175.0472222,0.252939815,0.018083333,0.303703704,0.020212037,0.004403704,19.2249537,43.74837963,6.445902778,18.04525463,8.36693287,1.191587431,0.019657407,227.4821759,99.41319444,14.76877315,14.91398148,14.6231713,67.87199074,7.953865741,1.965694444,0.329,5.058171296,14.74333333,14.46861111,14.44310185,1010.451759,0.000405093,0,199.4238426,2.858810185,208.030787,0.45287037,0.032310185,0.487291667,0,0,20.37962963,48.66134259,9.11275463,19.55717593,9.09362037,1.18617162,0.02344213,213.8078704,93.70842593,17.91026352,18.06574202,17.75963939,72.21359223,12.22649098,1.393619972,0.23332871,3.680166436,17.91026352,18.04008322,18.04008322,1006.976006,0,0,222.2052705,3.185298197,231.3398058,0.591955617,0.042274619,0.653398058,0,0,23.80305132,52.56033287,13.49112344,23.78224688,9.646116505,1.163846602,0.026255201,219.0249653,96.03869626,505.5604
47.04385,0.490776,1338.134909,0.164527,0.18045,0.738414,0.743494,0.584861,0.629898,0.587763,0.684601,0.85864,14.66671296,14.78703704,14.54715278,65.08449074,7.292916667,2.23537037,0.374199074,5.808703704,14.62590278,14.24604167,14.20527778,1009.283958,0.000993056,0.011736111,157.844213,2.262752315,175.0472222,0.252939815,0.018083333,0.303703704,0.020212037,0.004403704,19.2249537,43.74837963,6.445902778,18.04525463,8.36693287,1.191587431,0.019657407,227.4821759,99.41319444,14.76877315,14.91398148,14.6231713,67.87199074,7.953865741,1.965694444,0.329,5.058171296,14.74333333,14.46861111,14.44310185,1010.451759,0.000405093,0,199.4238426,2.858810185,208.030787,0.45287037,0.032310185,0.487291667,0,0,20.37962963,48.66134259,9.11275463,19.55717593,9.09362037,1.18617162,0.02344213,213.8078704,93.70842593,17.91026352,18.06574202,17.75963939,72.21359223,12.22649098,1.393619972,0.23332871,3.680166436,17.91026352,18.04008322,18.04008322,1006.976006,0,0,222.2052705,3.185298197,231.3398058,0.591955617,0.042274619,0.653398058,0,0,23.80305132,52.56033287,13.49112344,23.78224688,9.646116505,1.163846602,0.026255201,219.0249653,96.03869626,662.3418
31.08089,0.32401,1118.19143,0.173375,0.188801,0.771527,0.751798,0.68301,0.730969,0.723885,0.813489,0.890928,14.66671296,14.78703704,14.54715278,65.08449074,7.292916667,2.23537037,0.374199074,5.808703704,14.62590278,14.24604167,14.20527778,1009.283958,0.000993056,0.011736111,157.844213,2.262752315,175.0472222,0.252939815,0.018083333,0.303703704,0.020212037,0.004403704,19.2249537,43.74837963,6.445902778,18.04525463,8.36693287,1.191587431,0.019657407,227.4821759,99.41319444,14.76877315,14.91398148,14.6231713,67.87199074,7.953865741,1.965694444,0.329,5.058171296,14.74333333,14.46861111,14.44310185,1010.451759,0.000405093,0,199.4238426,2.858810185,208.030787,0.45287037,0.032310185,0.487291667,0,0,20.37962963,48.66134259,9.11275463,19.55717593,9.09362037,1.18617162,0.02344213,213.8078704,93.70842593,17.91026352,18.06574202,17.75963939,72.21359223,12.22649098,1.393619972,0.23332871,3.680166436,17.91026352,18.04008322,18.04008322,1006.976006,0,0,222.2052705,3.185298197,231.3398058,0.591955617,0.042274619,0.653398058,0,0,23.80305132,52.56033287,13.49112344,23.78224688,9.646116505,1.163846602,0.026255201,219.0249653,96.03869626,359.8664
45.71885,0.510776,1296.069909,0.164027,0.19195,0.769914,0.738494,0.629861,0.576398,0.631763,0.707101,0.87114,14.66671296,14.78703704,14.54715278,65.08449074,7.292916667,2.23537037,0.374199074,5.808703704,14.62590278,14.24604167,14.20527778,1009.283958,0.000993056,0.011736111,157.844213,2.262752315,175.0472222,0.252939815,0.018083333,0.303703704,0.020212037,0.004403704,19.2249537,43.74837963,6.445902778,18.04525463,8.36693287,1.191587431,0.019657407,227.4821759,99.41319444,14.76877315,14.91398148,14.6231713,67.87199074,7.953865741,1.965694444,0.329,5.058171296,14.74333333,14.46861111,14.44310185,1010.451759,0.000405093,0,199.4238426,2.858810185,208.030787,0.45287037,0.032310185,0.487291667,0,0,20.37962963,48.66134259,9.11275463,19.55717593,9.09362037,1.18617162,0.02344213,213.8078704,93.70842593,17.91026352,18.06574202,17.75963939,72.21359223,12.22649098,1.393619972,0.23332871,3.680166436,17.91026352,18.04008322,18.04008322,1006.976006,0,0,222.2052705,3.185298197,231.3398058,0.591955617,0.042274619,0.653398058,0,0,23.80305132,52.56033287,13.49112344,23.78224688,9.646116505,1.163846602,0.026255201,219.0249653,96.03869626,663.6568
36.197029,0.178166,298.25209,0.187678,0.20358,0.804043,0.808832,0.804401,0.74549,0.714094,0.821981,0.887765,14.66671296,14.78703704,14.54715278,65.08449074,7.292916667,2.23537037,0.374199074,5.808703704,14.62590278,14.24604167,14.20527778,1009.283958,0.000993056,0.011736111,157.844213,2.262752315,175.0472222,0.252939815,0.018083333,0.303703704,0.020212037,0.004403704,19.2249537,43.74837963,6.445902778,18.04525463,8.36693287,1.191587431,0.019657407,227.4821759,99.41319444,14.76877315,14.91398148,14.6231713,67.87199074,7.953865741,1.965694444,0.329,5.058171296,14.74333333,14.46861111,14.44310185,1010.451759,0.000405093,0,199.4238426,2.858810185,208.030787,0.45287037,0.032310185,0.487291667,0,0,20.37962963,48.66134259,9.11275463,19.55717593,9.09362037,1.18617162,0.02344213,213.8078704,93.70842593,17.91026352,18.06574202,17.75963939,72.21359223,12.22649098,1.393619972,0.23332871,3.680166436,17.91026352,18.04008322,18.04008322,1006.976006,0,0,222.2052705,3.185298197,231.3398058,0.591955617,0.042274619,0.653398058,0,0,23.80305132,52.56033287,13.49112344,23.78224688,9.646116505,1.163846602,0.026255201,219.0249653,96.03869626,45.7955
34.939822,0.480596,971.623721,0.163624,0.191193,0.70386,0.746846,0.719641,0.63012,0.620899,0.736122,0.871936,14.66671296,14.78703704,14.54715278,65.08449074,7.292916667,2.23537037,0.374199074,5.808703704,14.62590278,14.24604167,14.20527778,1009.283958,0.000993056,0.011736111,157.844213,2.262752315,175.0472222,0.252939815,0.018083333,0.303703704,0.020212037,0.004403704,19.2249537,43.74837963,6.445902778,18.04525463,8.36693287,1.191587431,0.019657407,227.4821759,99.41319444,14.76877315,14.91398148,14.6231713,67.87199074,7.953865741,1.965694444,0.329,5.058171296,14.74333333,14.46861111,14.44310185,1010.451759,0.000405093,0,199.4238426,2.858810185,208.030787,0.45287037,0.032310185,0.487291667,0,0,20.37962963,48.66134259,9.11275463,19.55717593,9.09362037,1.18617162,0.02344213,213.8078704,93.70842593,17.91026352,18.06574202,17.75963939,72.21359223,12.22649098,1.393619972,0.23332871,3.680166436,17.91026352,18.04008322,18.04008322,1006.976006,0,0,222.2052705,3.185298197,231.3398058,0.591955617,0.042274619,0.653398058,0,0,23.80305132,52.56033287,13.49112344,23.78224688,9.646116505,1.163846602,0.026255201,219.0249653,96.03869626,466.8301
33.09385,0.471276,1225.899909,0.167027,0.22245,0.803414,0.786994,0.714361,0.626898,0.692763,0.771101,0.88564,14.66671296,14.78703704,14.54715278,65.08449074,7.292916667,2.23537037,0.374199074,5.808703704,14.62590278,14.24604167,14.20527778,1009.283958,0.000993056,0.011736111,157.844213,2.262752315,175.0472222,0.252939815,0.018083333,0.303703704,0.020212037,0.004403704,19.2249537,43.74837963,6.445902778,18.04525463,8.36693287,1.191587431,0.019657407,227.4821759,99.41319444,14.76877315,14.91398148,14.6231713,67.87199074,7.953865741,1.965694444,0.329,5.058171296,14.74333333,14.46861111,14.44310185,1010.451759,0.000405093,0,199.4238426,2.858810185,208.030787,0.45287037,0.032310185,0.487291667,0,0,20.37962963,48.66134259,9.11275463,19.55717593,9.09362037,1.18617162,0.02344213,213.8078704,93.70842593,17.91026352,18.06574202,17.75963939,72.21359223,12.22649098,1.393619972,0.23332871,3.680166436,17.91026352,18.04008322,18.04008322,1006.976006,0,0,222.2052705,3.185298197,231.3398058,0.591955617,0.042274619,0.653398058,0,0,23.80305132,52.56033287,13.49112344,23.78224688,9.646116505,1.163846602,0.026255201,219.0249653,96.03869626,580.3668
33.05175,0.494393,1144.299117,0.173186,0.206772,0.74665,0.777564,0.753758,0.674034,0.656526,0.73445,0.865978,14.66671296,14.78703704,14.54715278,65.08449074,7.292916667,2.23537037,0.374199074,5.808703704,14.62590278,14.24604167,14.20527778,1009.283958,0.000993056,0.011736111,157.844213,2.262752315,175.0472222,0.252939815,0.018083333,0.303703704,0.020212037,0.004403704,19.2249537,43.74837963,6.445902778,18.04525463,8.36693287,1.191587431,0.019657407,227.4821759,99.41319444,14.76877315,14.91398148,14.6231713,67.87199074,7.953865741,1.965694444,0.329,5.058171296,14.74333333,14.46861111,14.44310185,1010.451759,0.000405093,0,199.4238426,2.858810185,208.030787,0.45287037,0.032310185,0.487291667,0,0,20.37962963,48.66134259,9.11275463,19.55717593,9.09362037,1.18617162,0.02344213,213.8078704,93.70842593,17.91026352,18.06574202,17.75963939,72.21359223,12.22649098,1.393619972,0.23332871,3.680166436,17.91026352,18.04008322,18.04008322,1006.976006,0,0,222.2052705,3.185298197,231.3398058,0.591955617,0.042274619,0.653398058,0,0,23.80305132,52.56033287,13.49112344,23.78224688,9.646116505,1.163846602,0.026255201,219.0249653,96.03869626,565.9559
34.922428,0.484578,1276.545261,0.164801,0.184019,0.719571,0.743429,0.706768,0.682217,0.610854,0.725645,0.859313,14.66671296,14.78703704,14.54715278,65.08449074,7.292916667,2.23537037,0.374199074,5.808703704,14.62590278,14.24604167,14.20527778,1009.283958,0.000993056,0.011736111,157.844213,2.262752315,175.0472222,0.252939815,0.018083333,0.303703704,0.020212037,0.004403704,19.2249537,43.74837963,6.445902778,18.04525463,8.36693287,1.191587431,0.019657407,227.4821759,99.41319444,14.76877315,14.91398148,14.6231713,67.87199074,7.953865741,1.965694444,0.329,5.058171296,14.74333333,14.46861111,14.44310185,1010.451759,0.000405093,0,199.4238426,2.858810185,208.030787,0.45287037,0.032310185,0.487291667,0,0,20.37962963,48.66134259,9.11275463,19.55717593,9.09362037,1.18617162,0.02344213,213.8078704,93.70842593,17.91026352,18.06574202,17.75963939,72.21359223,12.22649098,1.393619972,0.23332871,3.680166436,17.91026352,18.04008322,18.04008322,1006.976006,0,0,222.2052705,3.185298197,231.3398058,0.591955617,0.042274619,0.653398058,0,0,23.80305132,52.56033287,13.49112344,23.78224688,9.646116505,1.163846602,0.026255201,219.0249653,96.03869626,618.5932
40.189212,0.485063,1630.776873,0.179392,0.225036,0.804494,0.751675,0.704344,0.668899,0.709714,0.778352,0.888333,14.66671296,14.78703704,14.54715278,65.08449074,7.292916667,2.23537037,0.374199074,5.808703704,14.62590278,14.24604167,14.20527778,1009.283958,0.000993056,0.011736111,157.844213,2.262752315,175.0472222,0.252939815,0.018083333,0.303703704,0.020212037,0.004403704,19.2249537,43.74837963,6.445902778,18.04525463,8.36693287,1.191587431,0.019657407,227.4821759,99.41319444,14.76877315,14.91398148,14.6231713,67.87199074,7.953865741,1.965694444,0.329,5.058171296,14.74333333,14.46861111,14.44310185,1010.451759,0.000405093,0,199.4238426,2.858810185,208.030787,0.45287037,0.032310185,0.487291667,0,0,20.37962963,48.66134259,9.11275463,19.55717593,9.09362037,1.18617162,0.02344213,213.8078704,93.70842593,17.91026352,18.06574202,17.75963939,72.21359223,12.22649098,1.393619972,0.23332871,3.680166436,17.91026352,18.04008322,18.04008322,1006.976006,0,0,222.2052705,3.185298197,231.3398058,0.591955617,0.042274619,0.653398058,0,0,23.80305132,52.56033287,13.49112344,23.78224688,9.646116505,1.163846602,0.026255201,219.0249653,96.03869626,792.1191
41.351959,0.472912,1623.525452,0.175242,0.211636,0.820474,0.762697,0.676902,0.618384,0.666574,0.743801,0.879237,14.66671296,14.78703704,14.54715278,65.08449074,7.292916667,2.23537037,0.374199074,5.808703704,14.62590278,14.24604167,14.20527778,1009.283958,0.000993056,0.011736111,157.844213,2.262752315,175.0472222,0.252939815,0.018083333,0.303703704,0.020212037,0.004403704,19.2249537,43.74837963,6.445902778,18.04525463,8.36693287,1.191587431,0.019657407,227.4821759,99.41319444,14.76877315,14.91398148,14.6231713,67.87199074,7.953865741,1.965694444,0.329,5.058171296,14.74333333,14.46861111,14.44310185,1010.451759,0.000405093,0,199.4238426,2.858810185,208.030787,0.45287037,0.032310185,0.487291667,0,0,20.37962963,48.66134259,9.11275463,19.55717593,9.09362037,1.18617162,0.02344213,213.8078704,93.70842593,17.91026352,18.06574202,17.75963939,72.21359223,12.22649098,1.393619972,0.23332871,3.680166436,17.91026352,18.04008322,18.04008322,1006.976006,0,0,222.2052705,3.185298197,231.3398058,0.591955617,0.042274619,0.653398058,0,0,23.80305132,52.56033287,13.49112344,23.78224688,9.646116505,1.163846602,0.026255201,219.0249653,96.03869626,765.6685
37.675139,0.470522,1140.096067,0.181157,0.253945,0.822557,0.73898,0.705039,0.690956,0.726766,0.760077,0.88462,14.66671296,14.78703704,14.54715278,65.08449074,7.292916667,2.23537037,0.374199074,5.808703704,14.62590278,14.24604167,14.20527778,1009.283958,0.000993056,0.011736111,157.844213,2.262752315,175.0472222,0.252939815,0.018083333,0.303703704,0.020212037,0.004403704,19.2249537,43.74837963,6.445902778,18.04525463,8.36693287,1.191587431,0.019657407,227.4821759,99.41319444,14.76877315,14.91398148,14.6231713,67.87199074,7.953865741,1.965694444,0.329,5.058171296,14.74333333,14.46861111,14.44310185,1010.451759,0.000405093,0,199.4238426,2.858810185,208.030787,0.45287037,0.032310185,0.487291667,0,0,20.37962963,48.66134259,9.11275463,19.55717593,9.09362037,1.18617162,0.02344213,213.8078704,93.70842593,17.91026352,18.06574202,17.75963939,72.21359223,12.22649098,1.393619972,0.23332871,3.680166436,17.91026352,18.04008322,18.04008322,1006.976006,0,0,222.2052705,3.185298197,231.3398058,0.591955617,0.042274619,0.653398058,0,0,23.80305132,52.56033287,13.49112344,23.78224688,9.646116505,1.163846602,0.026255201,219.0249653,96.03869626,531.7228
42.825758,0.472112,1288.013309,0.167852,0.176934,0.769291,0.769775,0.720085,0.725494,0.602374,0.712816,0.877406,14.66671296,14.78703704,14.54715278,65.08449074,7.292916667,2.23537037,0.374199074,5.808703704,14.62590278,14.24604167,14.20527778,1009.283958,0.000993056,0.011736111,157.844213,2.262752315,175.0472222,0.252939815,0.018083333,0.303703704,0.020212037,0.004403704,19.2249537,43.74837963,6.445902778,18.04525463,8.36693287,1.191587431,0.019657407,227.4821759,99.41319444,14.76877315,14.91398148,14.6231713,67.87199074,7.953865741,1.965694444,0.329,5.058171296,14.74333333,14.46861111,14.44310185,1010.451759,0.000405093,0,199.4238426,2.858810185,208.030787,0.45287037,0.032310185,0.487291667,0,0,20.37962963,48.66134259,9.11275463,19.55717593,9.09362037,1.18617162,0.02344213,213.8078704,93.70842593,17.91026352,18.06574202,17.75963939,72.21359223,12.22649098,1.393619972,0.23332871,3.680166436,17.91026352,18.04008322,18.04008322,1006.976006,0,0,222.2052705,3.185298197,231.3398058,0.591955617,0.042274619,0.653398058,0,0,23.80305132,52.56033287,13.49112344,23.78224688,9.646116505,1.163846602,0.026255201,219.0249653,96.03869626,607.8472
35.418022,0.457194,1197.825264,0.170467,0.203954,0.768987,0.758744,0.695095,0.666885,0.643064,0.744598,0.874803,14.66671296,14.78703704,14.54715278,65.08449074,7.292916667,2.23537037,0.374199074,5.808703704,14.62590278,14.24604167,14.20527778,1009.283958,0.000993056,0.011736111,157.844213,2.262752315,175.0472222,0.252939815,0.018083333,0.303703704,0.020212037,0.004403704,19.2249537,43.74837963,6.445902778,18.04525463,8.36693287,1.191587431,0.019657407,227.4821759,99.41319444,14.76877315,14.91398148,14.6231713,67.87199074,7.953865741,1.965694444,0.329,5.058171296,14.74333333,14.46861111,14.44310185,1010.451759,0.000405093,0,199.4238426,2.858810185,208.030787,0.45287037,0.032310185,0.487291667,0,0,20.37962963,48.66134259,9.11275463,19.55717593,9.09362037,1.18617162,0.02344213,213.8078704,93.70842593,17.91026352,18.06574202,17.75963939,72.21359223,12.22649098,1.393619972,0.23332871,3.680166436,17.91026352,18.04008322,18.04008322,1006.976006,0,0,222.2052705,3.185298197,231.3398058,0.591955617,0.042274619,0.653398058,0,0,23.80305132,52.56033287,13.49112344,23.78224688,9.646116505,1.163846602,0.026255201,219.0249653,96.03869626,547.5715
36.868746,0.495479,1234.229337,0.173713,0.217651,0.769519,0.71884,0.706744,0.65291,0.670284,0.767747,0.893016,14.66671296,14.78703704,14.54715278,65.08449074,7.292916667,2.23537037,0.374199074,5.808703704,14.62590278,14.24604167,14.20527778,1009.283958,0.000993056,0.011736111,157.844213,2.262752315,175.0472222,0.252939815,0.018083333,0.303703704,0.020212037,0.004403704,19.2249537,43.74837963,6.445902778,18.04525463,8.36693287,1.191587431,0.019657407,227.4821759,99.41319444,14.76877315,14.91398148,14.6231713,67.87199074,7.953865741,1.965694444,0.329,5.058171296,14.74333333,14.46861111,14.44310185,1010.451759,0.000405093,0,199.4238426,2.858810185,208.030787,0.45287037,0.032310185,0.487291667,0,0,20.37962963,48.66134259,9.11275463,19.55717593,9.09362037,1.18617162,0.02344213,213.8078704,93.70842593,17.91026352,18.06574202,17.75963939,72.21359223,12.22649098,1.393619972,0.23332871,3.680166436,17.91026352,18.04008322,18.04008322,1006.976006,0,0,222.2052705,3.185298197,231.3398058,0.591955617,0.042274619,0.653398058,0,0,23.80305132,52.56033287,13.49112344,23.78224688,9.646116505,1.163846602,0.026255201,219.0249653,96.03869626,611.2202
35.189643,0.486398,1281.575758,0.177722,0.199132,0.787269,0.780518,0.696925,0.600904,0.674609,0.767361,0.876812,14.66671296,14.78703704,14.54715278,65.08449074,7.292916667,2.23537037,0.374199074,5.808703704,14.62590278,14.24604167,14.20527778,1009.283958,0.000993056,0.011736111,157.844213,2.262752315,175.0472222,0.252939815,0.018083333,0.303703704,0.020212037,0.004403704,19.2249537,43.74837963,6.445902778,18.04525463,8.36693287,1.191587431,0.019657407,227.4821759,99.41319444,14.76877315,14.91398148,14.6231713,67.87199074,7.953865741,1.965694444,0.329,5.058171296,14.74333333,14.46861111,14.44310185,1010.451759,0.000405093,0,199.4238426,2.858810185,208.030787,0.45287037,0.032310185,0.487291667,0,0,20.37962963,48.66134259,9.11275463,19.55717593,9.09362037,1.18617162,0.02344213,213.8078704,93.70842593,17.91026352,18.06574202,17.75963939,72.21359223,12.22649098,1.393619972,0.23332871,3.680166436,17.91026352,18.04008322,18.04008322,1006.976006,0,0,222.2052705,3.185298197,231.3398058,0.591955617,0.042274619,0.653398058,0,0,23.80305132,52.56033287,13.49112344,23.78224688,9.646116505,1.163846602,0.026255201,219.0249653,96.03869626,623.6013
39.392794,0.502264,1384.23807,0.176817,0.207055,0.80413,0.764317,0.678238,0.649387,0.693431,0.764496,0.878532,14.66671296,14.78703704,14.54715278,65.08449074,7.292916667,2.23537037,0.374199074,5.808703704,14.62590278,14.24604167,14.20527778,1009.283958,0.000993056,0.011736111,157.844213,2.262752315,175.0472222,0.252939815,0.018083333,0.303703704,0.020212037,0.004403704,19.2249537,43.74837963,6.445902778,18.04525463,8.36693287,1.191587431,0.019657407,227.4821759,99.41319444,14.76877315,14.91398148,14.6231713,67.87199074,7.953865741,1.965694444,0.329,5.058171296,14.74333333,14.46861111,14.44310185,1010.451759,0.000405093,0,199.4238426,2.858810185,208.030787,0.45287037,0.032310185,0.487291667,0,0,20.37962963,48.66134259,9.11275463,19.55717593,9.09362037,1.18617162,0.02344213,213.8078704,93.70842593,17.91026352,18.06574202,17.75963939,72.21359223,12.22649098,1.393619972,0.23332871,3.680166436,17.91026352,18.04008322,18.04008322,1006.976006,0,0,222.2052705,3.185298197,231.3398058,0.591955617,0.042274619,0.653398058,0,0,23.80305132,52.56033287,13.49112344,23.78224688,9.646116505,1.163846602,0.026255201,219.0249653,96.03869626,696.6295
44.875013,0.499172,1288.461738,0.181422,0.231758,0.851722,0.798303,0.694843,0.642933,0.72287,0.782105,0.869475,14.66671296,14.78703704,14.54715278,65.08449074,7.292916667,2.23537037,0.374199074,5.808703704,14.62590278,14.24604167,14.20527778,1009.283958,0.000993056,0.011736111,157.844213,2.262752315,175.0472222,0.252939815,0.018083333,0.303703704,0.020212037,0.004403704,19.2249537,43.74837963,6.445902778,18.04525463,8.36693287,1.191587431,0.019657407,227.4821759,99.41319444,14.76877315,14.91398148,14.6231713,67.87199074,7.953865741,1.965694444,0.329,5.058171296,14.74333333,14.46861111,14.44310185,1010.451759,0.000405093,0,199.4238426,2.858810185,208.030787,0.45287037,0.032310185,0.487291667,0,0,20.37962963,48.66134259,9.11275463,19.55717593,9.09362037,1.18617162,0.02344213,213.8078704,93.70842593,17.91026352,18.06574202,17.75963939,72.21359223,12.22649098,1.393619972,0.23332871,3.680166436,17.91026352,18.04008322,18.04008322,1006.976006,0,0,222.2052705,3.185298197,231.3398058,0.591955617,0.042274619,0.653398058,0,0,23.80305132,52.56033287,13.49112344,23.78224688,9.646116505,1.163846602,0.026255201,219.0249653,96.03869626,641.2868
40.051735,0.500902,1441.929071,0.17839,0.189502,0.76944,0.791408,0.734697,0.680044,0.600379,0.701694,0.855612,14.66671296,14.78703704,14.54715278,65.08449074,7.292916667,2.23537037,0.374199074,5.808703704,14.62590278,14.24604167,14.20527778,1009.283958,0.000993056,0.011736111,157.844213,2.262752315,175.0472222,0.252939815,0.018083333,0.303703704,0.020212037,0.004403704,19.2249537,43.74837963,6.445902778,18.04525463,8.36693287,1.191587431,0.019657407,227.4821759,99.41319444,14.76877315,14.91398148,14.6231713,67.87199074,7.953865741,1.965694444,0.329,5.058171296,14.74333333,14.46861111,14.44310185,1010.451759,0.000405093,0,199.4238426,2.858810185,208.030787,0.45287037,0.032310185,0.487291667,0,0,20.37962963,48.66134259,9.11275463,19.55717593,9.09362037,1.18617162,0.02344213,213.8078704,93.70842593,17.91026352,18.06574202,17.75963939,72.21359223,12.22649098,1.393619972,0.23332871,3.680166436,17.91026352,18.04008322,18.04008322,1006.976006,0,0,222.2052705,3.185298197,231.3398058,0.591955617,0.042274619,0.653398058,0,0,23.80305132,52.56033287,13.49112344,23.78224688,9.646116505,1.163846602,0.026255201,219.0249653,96.03869626,724.2887
36.351959,0.477912,1084.625452,0.161242,0.192636,0.736974,0.785697,0.710902,0.582384,0.622074,0.740801,0.860737,14.66671296,14.78703704,14.54715278,65.08449074,7.292916667,2.23537037,0.374199074,5.808703704,14.62590278,14.24604167,14.20527778,1009.283958,0.000993056,0.011736111,157.844213,2.262752315,175.0472222,0.252939815,0.018083333,0.303703704,0.020212037,0.004403704,19.2249537,43.74837963,6.445902778,18.04525463,8.36693287,1.191587431,0.019657407,227.4821759,99.41319444,14.76877315,14.91398148,14.6231713,67.87199074,7.953865741,1.965694444,0.329,5.058171296,14.74333333,14.46861111,14.44310185,1010.451759,0.000405093,0,199.4238426,2.858810185,208.030787,0.45287037,0.032310185,0.487291667,0,0,20.37962963,48.66134259,9.11275463,19.55717593,9.09362037,1.18617162,0.02344213,213.8078704,93.70842593,17.91026352,18.06574202,17.75963939,72.21359223,12.22649098,1.393619972,0.23332871,3.680166436,17.91026352,18.04008322,18.04008322,1006.976006,0,0,222.2052705,3.185298197,231.3398058,0.591955617,0.042274619,0.653398058,0,0,23.80305132,52.56033287,13.49112344,23.78224688,9.646116505,1.163846602,0.026255201,219.0249653,96.03869626,519.5935
38.358996,0.480323,1573.217015,0.187374,0.243108,0.801524,0.788612,0.755883,0.672265,0.742221,0.804375,0.896729,14.66671296,14.78703704,14.54715278,65.08449074,7.292916667,2.23537037,0.374199074,5.808703704,14.62590278,14.24604167,14.20527778,1009.283958,0.000993056,0.011736111,157.844213,2.262752315,175.0472222,0.252939815,0.018083333,0.303703704,0.020212037,0.004403704,19.2249537,43.74837963,6.445902778,18.04525463,8.36693287,1.191587431,0.019657407,227.4821759,99.41319444,14.76877315,14.91398148,14.6231713,67.87199074,7.953865741,1.965694444,0.329,5.058171296,14.74333333,14.46861111,14.44310185,1010.451759,0.000405093,0,199.4238426,2.858810185,208.030787,0.45287037,0.032310185,0.487291667,0,0,20.37962963,48.66134259,9.11275463,19.55717593,9.09362037,1.18617162,0.02344213,213.8078704,93.70842593,17.91026352,18.06574202,17.75963939,72.21359223,12.22649098,1.393619972,0.23332871,3.680166436,17.91026352,18.04008322,18.04008322,1006.976006,0,0,222.2052705,3.185298197,231.3398058,0.591955617,0.042274619,0.653398058,0,0,23.80305132,52.56033287,13.49112344,23.78224688,9.646116505,1.163846602,0.026255201,219.0249653,96.03869626,755.4691
44.499639,0.518446,1432.245488,0.171112,0.194329,0.772183,0.76573,0.684584,0.638084,0.607346,0.755403,0.880955,14.66671296,14.78703704,14.54715278,65.08449074,7.292916667,2.23537037,0.374199074,5.808703704,14.62590278,14.24604167,14.20527778,1009.283958,0.000993056,0.011736111,157.844213,2.262752315,175.0472222,0.252939815,0.018083333,0.303703704,0.020212037,0.004403704,19.2249537,43.74837963,6.445902778,18.04525463,8.36693287,1.191587431,0.019657407,227.4821759,99.41319444,14.76877315,14.91398148,14.6231713,67.87199074,7.953865741,1.965694444,0.329,5.058171296,14.74333333,14.46861111,14.44310185,1010.451759,0.000405093,0,199.4238426,2.858810185,208.030787,0.45287037,0.032310185,0.487291667,0,0,20.37962963,48.66134259,9.11275463,19.55717593,9.09362037,1.18617162,0.02344213,213.8078704,93.70842593,17.91026352,18.06574202,17.75963939,72.21359223,12.22649098,1.393619972,0.23332871,3.680166436,17.91026352,18.04008322,18.04008322,1006.976006,0,0,222.2052705,3.185298197,231.3398058,0.591955617,0.042274619,0.653398058,0,0,23.80305132,52.56033287,13.49112344,23.78224688,9.646116505,1.163846602,0.026255201,219.0249653,96.03869626,740.1057
44.604441,0.473514,1381.95877,0.175748,0.236429,0.812358,0.815286,0.748321,0.699028,0.637103,0.720905,0.875296,14.66671296,14.78703704,14.54715278,65.08449074,7.292916667,2.23537037,0.374199074,5.808703704,14.62590278,14.24604167,14.20527778,1009.283958,0.000993056,0.011736111,157.844213,2.262752315,175.0472222,0.252939815,0.018083333,0.303703704,0.020212037,0.004403704,19.2249537,43.74837963,6.445902778,18.04525463,8.36693287,1.191587431,0.019657407,227.4821759,99.41319444,14.76877315,14.91398148,14.6231713,67.87199074,7.953865741,1.965694444,0.329,5.058171296,14.74333333,14.46861111,14.44310185,1010.451759,0.000405093,0,199.4238426,2.858810185,208.030787,0.45287037,0.032310185,0.487291667,0,0,20.37962963,48.66134259,9.11275463,19.55717593,9.09362037,1.18617162,0.02344213,213.8078704,93.70842593,17.91026352,18.06574202,17.75963939,72.21359223,12.22649098,1.393619972,0.23332871,3.680166436,17.91026352,18.04008322,18.04008322,1006.976006,0,0,222.2052705,3.185298197,231.3398058,0.591955617,0.042274619,0.653398058,0,0,23.80305132,52.56033287,13.49112344,23.78224688,9.646116505,1.163846602,0.026255201,219.0249653,96.03869626,653.2515
40.526596,0.439703,1226.628326,0.168103,0.191559,0.783919,0.779636,0.677064,0.700325,0.681463,0.781015,0.886511,14.66671296,14.78703704,14.54715278,65.08449074,7.292916667,2.23537037,0.374199074,5.808703704,14.62590278,14.24604167,14.20527778,1009.283958,0.000993056,0.011736111,157.844213,2.262752315,175.0472222,0.252939815,0.018083333,0.303703704,0.020212037,0.004403704,19.2249537,43.74837963,6.445902778,18.04525463,8.36693287,1.191587431,0.019657407,227.4821759,99.41319444,14.76877315,14.91398148,14.6231713,67.87199074,7.953865741,1.965694444,0.329,5.058171296,14.74333333,14.46861111,14.44310185,1010.451759,0.000405093,0,199.4238426,2.858810185,208.030787,0.45287037,0.032310185,0.487291667,0,0,20.37962963,48.66134259,9.11275463,19.55717593,9.09362037,1.18617162,0.02344213,213.8078704,93.70842593,17.91026352,18.06574202,17.75963939,72.21359223,12.22649098,1.393619972,0.23332871,3.680166436,17.91026352,18.04008322,18.04008322,1006.976006,0,0,222.2052705,3.185298197,231.3398058,0.591955617,0.042274619,0.653398058,0,0,23.80305132,52.56033287,13.49112344,23.78224688,9.646116505,1.163846602,0.026255201,219.0249653,96.03869626,538.5769
35.375761,0.437628,1004.712886,0.1838,0.189966,0.823137,0.766267,0.75187,0.745537,0.698463,0.820867,0.88979,14.66671296,14.78703704,14.54715278,65.08449074,7.292916667,2.23537037,0.374199074,5.808703704,14.62590278,14.24604167,14.20527778,1009.283958,0.000993056,0.011736111,157.844213,2.262752315,175.0472222,0.252939815,0.018083333,0.303703704,0.020212037,0.004403704,19.2249537,43.74837963,6.445902778,18.04525463,8.36693287,1.191587431,0.019657407,227.4821759,99.41319444,14.76877315,14.91398148,14.6231713,67.87199074,7.953865741,1.965694444,0.329,5.058171296,14.74333333,14.46861111,14.44310185,1010.451759,0.000405093,0,199.4238426,2.858810185,208.030787,0.45287037,0.032310185,0.487291667,0,0,20.37962963,48.66134259,9.11275463,19.55717593,9.09362037,1.18617162,0.02344213,213.8078704,93.70842593,17.91026352,18.06574202,17.75963939,72.21359223,12.22649098,1.393619972,0.23332871,3.680166436,17.91026352,18.04008322,18.04008322,1006.976006,0,0,222.2052705,3.185298197,231.3398058,0.591955617,0.042274619,0.653398058,0,0,23.80305132,52.56033287,13.49112344,23.78224688,9.646116505,1.163846602,0.026255201,219.0249653,96.03869626,438.9351
37.39825,0.447607,1075.830883,0.170814,0.196228,0.79335,0.761436,0.597242,0.587966,0.643474,0.75755,0.869022,14.66671296,14.78703704,14.54715278,65.08449074,7.292916667,2.23537037,0.374199074,5.808703704,14.62590278,14.24604167,14.20527778,1009.283958,0.000993056,0.011736111,157.844213,2.262752315,175.0472222,0.252939815,0.018083333,0.303703704,0.020212037,0.004403704,19.2249537,43.74837963,6.445902778,18.04525463,8.36693287,1.191587431,0.019657407,227.4821759,99.41319444,14.76877315,14.91398148,14.6231713,67.87199074,7.953865741,1.965694444,0.329,5.058171296,14.74333333,14.46861111,14.44310185,1010.451759,0.000405093,0,199.4238426,2.858810185,208.030787,0.45287037,0.032310185,0.487291667,0,0,20.37962963,48.66134259,9.11275463,19.55717593,9.09362037,1.18617162,0.02344213,213.8078704,93.70842593,17.91026352,18.06574202,17.75963939,72.21359223,12.22649098,1.393619972,0.23332871,3.680166436,17.91026352,18.04008322,18.04008322,1006.976006,0,0,222.2052705,3.185298197,231.3398058,0.591955617,0.042274619,0.653398058,0,0,23.80305132,52.56033287,13.49112344,23.78224688,9.646116505,1.163846602,0.026255201,219.0249653,96.03869626,481.9391
47.34722,0.489694,996.054856,0.164439,0.175805,0.772673,0.77952,0.710949,0.614633,0.616075,0.723206,0.875972,14.66671296,14.78703704,14.54715278,65.08449074,7.292916667,2.23537037,0.374199074,5.808703704,14.62590278,14.24604167,14.20527778,1009.283958,0.000993056,0.011736111,157.844213,2.262752315,175.0472222,0.252939815,0.018083333,0.303703704,0.020212037,0.004403704,19.2249537,43.74837963,6.445902778,18.04525463,8.36693287,1.191587431,0.019657407,227.4821759,99.41319444,14.76877315,14.91398148,14.6231713,67.87199074,7.953865741,1.965694444,0.329,5.058171296,14.74333333,14.46861111,14.44310185,1010.451759,0.000405093,0,199.4238426,2.858810185,208.030787,0.45287037,0.032310185,0.487291667,0,0,20.37962963,48.66134259,9.11275463,19.55717593,9.09362037,1.18617162,0.02344213,213.8078704,93.70842593,17.91026352,18.06574202,17.75963939,72.21359223,12.22649098,1.393619972,0.23332871,3.680166436,17.91026352,18.04008322,18.04008322,1006.976006,0,0,222.2052705,3.185298197,231.3398058,0.591955617,0.042274619,0.653398058,0,0,23.80305132,52.56033287,13.49112344,23.78224688,9.646116505,1.163846602,0.026255201,219.0249653,96.03869626,485.1626
36.813571,0.476763,1372.14185,0.163754,0.200009,0.787904,0.778431,0.73599,0.664449,0.670502,0.771367,0.885286,14.66671296,14.78703704,14.54715278,65.08449074,7.292916667,2.23537037,0.374199074,5.808703704,14.62590278,14.24604167,14.20527778,1009.283958,0.000993056,0.011736111,157.844213,2.262752315,175.0472222,0.252939815,0.018083333,0.303703704,0.020212037,0.004403704,19.2249537,43.74837963,6.445902778,18.04525463,8.36693287,1.191587431,0.019657407,227.4821759,99.41319444,14.76877315,14.91398148,14.6231713,67.87199074,7.953865741,1.965694444,0.329,5.058171296,14.74333333,14.46861111,14.44310185,1010.451759,0.000405093,0,199.4238426,2.858810185,208.030787,0.45287037,0.032310185,0.487291667,0,0,20.37962963,48.66134259,9.11275463,19.55717593,9.09362037,1.18617162,0.02344213,213.8078704,93.70842593,17.91026352,18.06574202,17.75963939,72.21359223,12.22649098,1.393619972,0.23332871,3.680166436,17.91026352,18.04008322,18.04008322,1006.976006,0,0,222.2052705,3.185298197,231.3398058,0.591955617,0.042274619,0.653398058,0,0,23.80305132,52.56033287,13.49112344,23.78224688,9.646116505,1.163846602,0.026255201,219.0249653,96.03869626,652.3607
42.959787,0.471639,1051.508267,0.164204,0.193757,0.774564,0.726814,0.605602,0.572024,0.641082,0.737404,0.882733,14.66671296,14.78703704,14.54715278,65.08449074,7.292916667,2.23537037,0.374199074,5.808703704,14.62590278,14.24604167,14.20527778,1009.283958,0.000993056,0.011736111,157.844213,2.262752315,175.0472222,0.252939815,0.018083333,0.303703704,0.020212037,0.004403704,19.2249537,43.74837963,6.445902778,18.04525463,8.36693287,1.191587431,0.019657407,227.4821759,99.41319444,14.76877315,14.91398148,14.6231713,67.87199074,7.953865741,1.965694444,0.329,5.058171296,14.74333333,14.46861111,14.44310185,1010.451759,0.000405093,0,199.4238426,2.858810185,208.030787,0.45287037,0.032310185,0.487291667,0,0,20.37962963,48.66134259,9.11275463,19.55717593,9.09362037,1.18617162,0.02344213,213.8078704,93.70842593,17.91026352,18.06574202,17.75963939,72.21359223,12.22649098,1.393619972,0.23332871,3.680166436,17.91026352,18.04008322,18.04008322,1006.976006,0,0,222.2052705,3.185298197,231.3398058,0.591955617,0.042274619,0.653398058,0,0,23.80305132,52.56033287,13.49112344,23.78224688,9.646116505,1.163846602,0.026255201,219.0249653,96.03869626,496.9743
34.295212,0.418089,1063.396542,0.185252,0.231866,0.823002,0.756121,0.761449,0.626686,0.679405,0.778304,0.894149,14.66671296,14.78703704,14.54715278,65.08449074,7.292916667,2.23537037,0.374199074,5.808703704,14.62590278,14.24604167,14.20527778,1009.283958,0.000993056,0.011736111,157.844213,2.262752315,175.0472222,0.252939815,0.018083333,0.303703704,0.020212037,0.004403704,19.2249537,43.74837963,6.445902778,18.04525463,8.36693287,1.191587431,0.019657407,227.4821759,99.41319444,14.76877315,14.91398148,14.6231713,67.87199074,7.953865741,1.965694444,0.329,5.058171296,14.74333333,14.46861111,14.44310185,1010.451759,0.000405093,0,199.4238426,2.858810185,208.030787,0.45287037,0.032310185,0.487291667,0,0,20.37962963,48.66134259,9.11275463,19.55717593,9.09362037,1.18617162,0.02344213,213.8078704,93.70842593,17.91026352,18.06574202,17.75963939,72.21359223,12.22649098,1.393619972,0.23332871,3.680166436,17.91026352,18.04008322,18.04008322,1006.976006,0,0,222.2052705,3.185298197,231.3398058,0.591955617,0.042274619,0.653398058,0,0,23.80305132,52.56033287,13.49112344,23.78224688,9.646116505,1.163846602,0.026255201,219.0249653,96.03869626,446.7969
36.120471,0.348673,1021.34644,0.171625,0.2231,0.811836,0.799968,0.767854,0.752542,0.745544,0.819582,0.889336,14.66671296,14.78703704,14.54715278,65.08449074,7.292916667,2.23537037,0.374199074,5.808703704,14.62590278,14.24604167,14.20527778,1009.283958,0.000993056,0.011736111,157.844213,2.262752315,175.0472222,0.252939815,0.018083333,0.303703704,0.020212037,0.004403704,19.2249537,43.74837963,6.445902778,18.04525463,8.36693287,1.191587431,0.019657407,227.4821759,99.41319444,14.76877315,14.91398148,14.6231713,67.87199074,7.953865741,1.965694444,0.329,5.058171296,14.74333333,14.46861111,14.44310185,1010.451759,0.000405093,0,199.4238426,2.858810185,208.030787,0.45287037,0.032310185,0.487291667,0,0,20.37962963,48.66134259,9.11275463,19.55717593,9.09362037,1.18617162,0.02344213,213.8078704,93.70842593,17.91026352,18.06574202,17.75963939,72.21359223,12.22649098,1.393619972,0.23332871,3.680166436,17.91026352,18.04008322,18.04008322,1006.976006,0,0,222.2052705,3.185298197,231.3398058,0.591955617,0.042274619,0.653398058,0,0,23.80305132,52.56033287,13.49112344,23.78224688,9.646116505,1.163846602,0.026255201,219.0249653,96.03869626,358.4629
35.802919,0.47657,1324.054157,0.172947,0.207727,0.771519,0.779483,0.781646,0.695265,0.660727,0.772782,0.861697,14.66671296,14.78703704,14.54715278,65.08449074,7.292916667,2.23537037,0.374199074,5.808703704,14.62590278,14.24604167,14.20527778,1009.283958,0.000993056,0.011736111,157.844213,2.262752315,175.0472222,0.252939815,0.018083333,0.303703704,0.020212037,0.004403704,19.2249537,43.74837963,6.445902778,18.04525463,8.36693287,1.191587431,0.019657407,227.4821759,99.41319444,14.76877315,14.91398148,14.6231713,67.87199074,7.953865741,1.965694444,0.329,5.058171296,14.74333333,14.46861111,14.44310185,1010.451759,0.000405093,0,199.4238426,2.858810185,208.030787,0.45287037,0.032310185,0.487291667,0,0,20.37962963,48.66134259,9.11275463,19.55717593,9.09362037,1.18617162,0.02344213,213.8078704,93.70842593,17.91026352,18.06574202,17.75963939,72.21359223,12.22649098,1.393619972,0.23332871,3.680166436,17.91026352,18.04008322,18.04008322,1006.976006,0,0,222.2052705,3.185298197,231.3398058,0.591955617,0.042274619,0.653398058,0,0,23.80305132,52.56033287,13.49112344,23.78224688,9.646116505,1.163846602,0.026255201,219.0249653,96.03869626,632.1984
44.078505,0.492846,1320.499769,0.179665,0.230893,0.788827,0.806969,0.781115,0.66885,0.714441,0.796063,0.89466,14.66671296,14.78703704,14.54715278,65.08449074,7.292916667,2.23537037,0.374199074,5.808703704,14.62590278,14.24604167,14.20527778,1009.283958,0.000993056,0.011736111,157.844213,2.262752315,175.0472222,0.252939815,0.018083333,0.303703704,0.020212037,0.004403704,19.2249537,43.74837963,6.445902778,18.04525463,8.36693287,1.191587431,0.019657407,227.4821759,99.41319444,14.76877315,14.91398148,14.6231713,67.87199074,7.953865741,1.965694444,0.329,5.058171296,14.74333333,14.46861111,14.44310185,1010.451759,0.000405093,0,199.4238426,2.858810185,208.030787,0.45287037,0.032310185,0.487291667,0,0,20.37962963,48.66134259,9.11275463,19.55717593,9.09362037,1.18617162,0.02344213,213.8078704,93.70842593,17.91026352,18.06574202,17.75963939,72.21359223,12.22649098,1.393619972,0.23332871,3.680166436,17.91026352,18.04008322,18.04008322,1006.976006,0,0,222.2052705,3.185298197,231.3398058,0.591955617,0.042274619,0.653398058,0,0,23.80305132,52.56033287,13.49112344,23.78224688,9.646116505,1.163846602,0.026255201,219.0249653,96.03869626,649.7006
41.587912,0.497988,1352.498258,0.168579,0.18676,0.768803,0.784912,0.719778,0.638351,0.658876,0.767727,0.888323,14.66671296,14.78703704,14.54715278,65.08449074,7.292916667,2.23537037,0.374199074,5.808703704,14.62590278,14.24604167,14.20527778,1009.283958,0.000993056,0.011736111,157.844213,2.262752315,175.0472222,0.252939815,0.018083333,0.303703704,0.020212037,0.004403704,19.2249537,43.74837963,6.445902778,18.04525463,8.36693287,1.191587431,0.019657407,227.4821759,99.41319444,14.76877315,14.91398148,14.6231713,67.87199074,7.953865741,1.965694444,0.329,5.058171296,14.74333333,14.46861111,14.44310185,1010.451759,0.000405093,0,199.4238426,2.858810185,208.030787,0.45287037,0.032310185,0.487291667,0,0,20.37962963,48.66134259,9.11275463,19.55717593,9.09362037,1.18617162,0.02344213,213.8078704,93.70842593,17.91026352,18.06574202,17.75963939,72.21359223,12.22649098,1.393619972,0.23332871,3.680166436,17.91026352,18.04008322,18.04008322,1006.976006,0,0,222.2052705,3.185298197,231.3398058,0.591955617,0.042274619,0.653398058,0,0,23.80305132,52.56033287,13.49112344,23.78224688,9.646116505,1.163846602,0.026255201,219.0249653,96.03869626,673.3997
43.655264,0.485644,1399.270731,0.171104,0.211546,0.775821,0.788854,0.735369,0.665953,0.655402,0.735332,0.877176,14.66671296,14.78703704,14.54715278,65.08449074,7.292916667,2.23537037,0.374199074,5.808703704,14.62590278,14.24604167,14.20527778,1009.283958,0.000993056,0.011736111,157.844213,2.262752315,175.0472222,0.252939815,0.018083333,0.303703704,0.020212037,0.004403704,19.2249537,43.74837963,6.445902778,18.04525463,8.36693287,1.191587431,0.019657407,227.4821759,99.41319444,14.76877315,14.91398148,14.6231713,67.87199074,7.953865741,1.965694444,0.329,5.058171296,14.74333333,14.46861111,14.44310185,1010.451759,0.000405093,0,199.4238426,2.858810185,208.030787,0.45287037,0.032310185,0.487291667,0,0,20.37962963,48.66134259,9.11275463,19.55717593,9.09362037,1.18617162,0.02344213,213.8078704,93.70842593,17.91026352,18.06574202,17.75963939,72.21359223,12.22649098,1.393619972,0.23332871,3.680166436,17.91026352,18.04008322,18.04008322,1006.976006,0,0,222.2052705,3.185298197,231.3398058,0.591955617,0.042274619,0.653398058,0,0,23.80305132,52.56033287,13.49112344,23.78224688,9.646116505,1.163846602,0.026255201,219.0249653,96.03869626,680.2429
37.922722,0.42127,1560.851036,0.180605,0.209202,0.760114,0.760782,0.769787,0.751141,0.674235,0.742118,0.877044,14.66671296,14.78703704,14.54715278,65.08449074,7.292916667,2.23537037,0.374199074,5.808703704,14.62590278,14.24604167,14.20527778,1009.283958,0.000993056,0.011736111,157.844213,2.262752315,175.0472222,0.252939815,0.018083333,0.303703704,0.020212037,0.004403704,19.2249537,43.74837963,6.445902778,18.04525463,8.36693287,1.191587431,0.019657407,227.4821759,99.41319444,14.76877315,14.91398148,14.6231713,67.87199074,7.953865741,1.965694444,0.329,5.058171296,14.74333333,14.46861111,14.44310185,1010.451759,0.000405093,0,199.4238426,2.858810185,208.030787,0.45287037,0.032310185,0.487291667,0,0,20.37962963,48.66134259,9.11275463,19.55717593,9.09362037,1.18617162,0.02344213,213.8078704,93.70842593,17.91026352,18.06574202,17.75963939,72.21359223,12.22649098,1.393619972,0.23332871,3.680166436,17.91026352,18.04008322,18.04008322,1006.976006,0,0,222.2052705,3.185298197,231.3398058,0.591955617,0.042274619,0.653398058,0,0,23.80305132,52.56033287,13.49112344,23.78224688,9.646116505,1.163846602,0.026255201,219.0249653,96.03869626,653.8277
45.452933,0.449404,1148.37268,0.185602,0.211326,0.798718,0.755003,0.724767,0.627781,0.643733,0.793789,0.88016,14.66671296,14.78703704,14.54715278,65.08449074,7.292916667,2.23537037,0.374199074,5.808703704,14.62590278,14.24604167,14.20527778,1009.283958,0.000993056,0.011736111,157.844213,2.262752315,175.0472222,0.252939815,0.018083333,0.303703704,0.020212037,0.004403704,19.2249537,43.74837963,6.445902778,18.04525463,8.36693287,1.191587431,0.019657407,227.4821759,99.41319444,14.76877315,14.91398148,14.6231713,67.87199074,7.953865741,1.965694444,0.329,5.058171296,14.74333333,14.46861111,14.44310185,1010.451759,0.000405093,0,199.4238426,2.858810185,208.030787,0.45287037,0.032310185,0.487291667,0,0,20.37962963,48.66134259,9.11275463,19.55717593,9.09362037,1.18617162,0.02344213,213.8078704,93.70842593,17.91026352,18.06574202,17.75963939,72.21359223,12.22649098,1.393619972,0.23332871,3.680166436,17.91026352,18.04008322,18.04008322,1006.976006,0,0,222.2052705,3.185298197,231.3398058,0.591955617,0.042274619,0.653398058,0,0,23.80305132,52.56033287,13.49112344,23.78224688,9.646116505,1.163846602,0.026255201,219.0249653,96.03869626,515.9695
35.934777,0.353642,1109.123824,0.17788,0.229531,0.801699,0.785132,0.782192,0.73789,0.712566,0.814851,0.879531,14.66671296,14.78703704,14.54715278,65.08449074,7.292916667,2.23537037,0.374199074,5.808703704,14.62590278,14.24604167,14.20527778,1009.283958,0.000993056,0.011736111,157.844213,2.262752315,175.0472222,0.252939815,0.018083333,0.303703704,0.020212037,0.004403704,19.2249537,43.74837963,6.445902778,18.04525463,8.36693287,1.191587431,0.019657407,227.4821759,99.41319444,14.76877315,14.91398148,14.6231713,67.87199074,7.953865741,1.965694444,0.329,5.058171296,14.74333333,14.46861111,14.44310185,1010.451759,0.000405093,0,199.4238426,2.858810185,208.030787,0.45287037,0.032310185,0.487291667,0,0,20.37962963,48.66134259,9.11275463,19.55717593,9.09362037,1.18617162,0.02344213,213.8078704,93.70842593,17.91026352,18.06574202,17.75963939,72.21359223,12.22649098,1.393619972,0.23332871,3.680166436,17.91026352,18.04008322,18.04008322,1006.976006,0,0,222.2052705,3.185298197,231.3398058,0.591955617,0.042274619,0.653398058,0,0,23.80305132,52.56033287,13.49112344,23.78224688,9.646116505,1.163846602,0.026255201,219.0249653,96.03869626,392.441
48.890496,0.449593,1499.858063,0.175573,0.228019,0.824557,0.774207,0.785987,0.61554,0.71651,0.774455,0.893449,14.66671296,14.78703704,14.54715278,65.08449074,7.292916667,2.23537037,0.374199074,5.808703704,14.62590278,14.24604167,14.20527778,1009.283958,0.000993056,0.011736111,157.844213,2.262752315,175.0472222,0.252939815,0.018083333,0.303703704,0.020212037,0.004403704,19.2249537,43.74837963,6.445902778,18.04525463,8.36693287,1.191587431,0.019657407,227.4821759,99.41319444,14.76877315,14.91398148,14.6231713,67.87199074,7.953865741,1.965694444,0.329,5.058171296,14.74333333,14.46861111,14.44310185,1010.451759,0.000405093,0,199.4238426,2.858810185,208.030787,0.45287037,0.032310185,0.487291667,0,0,20.37962963,48.66134259,9.11275463,19.55717593,9.09362037,1.18617162,0.02344213,213.8078704,93.70842593,17.91026352,18.06574202,17.75963939,72.21359223,12.22649098,1.393619972,0.23332871,3.680166436,17.91026352,18.04008322,18.04008322,1006.976006,0,0,222.2052705,3.185298197,231.3398058,0.591955617,0.042274619,0.653398058,0,0,23.80305132,52.56033287,13.49112344,23.78224688,9.646116505,1.163846602,0.026255201,219.0249653,96.03869626,674.1383
45.871412,0.483359,1321.108133,0.180229,0.218839,0.794046,0.780552,0.719853,0.64188,0.705866,0.810188,0.893553,14.66671296,14.78703704,14.54715278,65.08449074,7.292916667,2.23537037,0.374199074,5.808703704,14.62590278,14.24604167,14.20527778,1009.283958,0.000993056,0.011736111,157.844213,2.262752315,175.0472222,0.252939815,0.018083333,0.303703704,0.020212037,0.004403704,19.2249537,43.74837963,6.445902778,18.04525463,8.36693287,1.191587431,0.019657407,227.4821759,99.41319444,14.76877315,14.91398148,14.6231713,67.87199074,7.953865741,1.965694444,0.329,5.058171296,14.74333333,14.46861111,14.44310185,1010.451759,0.000405093,0,199.4238426,2.858810185,208.030787,0.45287037,0.032310185,0.487291667,0,0,20.37962963,48.66134259,9.11275463,19.55717593,9.09362037,1.18617162,0.02344213,213.8078704,93.70842593,17.91026352,18.06574202,17.75963939,72.21359223,12.22649098,1.393619972,0.23332871,3.680166436,17.91026352,18.04008322,18.04008322,1006.976006,0,0,222.2052705,3.185298197,231.3398058,0.591955617,0.042274619,0.653398058,0,0,23.80305132,52.56033287,13.49112344,23.78224688,9.646116505,1.163846602,0.026255201,219.0249653,96.03869626,636.9588
42.662016,0.438118,1575.615098,0.185095,0.21213,0.814968,0.796092,0.783598,0.692606,0.705132,0.789644,0.88851,14.66671296,14.78703704,14.54715278,65.08449074,7.292916667,2.23537037,0.374199074,5.808703704,14.62590278,14.24604167,14.20527778,1009.283958,0.000993056,0.011736111,157.844213,2.262752315,175.0472222,0.252939815,0.018083333,0.303703704,0.020212037,0.004403704,19.2249537,43.74837963,6.445902778,18.04525463,8.36693287,1.191587431,0.019657407,227.4821759,99.41319444,14.76877315,14.91398148,14.6231713,67.87199074,7.953865741,1.965694444,0.329,5.058171296,14.74333333,14.46861111,14.44310185,1010.451759,0.000405093,0,199.4238426,2.858810185,208.030787,0.45287037,0.032310185,0.487291667,0,0,20.37962963,48.66134259,9.11275463,19.55717593,9.09362037,1.18617162,0.02344213,213.8078704,93.70842593,17.91026352,18.06574202,17.75963939,72.21359223,12.22649098,1.393619972,0.23332871,3.680166436,17.91026352,18.04008322,18.04008322,1006.976006,0,0,222.2052705,3.185298197,231.3398058,0.591955617,0.042274619,0.653398058,0,0,23.80305132,52.56033287,13.49112344,23.78224688,9.646116505,1.163846602,0.026255201,219.0249653,96.03869626,691.5849
46.637963,0.474559,1451.65837,0.19824,0.206976,0.806971,0.788136,0.737589,0.646453,0.696117,0.808338,0.892982,14.66671296,14.78703704,14.54715278,65.08449074,7.292916667,2.23537037,0.374199074,5.808703704,14.62590278,14.24604167,14.20527778,1009.283958,0.000993056,0.011736111,157.844213,2.262752315,175.0472222,0.252939815,0.018083333,0.303703704,0.020212037,0.004403704,19.2249537,43.74837963,6.445902778,18.04525463,8.36693287,1.191587431,0.019657407,227.4821759,99.41319444,14.76877315,14.91398148,14.6231713,67.87199074,7.953865741,1.965694444,0.329,5.058171296,14.74333333,14.46861111,14.44310185,1010.451759,0.000405093,0,199.4238426,2.858810185,208.030787,0.45287037,0.032310185,0.487291667,0,0,20.37962963,48.66134259,9.11275463,19.55717593,9.09362037,1.18617162,0.02344213,213.8078704,93.70842593,17.91026352,18.06574202,17.75963939,72.21359223,12.22649098,1.393619972,0.23332871,3.680166436,17.91026352,18.04008322,18.04008322,1006.976006,0,0,222.2052705,3.185298197,231.3398058,0.591955617,0.042274619,0.653398058,0,0,23.80305132,52.56033287,13.49112344,23.78224688,9.646116505,1.163846602,0.026255201,219.0249653,96.03869626,691.1499
33.713575,0.382554,858.212556,0.185557,0.208775,0.779582,0.719572,0.741538,0.711972,0.668331,0.733633,0.892605,14.66671296,14.78703704,14.54715278,65.08449074,7.292916667,2.23537037,0.374199074,5.808703704,14.62590278,14.24604167,14.20527778,1009.283958,0.000993056,0.011736111,157.844213,2.262752315,175.0472222,0.252939815,0.018083333,0.303703704,0.020212037,0.004403704,19.2249537,43.74837963,6.445902778,18.04525463,8.36693287,1.191587431,0.019657407,227.4821759,99.41319444,14.76877315,14.91398148,14.6231713,67.87199074,7.953865741,1.965694444,0.329,5.058171296,14.74333333,14.46861111,14.44310185,1010.451759,0.000405093,0,199.4238426,2.858810185,208.030787,0.45287037,0.032310185,0.487291667,0,0,20.37962963,48.66134259,9.11275463,19.55717593,9.09362037,1.18617162,0.02344213,213.8078704,93.70842593,17.91026352,18.06574202,17.75963939,72.21359223,12.22649098,1.393619972,0.23332871,3.680166436,17.91026352,18.04008322,18.04008322,1006.976006,0,0,222.2052705,3.185298197,231.3398058,0.591955617,0.042274619,0.653398058,0,0,23.80305132,52.56033287,13.49112344,23.78224688,9.646116505,1.163846602,0.026255201,219.0249653,96.03869626,327.2487
36.723384,0.479795,1306.546815,0.170623,0.209492,0.75499,0.791998,0.725703,0.661375,0.669844,0.773048,0.87457,14.66671296,14.78703704,14.54715278,65.08449074,7.292916667,2.23537037,0.374199074,5.808703704,14.62590278,14.24604167,14.20527778,1009.283958,0.000993056,0.011736111,157.844213,2.262752315,175.0472222,0.252939815,0.018083333,0.303703704,0.020212037,0.004403704,19.2249537,43.74837963,6.445902778,18.04525463,8.36693287,1.191587431,0.019657407,227.4821759,99.41319444,14.76877315,14.91398148,14.6231713,67.87199074,7.953865741,1.965694444,0.329,5.058171296,14.74333333,14.46861111,14.44310185,1010.451759,0.000405093,0,199.4238426,2.858810185,208.030787,0.45287037,0.032310185,0.487291667,0,0,20.37962963,48.66134259,9.11275463,19.55717593,9.09362037,1.18617162,0.02344213,213.8078704,93.70842593,17.91026352,18.06574202,17.75963939,72.21359223,12.22649098,1.393619972,0.23332871,3.680166436,17.91026352,18.04008322,18.04008322,1006.976006,0,0,222.2052705,3.185298197,231.3398058,0.591955617,0.042274619,0.653398058,0,0,23.80305132,52.56033287,13.49112344,23.78224688,9.646116505,1.163846602,0.026255201,219.0249653,96.03869626,625.5538
44.426165,0.502807,1315.326323,0.166719,0.181956,0.763049,0.739358,0.69651,0.636592,0.615128,0.731478,0.870309,14.66671296,14.78703704,14.54715278,65.08449074,7.292916667,2.23537037,0.374199074,5.808703704,14.62590278,14.24604167,14.20527778,1009.283958,0.000993056,0.011736111,157.844213,2.262752315,175.0472222,0.252939815,0.018083333,0.303703704,0.020212037,0.004403704,19.2249537,43.74837963,6.445902778,18.04525463,8.36693287,1.191587431,0.019657407,227.4821759,99.41319444,14.76877315,14.91398148,14.6231713,67.87199074,7.953865741,1.965694444,0.329,5.058171296,14.74333333,14.46861111,14.44310185,1010.451759,0.000405093,0,199.4238426,2.858810185,208.030787,0.45287037,0.032310185,0.487291667,0,0,20.37962963,48.66134259,9.11275463,19.55717593,9.09362037,1.18617162,0.02344213,213.8078704,93.70842593,17.91026352,18.06574202,17.75963939,72.21359223,12.22649098,1.393619972,0.23332871,3.680166436,17.91026352,18.04008322,18.04008322,1006.976006,0,0,222.2052705,3.185298197,231.3398058,0.591955617,0.042274619,0.653398058,0,0,23.80305132,52.56033287,13.49112344,23.78224688,9.646116505,1.163846602,0.026255201,219.0249653,96.03869626,659.3416
45.810559,0.491358,1332.636057,0.159406,0.193645,0.742248,0.77331,0.645195,0.609882,0.673107,0.780984,0.886212,14.66671296,14.78703704,14.54715278,65.08449074,7.292916667,2.23537037,0.374199074,5.808703704,14.62590278,14.24604167,14.20527778,1009.283958,0.000993056,0.011736111,157.844213,2.262752315,175.0472222,0.252939815,0.018083333,0.303703704,0.020212037,0.004403704,19.2249537,43.74837963,6.445902778,18.04525463,8.36693287,1.191587431,0.019657407,227.4821759,99.41319444,14.76877315,14.91398148,14.6231713,67.87199074,7.953865741,1.965694444,0.329,5.058171296,14.74333333,14.46861111,14.44310185,1010.451759,0.000405093,0,199.4238426,2.858810185,208.030787,0.45287037,0.032310185,0.487291667,0,0,20.37962963,48.66134259,9.11275463,19.55717593,9.09362037,1.18617162,0.02344213,213.8078704,93.70842593,17.91026352,18.06574202,17.75963939,72.21359223,12.22649098,1.393619972,0.23332871,3.680166436,17.91026352,18.04008322,18.04008322,1006.976006,0,0,222.2052705,3.185298197,231.3398058,0.591955617,0.042274619,0.653398058,0,0,23.80305132,52.56033287,13.49112344,23.78224688,9.646116505,1.163846602,0.026255201,219.0249653,96.03869626,655.0513
48.87675,0.496893,1310.294117,0.160686,0.186272,0.74765,0.739064,0.667258,0.625034,0.638026,0.74645,0.872978,14.66671296,14.78703704,14.54715278,65.08449074,7.292916667,2.23537037,0.374199074,5.808703704,14.62590278,14.24604167,14.20527778,1009.283958,0.000993056,0.011736111,157.844213,2.262752315,175.0472222,0.252939815,0.018083333,0.303703704,0.020212037,0.004403704,19.2249537,43.74837963,6.445902778,18.04525463,8.36693287,1.191587431,0.019657407,227.4821759,99.41319444,14.76877315,14.91398148,14.6231713,67.87199074,7.953865741,1.965694444,0.329,5.058171296,14.74333333,14.46861111,14.44310185,1010.451759,0.000405093,0,199.4238426,2.858810185,208.030787,0.45287037,0.032310185,0.487291667,0,0,20.37962963,48.66134259,9.11275463,19.55717593,9.09362037,1.18617162,0.02344213,213.8078704,93.70842593,17.91026352,18.06574202,17.75963939,72.21359223,12.22649098,1.393619972,0.23332871,3.680166436,17.91026352,18.04008322,18.04008322,1006.976006,0,0,222.2052705,3.185298197,231.3398058,0.591955617,0.042274619,0.653398058,0,0,23.80305132,52.56033287,13.49112344,23.78224688,9.646116505,1.163846602,0.026255201,219.0249653,96.03869626,652.4209
47.627719,0.480625,1076.281849,0.172447,0.205275,0.73022,0.718237,0.696362,0.62923,0.587174,0.679821,0.854049,14.66671296,14.78703704,14.54715278,65.08449074,7.292916667,2.23537037,0.374199074,5.808703704,14.62590278,14.24604167,14.20527778,1009.283958,0.000993056,0.011736111,157.844213,2.262752315,175.0472222,0.252939815,0.018083333,0.303703704,0.020212037,0.004403704,19.2249537,43.74837963,6.445902778,18.04525463,8.36693287,1.191587431,0.019657407,227.4821759,99.41319444,14.76877315,14.91398148,14.6231713,67.87199074,7.953865741,1.965694444,0.329,5.058171296,14.74333333,14.46861111,14.44310185,1010.451759,0.000405093,0,199.4238426,2.858810185,208.030787,0.45287037,0.032310185,0.487291667,0,0,20.37962963,48.66134259,9.11275463,19.55717593,9.09362037,1.18617162,0.02344213,213.8078704,93.70842593,17.91026352,18.06574202,17.75963939,72.21359223,12.22649098,1.393619972,0.23332871,3.680166436,17.91026352,18.04008322,18.04008322,1006.976006,0,0,222.2052705,3.185298197,231.3398058,0.591955617,0.042274619,0.653398058,0,0,23.80305132,52.56033287,13.49112344,23.78224688,9.646116505,1.163846602,0.026255201,219.0249653,96.03869626,517.5783
41.78085,0.43145,1573.636209,0.180389,0.22957,0.816158,0.77645,0.787523,0.6813,0.743509,0.814048,0.898903,14.66671296,14.78703704,14.54715278,65.08449074,7.292916667,2.23537037,0.374199074,5.808703704,14.62590278,14.24604167,14.20527778,1009.283958,0.000993056,0.011736111,157.844213,2.262752315,175.0472222,0.252939815,0.018083333,0.303703704,0.020212037,0.004403704,19.2249537,43.74837963,6.445902778,18.04525463,8.36693287,1.191587431,0.019657407,227.4821759,99.41319444,14.76877315,14.91398148,14.6231713,67.87199074,7.953865741,1.965694444,0.329,5.058171296,14.74333333,14.46861111,14.44310185,1010.451759,0.000405093,0,199.4238426,2.858810185,208.030787,0.45287037,0.032310185,0.487291667,0,0,20.37962963,48.66134259,9.11275463,19.55717593,9.09362037,1.18617162,0.02344213,213.8078704,93.70842593,17.91026352,18.06574202,17.75963939,72.21359223,12.22649098,1.393619972,0.23332871,3.680166436,17.91026352,18.04008322,18.04008322,1006.976006,0,0,222.2052705,3.185298197,231.3398058,0.591955617,0.042274619,0.653398058,0,0,23.80305132,52.56033287,13.49112344,23.78224688,9.646116505,1.163846602,0.026255201,219.0249653,96.03869626,680.127
45.596912,0.452238,1475.472927,0.159895,0.20137,0.802742,0.797847,0.746638,0.682415,0.69552,0.817863,0.899133,14.66671296,14.78703704,14.54715278,65.08449074,7.292916667,2.23537037,0.374199074,5.808703704,14.62590278,14.24604167,14.20527778,1009.283958,0.000993056,0.011736111,157.844213,2.262752315,175.0472222,0.252939815,0.018083333,0.303703704,0.020212037,0.004403704,19.2249537,43.74837963,6.445902778,18.04525463,8.36693287,1.191587431,0.019657407,227.4821759,99.41319444,14.76877315,14.91398148,14.6231713,67.87199074,7.953865741,1.965694444,0.329,5.058171296,14.74333333,14.46861111,14.44310185,1010.451759,0.000405093,0,199.4238426,2.858810185,208.030787,0.45287037,0.032310185,0.487291667,0,0,20.37962963,48.66134259,9.11275463,19.55717593,9.09362037,1.18617162,0.02344213,213.8078704,93.70842593,17.91026352,18.06574202,17.75963939,72.21359223,12.22649098,1.393619972,0.23332871,3.680166436,17.91026352,18.04008322,18.04008322,1006.976006,0,0,222.2052705,3.185298197,231.3398058,0.591955617,0.042274619,0.653398058,0,0,23.80305132,52.56033287,13.49112344,23.78224688,9.646116505,1.163846602,0.026255201,219.0249653,96.03869626,667.3742
41.290238,0.490662,1329.779232,0.16808,0.206956,0.760485,0.723814,0.743437,0.609354,0.695924,0.754434,0.881259,14.66671296,14.78703704,14.54715278,65.08449074,7.292916667,2.23537037,0.374199074,5.808703704,14.62590278,14.24604167,14.20527778,1009.283958,0.000993056,0.011736111,157.844213,2.262752315,175.0472222,0.252939815,0.018083333,0.303703704,0.020212037,0.004403704,19.2249537,43.74837963,6.445902778,18.04525463,8.36693287,1.191587431,0.019657407,227.4821759,99.41319444,14.76877315,14.91398148,14.6231713,67.87199074,7.953865741,1.965694444,0.329,5.058171296,14.74333333,14.46861111,14.44310185,1010.451759,0.000405093,0,199.4238426,2.858810185,208.030787,0.45287037,0.032310185,0.487291667,0,0,20.37962963,48.66134259,9.11275463,19.55717593,9.09362037,1.18617162,0.02344213,213.8078704,93.70842593,17.91026352,18.06574202,17.75963939,72.21359223,12.22649098,1.393619972,0.23332871,3.680166436,17.91026352,18.04008322,18.04008322,1006.976006,0,0,222.2052705,3.185298197,231.3398058,0.591955617,0.042274619,0.653398058,0,0,23.80305132,52.56033287,13.49112344,23.78224688,9.646116505,1.163846602,0.026255201,219.0249653,96.03869626,646.9308
34.134188,0.49305,1291.374831,0.167722,0.182639,0.721786,0.746488,0.668127,0.607486,0.652399,0.729057,0.871793,14.66671296,14.78703704,14.54715278,65.08449074,7.292916667,2.23537037,0.374199074,5.808703704,14.62590278,14.24604167,14.20527778,1009.283958,0.000993056,0.011736111,157.844213,2.262752315,175.0472222,0.252939815,0.018083333,0.303703704,0.020212037,0.004403704,19.2249537,43.74837963,6.445902778,18.04525463,8.36693287,1.191587431,0.019657407,227.4821759,99.41319444,14.76877315,14.91398148,14.6231713,67.87199074,7.953865741,1.965694444,0.329,5.058171296,14.74333333,14.46861111,14.44310185,1010.451759,0.000405093,0,199.4238426,2.858810185,208.030787,0.45287037,0.032310185,0.487291667,0,0,20.37962963,48.66134259,9.11275463,19.55717593,9.09362037,1.18617162,0.02344213,213.8078704,93.70842593,17.91026352,18.06574202,17.75963939,72.21359223,12.22649098,1.393619972,0.23332871,3.680166436,17.91026352,18.04008322,18.04008322,1006.976006,0,0,222.2052705,3.185298197,231.3398058,0.591955617,0.042274619,0.653398058,0,0,23.80305132,52.56033287,13.49112344,23.78224688,9.646116505,1.163846602,0.026255201,219.0249653,96.03869626,634.6407
43.617735,0.484649,1188.776196,0.165865,0.189609,0.784994,0.760157,0.714311,0.669546,0.655831,0.752127,0.875354,14.66671296,14.78703704,14.54715278,65.08449074,7.292916667,2.23537037,0.374199074,5.808703704,14.62590278,14.24604167,14.20527778,1009.283958,0.000993056,0.011736111,157.844213,2.262752315,175.0472222,0.252939815,0.018083333,0.303703704,0.020212037,0.004403704,19.2249537,43.74837963,6.445902778,18.04525463,8.36693287,1.191587431,0.019657407,227.4821759,99.41319444,14.76877315,14.91398148,14.6231713,67.87199074,7.953865741,1.965694444,0.329,5.058171296,14.74333333,14.46861111,14.44310185,1010.451759,0.000405093,0,199.4238426,2.858810185,208.030787,0.45287037,0.032310185,0.487291667,0,0,20.37962963,48.66134259,9.11275463,19.55717593,9.09362037,1.18617162,0.02344213,213.8078704,93.70842593,17.91026352,18.06574202,17.75963939,72.21359223,12.22649098,1.393619972,0.23332871,3.680166436,17.91026352,18.04008322,18.04008322,1006.976006,0,0,222.2052705,3.185298197,231.3398058,0.591955617,0.042274619,0.653398058,0,0,23.80305132,52.56033287,13.49112344,23.78224688,9.646116505,1.163846602,0.026255201,219.0249653,96.03869626,575.0927
37.321155,0.485071,1367.851153,0.166123,0.203218,0.81767,0.754256,0.727732,0.647252,0.69923,0.781459,0.889859,14.66671296,14.78703704,14.54715278,65.08449074,7.292916667,2.23537037,0.374199074,5.808703704,14.62590278,14.24604167,14.20527778,1009.283958,0.000993056,0.011736111,157.844213,2.262752315,175.0472222,0.252939815,0.018083333,0.303703704,0.020212037,0.004403704,19.2249537,43.74837963,6.445902778,18.04525463,8.36693287,1.191587431,0.019657407,227.4821759,99.41319444,14.76877315,14.91398148,14.6231713,67.87199074,7.953865741,1.965694444,0.329,5.058171296,14.74333333,14.46861111,14.44310185,1010.451759,0.000405093,0,199.4238426,2.858810185,208.030787,0.45287037,0.032310185,0.487291667,0,0,20.37962963,48.66134259,9.11275463,19.55717593,9.09362037,1.18617162,0.02344213,213.8078704,93.70842593,17.91026352,18.06574202,17.75963939,72.21359223,12.22649098,1.393619972,0.23332871,3.680166436,17.91026352,18.04008322,18.04008322,1006.976006,0,0,222.2052705,3.185298197,231.3398058,0.591955617,0.042274619,0.653398058,0,0,23.80305132,52.56033287,13.49112344,23.78224688,9.646116505,1.163846602,0.026255201,219.0249653,96.03869626,662.8941
32.195349,0.428671,1339.649128,0.173421,0.188708,0.771932,0.770513,0.74298,0.725167,0.654208,0.785654,0.880705,14.66671296,14.78703704,14.54715278,65.08449074,7.292916667,2.23537037,0.374199074,5.808703704,14.62590278,14.24604167,14.20527778,1009.283958,0.000993056,0.011736111,157.844213,2.262752315,175.0472222,0.252939815,0.018083333,0.303703704,0.020212037,0.004403704,19.2249537,43.74837963,6.445902778,18.04525463,8.36693287,1.191587431,0.019657407,227.4821759,99.41319444,14.76877315,14.91398148,14.6231713,67.87199074,7.953865741,1.965694444,0.329,5.058171296,14.74333333,14.46861111,14.44310185,1010.451759,0.000405093,0,199.4238426,2.858810185,208.030787,0.45287037,0.032310185,0.487291667,0,0,20.37962963,48.66134259,9.11275463,19.55717593,9.09362037,1.18617162,0.02344213,213.8078704,93.70842593,17.91026352,18.06574202,17.75963939,72.21359223,12.22649098,1.393619972,0.23332871,3.680166436,17.91026352,18.04008322,18.04008322,1006.976006,0,0,222.2052705,3.185298197,231.3398058,0.591955617,0.042274619,0.653398058,0,0,23.80305132,52.56033287,13.49112344,23.78224688,9.646116505,1.163846602,0.026255201,219.0249653,96.03869626,574.4993
34.52675,0.489393,1057.389117,0.189186,0.238272,0.76815,0.781564,0.696758,0.686034,0.599026,0.68545,0.862978,14.66671296,14.78703704,14.54715278,65.08449074,7.292916667,2.23537037,0.374199074,5.808703704,14.62590278,14.24604167,14.20527778,1009.283958,0.000993056,0.011736111,157.844213,2.262752315,175.0472222,0.252939815,0.018083333,0.303703704,0.020212037,0.004403704,19.2249537,43.74837963,6.445902778,18.04525463,8.36693287,1.191587431,0.019657407,227.4821759,99.41319444,14.76877315,14.91398148,14.6231713,67.87199074,7.953865741,1.965694444,0.329,5.058171296,14.74333333,14.46861111,14.44310185,1010.451759,0.000405093,0,199.4238426,2.858810185,208.030787,0.45287037,0.032310185,0.487291667,0,0,20.37962963,48.66134259,9.11275463,19.55717593,9.09362037,1.18617162,0.02344213,213.8078704,93.70842593,17.91026352,18.06574202,17.75963939,72.21359223,12.22649098,1.393619972,0.23332871,3.680166436,17.91026352,18.04008322,18.04008322,1006.976006,0,0,222.2052705,3.185298197,231.3398058,0.591955617,0.042274619,0.653398058,0,0,23.80305132,52.56033287,13.49112344,23.78224688,9.646116505,1.163846602,0.026255201,219.0249653,96.03869626,517.9559
46.523041,0.535588,1332.319549,0.188258,0.238864,0.792526,0.758803,0.578598,0.579116,0.680926,0.743699,0.862763,14.66671296,14.78703704,14.54715278,65.08449074,7.292916667,2.23537037,0.374199074,5.808703704,14.62590278,14.24604167,14.20527778,1009.283958,0.000993056,0.011736111,157.844213,2.262752315,175.0472222,0.252939815,0.018083333,0.303703704,0.020212037,0.004403704,19.2249537,43.74837963,6.445902778,18.04525463,8.36693287,1.191587431,0.019657407,227.4821759,99.41319444,14.76877315,14.91398148,14.6231713,67.87199074,7.953865741,1.965694444,0.329,5.058171296,14.74333333,14.46861111,14.44310185,1010.451759,0.000405093,0,199.4238426,2.858810185,208.030787,0.45287037,0.032310185,0.487291667,0,0,20.37962963,48.66134259,9.11275463,19.55717593,9.09362037,1.18617162,0.02344213,213.8078704,93.70842593,17.91026352,18.06574202,17.75963939,72.21359223,12.22649098,1.393619972,0.23332871,3.680166436,17.91026352,18.04008322,18.04008322,1006.976006,0,0,222.2052705,3.185298197,231.3398058,0.591955617,0.042274619,0.653398058,0,0,23.80305132,52.56033287,13.49112344,23.78224688,9.646116505,1.163846602,0.026255201,219.0249653,96.03869626,715.1365
36.561546,0.420138,720.845038,0.176885,0.20703,0.717419,0.716656,0.761052,0.659706,0.612256,0.7307,0.882207,14.66671296,14.78703704,14.54715278,65.08449074,7.292916667,2.23537037,0.374199074,5.808703704,14.62590278,14.24604167,14.20527778,1009.283958,0.000993056,0.011736111,157.844213,2.262752315,175.0472222,0.252939815,0.018083333,0.303703704,0.020212037,0.004403704,19.2249537,43.74837963,6.445902778,18.04525463,8.36693287,1.191587431,0.019657407,227.4821759,99.41319444,14.76877315,14.91398148,14.6231713,67.87199074,7.953865741,1.965694444,0.329,5.058171296,14.74333333,14.46861111,14.44310185,1010.451759,0.000405093,0,199.4238426,2.858810185,208.030787,0.45287037,0.032310185,0.487291667,0,0,20.37962963,48.66134259,9.11275463,19.55717593,9.09362037,1.18617162,0.02344213,213.8078704,93.70842593,17.91026352,18.06574202,17.75963939,72.21359223,12.22649098,1.393619972,0.23332871,3.680166436,17.91026352,18.04008322,18.04008322,1006.976006,0,0,222.2052705,3.185298197,231.3398058,0.591955617,0.042274619,0.653398058,0,0,23.80305132,52.56033287,13.49112344,23.78224688,9.646116505,1.163846602,0.026255201,219.0249653,96.03869626,302.4303
31.470471,0.355673,1757.21144,0.171625,0.2041,0.830836,0.782968,0.687354,0.687042,0.738544,0.821582,0.899336,14.66671296,14.78703704,14.54715278,65.08449074,7.292916667,2.23537037,0.374199074,5.808703704,14.62590278,14.24604167,14.20527778,1009.283958,0.000993056,0.011736111,157.844213,2.262752315,175.0472222,0.252939815,0.018083333,0.303703704,0.020212037,0.004403704,19.2249537,43.74837963,6.445902778,18.04525463,8.36693287,1.191587431,0.019657407,227.4821759,99.41319444,14.76877315,14.91398148,14.6231713,67.87199074,7.953865741,1.965694444,0.329,5.058171296,14.74333333,14.46861111,14.44310185,1010.451759,0.000405093,0,199.4238426,2.858810185,208.030787,0.45287037,0.032310185,0.487291667,0,0,20.37962963,48.66134259,9.11275463,19.55717593,9.09362037,1.18617162,0.02344213,213.8078704,93.70842593,17.91026352,18.06574202,17.75963939,72.21359223,12.22649098,1.393619972,0.23332871,3.680166436,17.91026352,18.04008322,18.04008322,1006.976006,0,0,222.2052705,3.185298197,231.3398058,0.591955617,0.042274619,0.653398058,0,0,23.80305132,52.56033287,13.49112344,23.78224688,9.646116505,1.163846602,0.026255201,219.0249653,96.03869626,625.0229
36.087842,0.486595,1213.336457,0.171441,0.193611,0.814614,0.762276,0.746759,0.65374,0.687794,0.771161,0.878546,14.66671296,14.78703704,14.54715278,65.08449074,7.292916667,2.23537037,0.374199074,5.808703704,14.62590278,14.24604167,14.20527778,1009.283958,0.000993056,0.011736111,157.844213,2.262752315,175.0472222,0.252939815,0.018083333,0.303703704,0.020212037,0.004403704,19.2249537,43.74837963,6.445902778,18.04525463,8.36693287,1.191587431,0.019657407,227.4821759,99.41319444,14.76877315,14.91398148,14.6231713,67.87199074,7.953865741,1.965694444,0.329,5.058171296,14.74333333,14.46861111,14.44310185,1010.451759,0.000405093,0,199.4238426,2.858810185,208.030787,0.45287037,0.032310185,0.487291667,0,0,20.37962963,48.66134259,9.11275463,19.55717593,9.09362037,1.18617162,0.02344213,213.8078704,93.70842593,17.91026352,18.06574202,17.75963939,72.21359223,12.22649098,1.393619972,0.23332871,3.680166436,17.91026352,18.04008322,18.04008322,1006.976006,0,0,222.2052705,3.185298197,231.3398058,0.591955617,0.042274619,0.653398058,0,0,23.80305132,52.56033287,13.49112344,23.78224688,9.646116505,1.163846602,0.026255201,219.0249653,96.03869626,591.1686
48.735309,0.563911,1067.567133,0.164526,0.190106,0.785373,0.7633,0.732166,0.583484,0.614778,0.683111,0.84082,14.66671296,14.78703704,14.54715278,65.08449074,7.292916667,2.23537037,0.374199074,5.808703704,14.62590278,14.24604167,14.20527778,1009.283958,0.000993056,0.011736111,157.844213,2.262752315,175.0472222,0.252939815,0.018083333,0.303703704,0.020212037,0.004403704,19.2249537,43.74837963,6.445902778,18.04525463,8.36693287,1.191587431,0.019657407,227.4821759,99.41319444,14.76877315,14.91398148,14.6231713,67.87199074,7.953865741,1.965694444,0.329,5.058171296,14.74333333,14.46861111,14.44310185,1010.451759,0.000405093,0,199.4238426,2.858810185,208.030787,0.45287037,0.032310185,0.487291667,0,0,20.37962963,48.66134259,9.11275463,19.55717593,9.09362037,1.18617162,0.02344213,213.8078704,93.70842593,17.91026352,18.06574202,17.75963939,72.21359223,12.22649098,1.393619972,0.23332871,3.680166436,17.91026352,18.04008322,18.04008322,1006.976006,0,0,222.2052705,3.185298197,231.3398058,0.591955617,0.042274619,0.653398058,0,0,23.80305132,52.56033287,13.49112344,23.78224688,9.646116505,1.163846602,0.026255201,219.0249653,96.03869626,603.074
40.512217,0.498775,1248.613089,0.173696,0.217929,0.769539,0.729711,0.682748,0.63495,0.658074,0.740179,0.864168,14.66671296,14.78703704,14.54715278,65.08449074,7.292916667,2.23537037,0.374199074,5.808703704,14.62590278,14.24604167,14.20527778,1009.283958,0.000993056,0.011736111,157.844213,2.262752315,175.0472222,0.252939815,0.018083333,0.303703704,0.020212037,0.004403704,19.2249537,43.74837963,6.445902778,18.04525463,8.36693287,1.191587431,0.019657407,227.4821759,99.41319444,14.76877315,14.91398148,14.6231713,67.87199074,7.953865741,1.965694444,0.329,5.058171296,14.74333333,14.46861111,14.44310185,1010.451759,0.000405093,0,199.4238426,2.858810185,208.030787,0.45287037,0.032310185,0.487291667,0,0,20.37962963,48.66134259,9.11275463,19.55717593,9.09362037,1.18617162,0.02344213,213.8078704,93.70842593,17.91026352,18.06574202,17.75963939,72.21359223,12.22649098,1.393619972,0.23332871,3.680166436,17.91026352,18.04008322,18.04008322,1006.976006,0,0,222.2052705,3.185298197,231.3398058,0.591955617,0.042274619,0.653398058,0,0,23.80305132,52.56033287,13.49112344,23.78224688,9.646116505,1.163846602,0.026255201,219.0249653,96.03869626,620.5822
43.102933,0.446904,1384.96268,0.181602,0.218826,0.779218,0.770503,0.720267,0.666781,0.727233,0.802789,0.88566,14.66671296,14.78703704,14.54715278,65.08449074,7.292916667,2.23537037,0.374199074,5.808703704,14.62590278,14.24604167,14.20527778,1009.283958,0.000993056,0.011736111,157.844213,2.262752315,175.0472222,0.252939815,0.018083333,0.303703704,0.020212037,0.004403704,19.2249537,43.74837963,6.445902778,18.04525463,8.36693287,1.191587431,0.019657407,227.4821759,99.41319444,14.76877315,14.91398148,14.6231713,67.87199074,7.953865741,1.965694444,0.329,5.058171296,14.74333333,14.46861111,14.44310185,1010.451759,0.000405093,0,199.4238426,2.858810185,208.030787,0.45287037,0.032310185,0.487291667,0,0,20.37962963,48.66134259,9.11275463,19.55717593,9.09362037,1.18617162,0.02344213,213.8078704,93.70842593,17.91026352,18.06574202,17.75963939,72.21359223,12.22649098,1.393619972,0.23332871,3.680166436,17.91026352,18.04008322,18.04008322,1006.976006,0,0,222.2052705,3.185298197,231.3398058,0.591955617,0.042274619,0.653398058,0,0,23.80305132,52.56033287,13.49112344,23.78224688,9.646116505,1.163846602,0.026255201,219.0249653,96.03869626,617.3745
42.567295,0.487629,1449.555182,0.18138,0.227406,0.814768,0.774967,0.726175,0.608432,0.714367,0.811468,0.893915,14.66671296,14.78703704,14.54715278,65.08449074,7.292916667,2.23537037,0.374199074,5.808703704,14.62590278,14.24604167,14.20527778,1009.283958,0.000993056,0.011736111,157.844213,2.262752315,175.0472222,0.252939815,0.018083333,0.303703704,0.020212037,0.004403704,19.2249537,43.74837963,6.445902778,18.04525463,8.36693287,1.191587431,0.019657407,227.4821759,99.41319444,14.76877315,14.91398148,14.6231713,67.87199074,7.953865741,1.965694444,0.329,5.058171296,14.74333333,14.46861111,14.44310185,1010.451759,0.000405093,0,199.4238426,2.858810185,208.030787,0.45287037,0.032310185,0.487291667,0,0,20.37962963,48.66134259,9.11275463,19.55717593,9.09362037,1.18617162,0.02344213,213.8078704,93.70842593,17.91026352,18.06574202,17.75963939,72.21359223,12.22649098,1.393619972,0.23332871,3.680166436,17.91026352,18.04008322,18.04008322,1006.976006,0,0,222.2052705,3.185298197,231.3398058,0.591955617,0.042274619,0.653398058,0,0,23.80305132,52.56033287,13.49112344,23.78224688,9.646116505,1.163846602,0.026255201,219.0249653,96.03869626,706.1949
34.396846,0.487234,1095.417954,0.176541,0.190573,0.7885,0.808469,0.732682,0.709811,0.666641,0.739861,0.88057,14.66671296,14.78703704,14.54715278,65.08449074,7.292916667,2.23537037,0.374199074,5.808703704,14.62590278,14.24604167,14.20527778,1009.283958,0.000993056,0.011736111,157.844213,2.262752315,175.0472222,0.252939815,0.018083333,0.303703704,0.020212037,0.004403704,19.2249537,43.74837963,6.445902778,18.04525463,8.36693287,1.191587431,0.019657407,227.4821759,99.41319444,14.76877315,14.91398148,14.6231713,67.87199074,7.953865741,1.965694444,0.329,5.058171296,14.74333333,14.46861111,14.44310185,1010.451759,0.000405093,0,199.4238426,2.858810185,208.030787,0.45287037,0.032310185,0.487291667,0,0,20.37962963,48.66134259,9.11275463,19.55717593,9.09362037,1.18617162,0.02344213,213.8078704,93.70842593,17.91026352,18.06574202,17.75963939,72.21359223,12.22649098,1.393619972,0.23332871,3.680166436,17.91026352,18.04008322,18.04008322,1006.976006,0,0,222.2052705,3.185298197,231.3398058,0.591955617,0.042274619,0.653398058,0,0,23.80305132,52.56033287,13.49112344,23.78224688,9.646116505,1.163846602,0.026255201,219.0249653,96.03869626,535.2902
39.99119,0.484107,1649.283391,0.18973,0.223718,0.815191,0.793651,0.746916,0.686852,0.727806,0.805102,0.898171,14.66671296,14.78703704,14.54715278,65.08449074,7.292916667,2.23537037,0.374199074,5.808703704,14.62590278,14.24604167,14.20527778,1009.283958,0.000993056,0.011736111,157.844213,2.262752315,175.0472222,0.252939815,0.018083333,0.303703704,0.020212037,0.004403704,19.2249537,43.74837963,6.445902778,18.04525463,8.36693287,1.191587431,0.019657407,227.4821759,99.41319444,14.76877315,14.91398148,14.6231713,67.87199074,7.953865741,1.965694444,0.329,5.058171296,14.74333333,14.46861111,14.44310185,1010.451759,0.000405093,0,199.4238426,2.858810185,208.030787,0.45287037,0.032310185,0.487291667,0,0,20.37962963,48.66134259,9.11275463,19.55717593,9.09362037,1.18617162,0.02344213,213.8078704,93.70842593,17.91026352,18.06574202,17.75963939,72.21359223,12.22649098,1.393619972,0.23332871,3.680166436,17.91026352,18.04008322,18.04008322,1006.976006,0,0,222.2052705,3.185298197,231.3398058,0.591955617,0.042274619,0.653398058,0,0,23.80305132,52.56033287,13.49112344,23.78224688,9.646116505,1.163846602,0.026255201,219.0249653,96.03869626,796.6863
35.496361,0.486459,1319.380121,0.174997,0.201429,0.790961,0.773541,0.711381,0.650599,0.687922,0.762763,0.878453,14.66671296,14.78703704,14.54715278,65.08449074,7.292916667,2.23537037,0.374199074,5.808703704,14.62590278,14.24604167,14.20527778,1009.283958,0.000993056,0.011736111,157.844213,2.262752315,175.0472222,0.252939815,0.018083333,0.303703704,0.020212037,0.004403704,19.2249537,43.74837963,6.445902778,18.04525463,8.36693287,1.191587431,0.019657407,227.4821759,99.41319444,14.76877315,14.91398148,14.6231713,67.87199074,7.953865741,1.965694444,0.329,5.058171296,14.74333333,14.46861111,14.44310185,1010.451759,0.000405093,0,199.4238426,2.858810185,208.030787,0.45287037,0.032310185,0.487291667,0,0,20.37962963,48.66134259,9.11275463,19.55717593,9.09362037,1.18617162,0.02344213,213.8078704,93.70842593,17.91026352,18.06574202,17.75963939,72.21359223,12.22649098,1.393619972,0.23332871,3.680166436,17.91026352,18.04008322,18.04008322,1006.976006,0,0,222.2052705,3.185298197,231.3398058,0.591955617,0.042274619,0.653398058,0,0,23.80305132,52.56033287,13.49112344,23.78224688,9.646116505,1.163846602,0.026255201,219.0249653,96.03869626,641.6832
43.214818,0.470501,1170.897451,0.183579,0.206235,0.787335,0.777049,0.720277,0.646095,0.694394,0.766692,0.884475,14.66671296,14.78703704,14.54715278,65.08449074,7.292916667,2.23537037,0.374199074,5.808703704,14.62590278,14.24604167,14.20527778,1009.283958,0.000993056,0.011736111,157.844213,2.262752315,175.0472222,0.252939815,0.018083333,0.303703704,0.020212037,0.004403704,19.2249537,43.74837963,6.445902778,18.04525463,8.36693287,1.191587431,0.019657407,227.4821759,99.41319444,14.76877315,14.91398148,14.6231713,67.87199074,7.953865741,1.965694444,0.329,5.058171296,14.74333333,14.46861111,14.44310185,1010.451759,0.000405093,0,199.4238426,2.858810185,208.030787,0.45287037,0.032310185,0.487291667,0,0,20.37962963,48.66134259,9.11275463,19.55717593,9.09362037,1.18617162,0.02344213,213.8078704,93.70842593,17.91026352,18.06574202,17.75963939,72.21359223,12.22649098,1.393619972,0.23332871,3.680166436,17.91026352,18.04008322,18.04008322,1006.976006,0,0,222.2052705,3.185298197,231.3398058,0.591955617,0.042274619,0.653398058,0,0,23.80305132,52.56033287,13.49112344,23.78224688,9.646116505,1.163846602,0.026255201,219.0249653,96.03869626,550.9732
40.606419,0.463285,1449.812422,0.177454,0.228668,0.778286,0.760727,0.718752,0.665883,0.710706,0.792032,0.889955,14.66671296,14.78703704,14.54715278,65.08449074,7.292916667,2.23537037,0.374199074,5.808703704,14.62590278,14.24604167,14.20527778,1009.283958,0.000993056,0.011736111,157.844213,2.262752315,175.0472222,0.252939815,0.018083333,0.303703704,0.020212037,0.004403704,19.2249537,43.74837963,6.445902778,18.04525463,8.36693287,1.191587431,0.019657407,227.4821759,99.41319444,14.76877315,14.91398148,14.6231713,67.87199074,7.953865741,1.965694444,0.329,5.058171296,14.74333333,14.46861111,14.44310185,1010.451759,0.000405093,0,199.4238426,2.858810185,208.030787,0.45287037,0.032310185,0.487291667,0,0,20.37962963,48.66134259,9.11275463,19.55717593,9.09362037,1.18617162,0.02344213,213.8078704,93.70842593,17.91026352,18.06574202,17.75963939,72.21359223,12.22649098,1.393619972,0.23332871,3.680166436,17.91026352,18.04008322,18.04008322,1006.976006,0,0,222.2052705,3.185298197,231.3398058,0.591955617,0.042274619,0.653398058,0,0,23.80305132,52.56033287,13.49112344,23.78224688,9.646116505,1.163846602,0.026255201,219.0249653,96.03869626,671.8196
42.16952,0.482912,1209.147851,0.159487,0.187353,0.7226,0.728879,0.734178,0.693135,0.586607,0.70323,0.864535,14.66671296,14.78703704,14.54715278,65.08449074,7.292916667,2.23537037,0.374199074,5.808703704,14.62590278,14.24604167,14.20527778,1009.283958,0.000993056,0.011736111,157.844213,2.262752315,175.0472222,0.252939815,0.018083333,0.303703704,0.020212037,0.004403704,19.2249537,43.74837963,6.445902778,18.04525463,8.36693287,1.191587431,0.019657407,227.4821759,99.41319444,14.76877315,14.91398148,14.6231713,67.87199074,7.953865741,1.965694444,0.329,5.058171296,14.74333333,14.46861111,14.44310185,1010.451759,0.000405093,0,199.4238426,2.858810185,208.030787,0.45287037,0.032310185,0.487291667,0,0,20.37962963,48.66134259,9.11275463,19.55717593,9.09362037,1.18617162,0.02344213,213.8078704,93.70842593,17.91026352,18.06574202,17.75963939,72.21359223,12.22649098,1.393619972,0.23332871,3.680166436,17.91026352,18.04008322,18.04008322,1006.976006,0,0,222.2052705,3.185298197,231.3398058,0.591955617,0.042274619,0.653398058,0,0,23.80305132,52.56033287,13.49112344,23.78224688,9.646116505,1.163846602,0.026255201,219.0249653,96.03869626,582.3951
42.121209,0.478519,1365.499831,0.175206,0.217279,0.787106,0.753699,0.747193,0.638525,0.690208,0.795414,0.883847,14.66671296,14.78703704,14.54715278,65.08449074,7.292916667,2.23537037,0.374199074,5.808703704,14.62590278,14.24604167,14.20527778,1009.283958,0.000993056,0.011736111,157.844213,2.262752315,175.0472222,0.252939815,0.018083333,0.303703704,0.020212037,0.004403704,19.2249537,43.74837963,6.445902778,18.04525463,8.36693287,1.191587431,0.019657407,227.4821759,99.41319444,14.76877315,14.91398148,14.6231713,67.87199074,7.953865741,1.965694444,0.329,5.058171296,14.74333333,14.46861111,14.44310185,1010.451759,0.000405093,0,199.4238426,2.858810185,208.030787,0.45287037,0.032310185,0.487291667,0,0,20.37962963,48.66134259,9.11275463,19.55717593,9.09362037,1.18617162,0.02344213,213.8078704,93.70842593,17.91026352,18.06574202,17.75963939,72.21359223,12.22649098,1.393619972,0.23332871,3.680166436,17.91026352,18.04008322,18.04008322,1006.976006,0,0,222.2052705,3.185298197,231.3398058,0.591955617,0.042274619,0.653398058,0,0,23.80305132,52.56033287,13.49112344,23.78224688,9.646116505,1.163846602,0.026255201,219.0249653,96.03869626,653.1662
36.547219,0.477694,1652.144856,0.173939,0.200305,0.813173,0.76452,0.750449,0.709133,0.672575,0.775706,0.884472,14.66671296,14.78703704,14.54715278,65.08449074,7.292916667,2.23537037,0.374199074,5.808703704,14.62590278,14.24604167,14.20527778,1009.283958,0.000993056,0.011736111,157.844213,2.262752315,175.0472222,0.252939815,0.018083333,0.303703704,0.020212037,0.004403704,19.2249537,43.74837963,6.445902778,18.04525463,8.36693287,1.191587431,0.019657407,227.4821759,99.41319444,14.76877315,14.91398148,14.6231713,67.87199074,7.953865741,1.965694444,0.329,5.058171296,14.74333333,14.46861111,14.44310185,1010.451759,0.000405093,0,199.4238426,2.858810185,208.030787,0.45287037,0.032310185,0.487291667,0,0,20.37962963,48.66134259,9.11275463,19.55717593,9.09362037,1.18617162,0.02344213,213.8078704,93.70842593,17.91026352,18.06574202,17.75963939,72.21359223,12.22649098,1.393619972,0.23332871,3.680166436,17.91026352,18.04008322,18.04008322,1006.976006,0,0,222.2052705,3.185298197,231.3398058,0.591955617,0.042274619,0.653398058,0,0,23.80305132,52.56033287,13.49112344,23.78224688,9.646116505,1.163846602,0.026255201,219.0249653,96.03869626,790.0426
49.007343,0.466551,1302.786864,0.171984,0.208857,0.78446,0.75527,0.722158,0.638002,0.684047,0.768823,0.885784,14.66671296,14.78703704,14.54715278,65.08449074,7.292916667,2.23537037,0.374199074,5.808703704,14.62590278,14.24604167,14.20527778,1009.283958,0.000993056,0.011736111,157.844213,2.262752315,175.0472222,0.252939815,0.018083333,0.303703704,0.020212037,0.004403704,19.2249537,43.74837963,6.445902778,18.04525463,8.36693287,1.191587431,0.019657407,227.4821759,99.41319444,14.76877315,14.91398148,14.6231713,67.87199074,7.953865741,1.965694444,0.329,5.058171296,14.74333333,14.46861111,14.44310185,1010.451759,0.000405093,0,199.4238426,2.858810185,208.030787,0.45287037,0.032310185,0.487291667,0,0,20.37962963,48.66134259,9.11275463,19.55717593,9.09362037,1.18617162,0.02344213,213.8078704,93.70842593,17.91026352,18.06574202,17.75963939,72.21359223,12.22649098,1.393619972,0.23332871,3.680166436,17.91026352,18.04008322,18.04008322,1006.976006,0,0,222.2052705,3.185298197,231.3398058,0.591955617,0.042274619,0.653398058,0,0,23.80305132,52.56033287,13.49112344,23.78224688,9.646116505,1.163846602,0.026255201,219.0249653,96.03869626,607.2419
44.857556,0.475755,1214.209776,0.165144,0.172491,0.769908,0.765065,0.722533,0.678537,0.638013,0.772308,0.88111,14.66671296,14.78703704,14.54715278,65.08449074,7.292916667,2.23537037,0.374199074,5.808703704,14.62590278,14.24604167,14.20527778,1009.283958,0.000993056,0.011736111,157.844213,2.262752315,175.0472222,0.252939815,0.018083333,0.303703704,0.020212037,0.004403704,19.2249537,43.74837963,6.445902778,18.04525463,8.36693287,1.191587431,0.019657407,227.4821759,99.41319444,14.76877315,14.91398148,14.6231713,67.87199074,7.953865741,1.965694444,0.329,5.058171296,14.74333333,14.46861111,14.44310185,1010.451759,0.000405093,0,199.4238426,2.858810185,208.030787,0.45287037,0.032310185,0.487291667,0,0,20.37962963,48.66134259,9.11275463,19.55717593,9.09362037,1.18617162,0.02344213,213.8078704,93.70842593,17.91026352,18.06574202,17.75963939,72.21359223,12.22649098,1.393619972,0.23332871,3.680166436,17.91026352,18.04008322,18.04008322,1006.976006,0,0,222.2052705,3.185298197,231.3398058,0.591955617,0.042274619,0.653398058,0,0,23.80305132,52.56033287,13.49112344,23.78224688,9.646116505,1.163846602,0.026255201,219.0249653,96.03869626,576.6
39.010302,0.446191,1545.330143,0.182863,0.228069,0.802666,0.80318,0.735313,0.675582,0.726193,0.800641,0.902837,14.66671296,14.78703704,14.54715278,65.08449074,7.292916667,2.23537037,0.374199074,5.808703704,14.62590278,14.24604167,14.20527778,1009.283958,0.000993056,0.011736111,157.844213,2.262752315,175.0472222,0.252939815,0.018083333,0.303703704,0.020212037,0.004403704,19.2249537,43.74837963,6.445902778,18.04525463,8.36693287,1.191587431,0.019657407,227.4821759,99.41319444,14.76877315,14.91398148,14.6231713,67.87199074,7.953865741,1.965694444,0.329,5.058171296,14.74333333,14.46861111,14.44310185,1010.451759,0.000405093,0,199.4238426,2.858810185,208.030787,0.45287037,0.032310185,0.487291667,0,0,20.37962963,48.66134259,9.11275463,19.55717593,9.09362037,1.18617162,0.02344213,213.8078704,93.70842593,17.91026352,18.06574202,17.75963939,72.21359223,12.22649098,1.393619972,0.23332871,3.680166436,17.91026352,18.04008322,18.04008322,1006.976006,0,0,222.2052705,3.185298197,231.3398058,0.591955617,0.042274619,0.653398058,0,0,23.80305132,52.56033287,13.49112344,23.78224688,9.646116505,1.163846602,0.026255201,219.0249653,96.03869626,689.9658
38.319184,0.455783,1408.847312,0.169294,0.194398,0.759675,0.796075,0.736856,0.675391,0.687001,0.767515,0.885194,14.66671296,14.78703704,14.54715278,65.08449074,7.292916667,2.23537037,0.374199074,5.808703704,14.62590278,14.24604167,14.20527778,1009.283958,0.000993056,0.011736111,157.844213,2.262752315,175.0472222,0.252939815,0.018083333,0.303703704,0.020212037,0.004403704,19.2249537,43.74837963,6.445902778,18.04525463,8.36693287,1.191587431,0.019657407,227.4821759,99.41319444,14.76877315,14.91398148,14.6231713,67.87199074,7.953865741,1.965694444,0.329,5.058171296,14.74333333,14.46861111,14.44310185,1010.451759,0.000405093,0,199.4238426,2.858810185,208.030787,0.45287037,0.032310185,0.487291667,0,0,20.37962963,48.66134259,9.11275463,19.55717593,9.09362037,1.18617162,0.02344213,213.8078704,93.70842593,17.91026352,18.06574202,17.75963939,72.21359223,12.22649098,1.393619972,0.23332871,3.680166436,17.91026352,18.04008322,18.04008322,1006.976006,0,0,222.2052705,3.185298197,231.3398058,0.591955617,0.042274619,0.653398058,0,0,23.80305132,52.56033287,13.49112344,23.78224688,9.646116505,1.163846602,0.026255201,219.0249653,96.03869626,642.4901
45.490936,0.506561,1381.249624,0.174007,0.19432,0.781533,0.768106,0.691273,0.576622,0.677018,0.768106,0.880433,14.66671296,14.78703704,14.54715278,65.08449074,7.292916667,2.23537037,0.374199074,5.808703704,14.62590278,14.24604167,14.20527778,1009.283958,0.000993056,0.011736111,157.844213,2.262752315,175.0472222,0.252939815,0.018083333,0.303703704,0.020212037,0.004403704,19.2249537,43.74837963,6.445902778,18.04525463,8.36693287,1.191587431,0.019657407,227.4821759,99.41319444,14.76877315,14.91398148,14.6231713,67.87199074,7.953865741,1.965694444,0.329,5.058171296,14.74333333,14.46861111,14.44310185,1010.451759,0.000405093,0,199.4238426,2.858810185,208.030787,0.45287037,0.032310185,0.487291667,0,0,20.37962963,48.66134259,9.11275463,19.55717593,9.09362037,1.18617162,0.02344213,213.8078704,93.70842593,17.91026352,18.06574202,17.75963939,72.21359223,12.22649098,1.393619972,0.23332871,3.680166436,17.91026352,18.04008322,18.04008322,1006.976006,0,0,222.2052705,3.185298197,231.3398058,0.591955617,0.042274619,0.653398058,0,0,23.80305132,52.56033287,13.49112344,23.78224688,9.646116505,1.163846602,0.026255201,219.0249653,96.03869626,698.1886
49.256449,0.466542,1383.754071,0.172601,0.210151,0.802833,0.784342,0.754713,0.670081,0.694339,0.793645,0.890587,14.66671296,14.78703704,14.54715278,65.08449074,7.292916667,2.23537037,0.374199074,5.808703704,14.62590278,14.24604167,14.20527778,1009.283958,0.000993056,0.011736111,157.844213,2.262752315,175.0472222,0.252939815,0.018083333,0.303703704,0.020212037,0.004403704,19.2249537,43.74837963,6.445902778,18.04525463,8.36693287,1.191587431,0.019657407,227.4821759,99.41319444,14.76877315,14.91398148,14.6231713,67.87199074,7.953865741,1.965694444,0.329,5.058171296,14.74333333,14.46861111,14.44310185,1010.451759,0.000405093,0,199.4238426,2.858810185,208.030787,0.45287037,0.032310185,0.487291667,0,0,20.37962963,48.66134259,9.11275463,19.55717593,9.09362037,1.18617162,0.02344213,213.8078704,93.70842593,17.91026352,18.06574202,17.75963939,72.21359223,12.22649098,1.393619972,0.23332871,3.680166436,17.91026352,18.04008322,18.04008322,1006.976006,0,0,222.2052705,3.185298197,231.3398058,0.591955617,0.042274619,0.653398058,0,0,23.80305132,52.56033287,13.49112344,23.78224688,9.646116505,1.163846602,0.026255201,219.0249653,96.03869626,643.8478
38.536275,0.459087,1310.702925,0.170533,0.211461,0.759699,0.754754,0.740257,0.68845,0.631071,0.699951,0.874199,14.66671296,14.78703704,14.54715278,65.08449074,7.292916667,2.23537037,0.374199074,5.808703704,14.62590278,14.24604167,14.20527778,1009.283958,0.000993056,0.011736111,157.844213,2.262752315,175.0472222,0.252939815,0.018083333,0.303703704,0.020212037,0.004403704,19.2249537,43.74837963,6.445902778,18.04525463,8.36693287,1.191587431,0.019657407,227.4821759,99.41319444,14.76877315,14.91398148,14.6231713,67.87199074,7.953865741,1.965694444,0.329,5.058171296,14.74333333,14.46861111,14.44310185,1010.451759,0.000405093,0,199.4238426,2.858810185,208.030787,0.45287037,0.032310185,0.487291667,0,0,20.37962963,48.66134259,9.11275463,19.55717593,9.09362037,1.18617162,0.02344213,213.8078704,93.70842593,17.91026352,18.06574202,17.75963939,72.21359223,12.22649098,1.393619972,0.23332871,3.680166436,17.91026352,18.04008322,18.04008322,1006.976006,0,0,222.2052705,3.185298197,231.3398058,0.591955617,0.042274619,0.653398058,0,0,23.80305132,52.56033287,13.49112344,23.78224688,9.646116505,1.163846602,0.026255201,219.0249653,96.03869626,603.1103
50.908861,0.490758,1269.224388,0.174149,0.205484,0.753799,0.75102,0.708147,0.651074,0.598732,0.732221,0.879421,14.66671296,14.78703704,14.54715278,65.08449074,7.292916667,2.23537037,0.374199074,5.808703704,14.62590278,14.24604167,14.20527778,1009.283958,0.000993056,0.011736111,157.844213,2.262752315,175.0472222,0.252939815,0.018083333,0.303703704,0.020212037,0.004403704,19.2249537,43.74837963,6.445902778,18.04525463,8.36693287,1.191587431,0.019657407,227.4821759,99.41319444,14.76877315,14.91398148,14.6231713,67.87199074,7.953865741,1.965694444,0.329,5.058171296,14.74333333,14.46861111,14.44310185,1010.451759,0.000405093,0,199.4238426,2.858810185,208.030787,0.45287037,0.032310185,0.487291667,0,0,20.37962963,48.66134259,9.11275463,19.55717593,9.09362037,1.18617162,0.02344213,213.8078704,93.70842593,17.91026352,18.06574202,17.75963939,72.21359223,12.22649098,1.393619972,0.23332871,3.680166436,17.91026352,18.04008322,18.04008322,1006.976006,0,0,222.2052705,3.185298197,231.3398058,0.591955617,0.042274619,0.653398058,0,0,23.80305132,52.56033287,13.49112344,23.78224688,9.646116505,1.163846602,0.026255201,219.0249653,96.03869626,622.6696
39.487523,0.471495,1246.817192,0.170547,0.194955,0.754418,0.758663,0.67166,0.64267,0.608198,0.702507,0.859537,14.66671296,14.78703704,14.54715278,65.08449074,7.292916667,2.23537037,0.374199074,5.808703704,14.62590278,14.24604167,14.20527778,1009.283958,0.000993056,0.011736111,157.844213,2.262752315,175.0472222,0.252939815,0.018083333,0.303703704,0.020212037,0.004403704,19.2249537,43.74837963,6.445902778,18.04525463,8.36693287,1.191587431,0.019657407,227.4821759,99.41319444,14.76877315,14.91398148,14.6231713,67.87199074,7.953865741,1.965694444,0.329,5.058171296,14.74333333,14.46861111,14.44310185,1010.451759,0.000405093,0,199.4238426,2.858810185,208.030787,0.45287037,0.032310185,0.487291667,0,0,20.37962963,48.66134259,9.11275463,19.55717593,9.09362037,1.18617162,0.02344213,213.8078704,93.70842593,17.91026352,18.06574202,17.75963939,72.21359223,12.22649098,1.393619972,0.23332871,3.680166436,17.91026352,18.04008322,18.04008322,1006.976006,0,0,222.2052705,3.185298197,231.3398058,0.591955617,0.042274619,0.653398058,0,0,23.80305132,52.56033287,13.49112344,23.78224688,9.646116505,1.163846602,0.026255201,219.0249653,96.03869626,590.1555
36.420212,0.463089,1231.161542,0.187752,0.216366,0.817502,0.789121,0.754949,0.718186,0.636905,0.694804,0.878149,14.66671296,14.78703704,14.54715278,65.08449074,7.292916667,2.23537037,0.374199074,5.808703704,14.62590278,14.24604167,14.20527778,1009.283958,0.000993056,0.011736111,157.844213,2.262752315,175.0472222,0.252939815,0.018083333,0.303703704,0.020212037,0.004403704,19.2249537,43.74837963,6.445902778,18.04525463,8.36693287,1.191587431,0.019657407,227.4821759,99.41319444,14.76877315,14.91398148,14.6231713,67.87199074,7.953865741,1.965694444,0.329,5.058171296,14.74333333,14.46861111,14.44310185,1010.451759,0.000405093,0,199.4238426,2.858810185,208.030787,0.45287037,0.032310185,0.487291667,0,0,20.37962963,48.66134259,9.11275463,19.55717593,9.09362037,1.18617162,0.02344213,213.8078704,93.70842593,17.91026352,18.06574202,17.75963939,72.21359223,12.22649098,1.393619972,0.23332871,3.680166436,17.91026352,18.04008322,18.04008322,1006.976006,0,0,222.2052705,3.185298197,231.3398058,0.591955617,0.042274619,0.653398058,0,0,23.80305132,52.56033287,13.49112344,23.78224688,9.646116505,1.163846602,0.026255201,219.0249653,96.03869626,571.4719
43.501735,0.506402,891.244071,0.16489,0.185502,0.64894,0.763908,0.625697,0.565544,0.507879,0.601194,0.775112,14.66671296,14.78703704,14.54715278,65.08449074,7.292916667,2.23537037,0.374199074,5.808703704,14.62590278,14.24604167,14.20527778,1009.283958,0.000993056,0.011736111,157.844213,2.262752315,175.0472222,0.252939815,0.018083333,0.303703704,0.020212037,0.004403704,19.2249537,43.74837963,6.445902778,18.04525463,8.36693287,1.191587431,0.019657407,227.4821759,99.41319444,14.76877315,14.91398148,14.6231713,67.87199074,7.953865741,1.965694444,0.329,5.058171296,14.74333333,14.46861111,14.44310185,1010.451759,0.000405093,0,199.4238426,2.858810185,208.030787,0.45287037,0.032310185,0.487291667,0,0,20.37962963,48.66134259,9.11275463,19.55717593,9.09362037,1.18617162,0.02344213,213.8078704,93.70842593,17.91026352,18.06574202,17.75963939,72.21359223,12.22649098,1.393619972,0.23332871,3.680166436,17.91026352,18.04008322,18.04008322,1006.976006,0,0,222.2052705,3.185298197,231.3398058,0.591955617,0.042274619,0.653398058,0,0,23.80305132,52.56033287,13.49112344,23.78224688,9.646116505,1.163846602,0.026255201,219.0249653,96.03869626,453.9437
41.746919,0.474055,1513.495197,0.168917,0.178489,0.807508,0.775,0.716471,0.682203,0.63274,0.740969,0.883151,14.66671296,14.78703704,14.54715278,65.08449074,7.292916667,2.23537037,0.374199074,5.808703704,14.62590278,14.24604167,14.20527778,1009.283958,0.000993056,0.011736111,157.844213,2.262752315,175.0472222,0.252939815,0.018083333,0.303703704,0.020212037,0.004403704,19.2249537,43.74837963,6.445902778,18.04525463,8.36693287,1.191587431,0.019657407,227.4821759,99.41319444,14.76877315,14.91398148,14.6231713,67.87199074,7.953865741,1.965694444,0.329,5.058171296,14.74333333,14.46861111,14.44310185,1010.451759,0.000405093,0,199.4238426,2.858810185,208.030787,0.45287037,0.032310185,0.487291667,0,0,20.37962963,48.66134259,9.11275463,19.55717593,9.09362037,1.18617162,0.02344213,213.8078704,93.70842593,17.91026352,18.06574202,17.75963939,72.21359223,12.22649098,1.393619972,0.23332871,3.680166436,17.91026352,18.04008322,18.04008322,1006.976006,0,0,222.2052705,3.185298197,231.3398058,0.591955617,0.042274619,0.653398058,0,0,23.80305132,52.56033287,13.49112344,23.78224688,9.646116505,1.163846602,0.026255201,219.0249653,96.03869626,717.2384
43.402933,0.462404,1143.01268,0.168602,0.195826,0.786218,0.746503,0.718767,0.626281,0.647733,0.755289,0.85816,14.66671296,14.78703704,14.54715278,65.08449074,7.292916667,2.23537037,0.374199074,5.808703704,14.62590278,14.24604167,14.20527778,1009.283958,0.000993056,0.011736111,157.844213,2.262752315,175.0472222,0.252939815,0.018083333,0.303703704,0.020212037,0.004403704,19.2249537,43.74837963,6.445902778,18.04525463,8.36693287,1.191587431,0.019657407,227.4821759,99.41319444,14.76877315,14.91398148,14.6231713,67.87199074,7.953865741,1.965694444,0.329,5.058171296,14.74333333,14.46861111,14.44310185,1010.451759,0.000405093,0,199.4238426,2.858810185,208.030787,0.45287037,0.032310185,0.487291667,0,0,20.37962963,48.66134259,9.11275463,19.55717593,9.09362037,1.18617162,0.02344213,213.8078704,93.70842593,17.91026352,18.06574202,17.75963939,72.21359223,12.22649098,1.393619972,0.23332871,3.680166436,17.91026352,18.04008322,18.04008322,1006.976006,0,0,222.2052705,3.185298197,231.3398058,0.591955617,0.042274619,0.653398058,0,0,23.80305132,52.56033287,13.49112344,23.78224688,9.646116505,1.163846602,0.026255201,219.0249653,96.03869626,527.8645
39.189692,0.486625,1189.721966,0.179646,0.212609,0.766201,0.764686,0.716667,0.641982,0.673693,0.758878,0.889123,14.66671296,14.78703704,14.54715278,65.08449074,7.292916667,2.23537037,0.374199074,5.808703704,14.62590278,14.24604167,14.20527778,1009.283958,0.000993056,0.011736111,157.844213,2.262752315,175.0472222,0.252939815,0.018083333,0.303703704,0.020212037,0.004403704,19.2249537,43.74837963,6.445902778,18.04525463,8.36693287,1.191587431,0.019657407,227.4821759,99.41319444,14.76877315,14.91398148,14.6231713,67.87199074,7.953865741,1.965694444,0.329,5.058171296,14.74333333,14.46861111,14.44310185,1010.451759,0.000405093,0,199.4238426,2.858810185,208.030787,0.45287037,0.032310185,0.487291667,0,0,20.37962963,48.66134259,9.11275463,19.55717593,9.09362037,1.18617162,0.02344213,213.8078704,93.70842593,17.91026352,18.06574202,17.75963939,72.21359223,12.22649098,1.393619972,0.23332871,3.680166436,17.91026352,18.04008322,18.04008322,1006.976006,0,0,222.2052705,3.185298197,231.3398058,0.591955617,0.042274619,0.653398058,0,0,23.80305132,52.56033287,13.49112344,23.78224688,9.646116505,1.163846602,0.026255201,219.0249653,96.03869626,576.4373
34.934898,0.437098,983.968104,0.179352,0.195023,0.792142,0.738969,0.663978,0.59611,0.71753,0.799396,0.870973,14.66671296,14.78703704,14.54715278,65.08449074,7.292916667,2.23537037,0.374199074,5.808703704,14.62590278,14.24604167,14.20527778,1009.283958,0.000993056,0.011736111,157.844213,2.262752315,175.0472222,0.252939815,0.018083333,0.303703704,0.020212037,0.004403704,19.2249537,43.74837963,6.445902778,18.04525463,8.36693287,1.191587431,0.019657407,227.4821759,99.41319444,14.76877315,14.91398148,14.6231713,67.87199074,7.953865741,1.965694444,0.329,5.058171296,14.74333333,14.46861111,14.44310185,1010.451759,0.000405093,0,199.4238426,2.858810185,208.030787,0.45287037,0.032310185,0.487291667,0,0,20.37962963,48.66134259,9.11275463,19.55717593,9.09362037,1.18617162,0.02344213,213.8078704,93.70842593,17.91026352,18.06574202,17.75963939,72.21359223,12.22649098,1.393619972,0.23332871,3.680166436,17.91026352,18.04008322,18.04008322,1006.976006,0,0,222.2052705,3.185298197,231.3398058,0.591955617,0.042274619,0.653398058,0,0,23.80305132,52.56033287,13.49112344,23.78224688,9.646116505,1.163846602,0.026255201,219.0249653,96.03869626,426.0903
46.017837,0.471517,1034.862851,0.176452,0.187174,0.749881,0.753071,0.718717,0.575004,0.653822,0.715598,0.857117,14.66671296,14.78703704,14.54715278,65.08449074,7.292916667,2.23537037,0.374199074,5.808703704,14.62590278,14.24604167,14.20527778,1009.283958,0.000993056,0.011736111,157.844213,2.262752315,175.0472222,0.252939815,0.018083333,0.303703704,0.020212037,0.004403704,19.2249537,43.74837963,6.445902778,18.04525463,8.36693287,1.191587431,0.019657407,227.4821759,99.41319444,14.76877315,14.91398148,14.6231713,67.87199074,7.953865741,1.965694444,0.329,5.058171296,14.74333333,14.46861111,14.44310185,1010.451759,0.000405093,0,199.4238426,2.858810185,208.030787,0.45287037,0.032310185,0.487291667,0,0,20.37962963,48.66134259,9.11275463,19.55717593,9.09362037,1.18617162,0.02344213,213.8078704,93.70842593,17.91026352,18.06574202,17.75963939,72.21359223,12.22649098,1.393619972,0.23332871,3.680166436,17.91026352,18.04008322,18.04008322,1006.976006,0,0,222.2052705,3.185298197,231.3398058,0.591955617,0.042274619,0.653398058,0,0,23.80305132,52.56033287,13.49112344,23.78224688,9.646116505,1.163846602,0.026255201,219.0249653,96.03869626,484.4806
43.458523,0.489184,1206.98245,0.171704,0.232324,0.804363,0.778978,0.724121,0.703481,0.658315,0.715627,0.869578,14.66671296,14.78703704,14.54715278,65.08449074,7.292916667,2.23537037,0.374199074,5.808703704,14.62590278,14.24604167,14.20527778,1009.283958,0.000993056,0.011736111,157.844213,2.262752315,175.0472222,0.252939815,0.018083333,0.303703704,0.020212037,0.004403704,19.2249537,43.74837963,6.445902778,18.04525463,8.36693287,1.191587431,0.019657407,227.4821759,99.41319444,14.76877315,14.91398148,14.6231713,67.87199074,7.953865741,1.965694444,0.329,5.058171296,14.74333333,14.46861111,14.44310185,1010.451759,0.000405093,0,199.4238426,2.858810185,208.030787,0.45287037,0.032310185,0.487291667,0,0,20.37962963,48.66134259,9.11275463,19.55717593,9.09362037,1.18617162,0.02344213,213.8078704,93.70842593,17.91026352,18.06574202,17.75963939,72.21359223,12.22649098,1.393619972,0.23332871,3.680166436,17.91026352,18.04008322,18.04008322,1006.976006,0,0,222.2052705,3.185298197,231.3398058,0.591955617,0.042274619,0.653398058,0,0,23.80305132,52.56033287,13.49112344,23.78224688,9.646116505,1.163846602,0.026255201,219.0249653,96.03869626,589.7932
40.786546,0.408138,1025.200038,0.168885,0.18753,0.761919,0.766656,0.768052,0.759706,0.608756,0.8102,0.889207,14.66671296,14.78703704,14.54715278,65.08449074,7.292916667,2.23537037,0.374199074,5.808703704,14.62590278,14.24604167,14.20527778,1009.283958,0.000993056,0.011736111,157.844213,2.262752315,175.0472222,0.252939815,0.018083333,0.303703704,0.020212037,0.004403704,19.2249537,43.74837963,6.445902778,18.04525463,8.36693287,1.191587431,0.019657407,227.4821759,99.41319444,14.76877315,14.91398148,14.6231713,67.87199074,7.953865741,1.965694444,0.329,5.058171296,14.74333333,14.46861111,14.44310185,1010.451759,0.000405093,0,199.4238426,2.858810185,208.030787,0.45287037,0.032310185,0.487291667,0,0,20.37962963,48.66134259,9.11275463,19.55717593,9.09362037,1.18617162,0.02344213,213.8078704,93.70842593,17.91026352,18.06574202,17.75963939,72.21359223,12.22649098,1.393619972,0.23332871,3.680166436,17.91026352,18.04008322,18.04008322,1006.976006,0,0,222.2052705,3.185298197,231.3398058,0.591955617,0.042274619,0.653398058,0,0,23.80305132,52.56033287,13.49112344,23.78224688,9.646116505,1.163846602,0.026255201,219.0249653,96.03869626,418.0653
34.679059,0.396211,963.845505,0.175951,0.224364,0.813518,0.768784,0.721069,0.712452,0.709223,0.799279,0.887957,14.66671296,14.78703704,14.54715278,65.08449074,7.292916667,2.23537037,0.374199074,5.808703704,14.62590278,14.24604167,14.20527778,1009.283958,0.000993056,0.011736111,157.844213,2.262752315,175.0472222,0.252939815,0.018083333,0.303703704,0.020212037,0.004403704,19.2249537,43.74837963,6.445902778,18.04525463,8.36693287,1.191587431,0.019657407,227.4821759,99.41319444,14.76877315,14.91398148,14.6231713,67.87199074,7.953865741,1.965694444,0.329,5.058171296,14.74333333,14.46861111,14.44310185,1010.451759,0.000405093,0,199.4238426,2.858810185,208.030787,0.45287037,0.032310185,0.487291667,0,0,20.37962963,48.66134259,9.11275463,19.55717593,9.09362037,1.18617162,0.02344213,213.8078704,93.70842593,17.91026352,18.06574202,17.75963939,72.21359223,12.22649098,1.393619972,0.23332871,3.680166436,17.91026352,18.04008322,18.04008322,1006.976006,0,0,222.2052705,3.185298197,231.3398058,0.591955617,0.042274619,0.653398058,0,0,23.80305132,52.56033287,13.49112344,23.78224688,9.646116505,1.163846602,0.026255201,219.0249653,96.03869626,380.0498
35.157927,0.425151,944.469639,0.174659,0.203236,0.777995,0.754997,0.726276,0.701243,0.686253,0.815033,0.885412,14.66671296,14.78703704,14.54715278,65.08449074,7.292916667,2.23537037,0.374199074,5.808703704,14.62590278,14.24604167,14.20527778,1009.283958,0.000993056,0.011736111,157.844213,2.262752315,175.0472222,0.252939815,0.018083333,0.303703704,0.020212037,0.004403704,19.2249537,43.74837963,6.445902778,18.04525463,8.36693287,1.191587431,0.019657407,227.4821759,99.41319444,14.76877315,14.91398148,14.6231713,67.87199074,7.953865741,1.965694444,0.329,5.058171296,14.74333333,14.46861111,14.44310185,1010.451759,0.000405093,0,199.4238426,2.858810185,208.030787,0.45287037,0.032310185,0.487291667,0,0,20.37962963,48.66134259,9.11275463,19.55717593,9.09362037,1.18617162,0.02344213,213.8078704,93.70842593,17.91026352,18.06574202,17.75963939,72.21359223,12.22649098,1.393619972,0.23332871,3.680166436,17.91026352,18.04008322,18.04008322,1006.976006,0,0,222.2052705,3.185298197,231.3398058,0.591955617,0.042274619,0.653398058,0,0,23.80305132,52.56033287,13.49112344,23.78224688,9.646116505,1.163846602,0.026255201,219.0249653,96.03869626,400.8056
31.154788,0.487411,1170.893458,0.167748,0.183634,0.797998,0.789379,0.762551,0.663314,0.652595,0.767196,0.889351,14.66671296,14.78703704,14.54715278,65.08449074,7.292916667,2.23537037,0.374199074,5.808703704,14.62590278,14.24604167,14.20527778,1009.283958,0.000993056,0.011736111,157.844213,2.262752315,175.0472222,0.252939815,0.018083333,0.303703704,0.020212037,0.004403704,19.2249537,43.74837963,6.445902778,18.04525463,8.36693287,1.191587431,0.019657407,227.4821759,99.41319444,14.76877315,14.91398148,14.6231713,67.87199074,7.953865741,1.965694444,0.329,5.058171296,14.74333333,14.46861111,14.44310185,1010.451759,0.000405093,0,199.4238426,2.858810185,208.030787,0.45287037,0.032310185,0.487291667,0,0,20.37962963,48.66134259,9.11275463,19.55717593,9.09362037,1.18617162,0.02344213,213.8078704,93.70842593,17.91026352,18.06574202,17.75963939,72.21359223,12.22649098,1.393619972,0.23332871,3.680166436,17.91026352,18.04008322,18.04008322,1006.976006,0,0,222.2052705,3.185298197,231.3398058,0.591955617,0.042274619,0.653398058,0,0,23.80305132,52.56033287,13.49112344,23.78224688,9.646116505,1.163846602,0.026255201,219.0249653,96.03869626,570.4181
35.085309,0.491411,1313.892133,0.194026,0.222106,0.798373,0.7803,0.643666,0.619984,0.689778,0.740611,0.85282,14.66671296,14.78703704,14.54715278,65.08449074,7.292916667,2.23537037,0.374199074,5.808703704,14.62590278,14.24604167,14.20527778,1009.283958,0.000993056,0.011736111,157.844213,2.262752315,175.0472222,0.252939815,0.018083333,0.303703704,0.020212037,0.004403704,19.2249537,43.74837963,6.445902778,18.04525463,8.36693287,1.191587431,0.019657407,227.4821759,99.41319444,14.76877315,14.91398148,14.6231713,67.87199074,7.953865741,1.965694444,0.329,5.058171296,14.74333333,14.46861111,14.44310185,1010.451759,0.000405093,0,199.4238426,2.858810185,208.030787,0.45287037,0.032310185,0.487291667,0,0,20.37962963,48.66134259,9.11275463,19.55717593,9.09362037,1.18617162,0.02344213,213.8078704,93.70842593,17.91026352,18.06574202,17.75963939,72.21359223,12.22649098,1.393619972,0.23332871,3.680166436,17.91026352,18.04008322,18.04008322,1006.976006,0,0,222.2052705,3.185298197,231.3398058,0.591955617,0.042274619,0.653398058,0,0,23.80305132,52.56033287,13.49112344,23.78224688,9.646116505,1.163846602,0.026255201,219.0249653,96.03869626,646.894
50.843022,0.490194,1235.120264,0.185467,0.234454,0.780987,0.771744,0.635095,0.586385,0.599064,0.694598,0.858803,14.66671296,14.78703704,14.54715278,65.08449074,7.292916667,2.23537037,0.374199074,5.808703704,14.62590278,14.24604167,14.20527778,1009.283958,0.000993056,0.011736111,157.844213,2.262752315,175.0472222,0.252939815,0.018083333,0.303703704,0.020212037,0.004403704,19.2249537,43.74837963,6.445902778,18.04525463,8.36693287,1.191587431,0.019657407,227.4821759,99.41319444,14.76877315,14.91398148,14.6231713,67.87199074,7.953865741,1.965694444,0.329,5.058171296,14.74333333,14.46861111,14.44310185,1010.451759,0.000405093,0,199.4238426,2.858810185,208.030787,0.45287037,0.032310185,0.487291667,0,0,20.37962963,48.66134259,9.11275463,19.55717593,9.09362037,1.18617162,0.02344213,213.8078704,93.70842593,17.91026352,18.06574202,17.75963939,72.21359223,12.22649098,1.393619972,0.23332871,3.680166436,17.91026352,18.04008322,18.04008322,1006.976006,0,0,222.2052705,3.185298197,231.3398058,0.591955617,0.042274619,0.653398058,0,0,23.80305132,52.56033287,13.49112344,23.78224688,9.646116505,1.163846602,0.026255201,219.0249653,96.03869626,604.6565
46.265536,0.470454,1081.563789,0.180843,0.215668,0.732241,0.751692,0.709677,0.621855,0.63622,0.703651,0.869688,14.66671296,14.78703704,14.54715278,65.08449074,7.292916667,2.23537037,0.374199074,5.808703704,14.62590278,14.24604167,14.20527778,1009.283958,0.000993056,0.011736111,157.844213,2.262752315,175.0472222,0.252939815,0.018083333,0.303703704,0.020212037,0.004403704,19.2249537,43.74837963,6.445902778,18.04525463,8.36693287,1.191587431,0.019657407,227.4821759,99.41319444,14.76877315,14.91398148,14.6231713,67.87199074,7.953865741,1.965694444,0.329,5.058171296,14.74333333,14.46861111,14.44310185,1010.451759,0.000405093,0,199.4238426,2.858810185,208.030787,0.45287037,0.032310185,0.487291667,0,0,20.37962963,48.66134259,9.11275463,19.55717593,9.09362037,1.18617162,0.02344213,213.8078704,93.70842593,17.91026352,18.06574202,17.75963939,72.21359223,12.22649098,1.393619972,0.23332871,3.680166436,17.91026352,18.04008322,18.04008322,1006.976006,0,0,222.2052705,3.185298197,231.3398058,0.591955617,0.042274619,0.653398058,0,0,23.80305132,52.56033287,13.49112344,23.78224688,9.646116505,1.163846602,0.026255201,219.0249653,96.03869626,508.4414
44.367626,0.488728,1407.737816,0.165001,0.206015,0.784643,0.748517,0.701951,0.641721,0.690702,0.787857,0.88382,14.66671296,14.78703704,14.54715278,65.08449074,7.292916667,2.23537037,0.374199074,5.808703704,14.62590278,14.24604167,14.20527778,1009.283958,0.000993056,0.011736111,157.844213,2.262752315,175.0472222,0.252939815,0.018083333,0.303703704,0.020212037,0.004403704,19.2249537,43.74837963,6.445902778,18.04525463,8.36693287,1.191587431,0.019657407,227.4821759,99.41319444,14.76877315,14.91398148,14.6231713,67.87199074,7.953865741,1.965694444,0.329,5.058171296,14.74333333,14.46861111,14.44310185,1010.451759,0.000405093,0,199.4238426,2.858810185,208.030787,0.45287037,0.032310185,0.487291667,0,0,20.37962963,48.66134259,9.11275463,19.55717593,9.09362037,1.18617162,0.02344213,213.8078704,93.70842593,17.91026352,18.06574202,17.75963939,72.21359223,12.22649098,1.393619972,0.23332871,3.680166436,17.91026352,18.04008322,18.04008322,1006.976006,0,0,222.2052705,3.185298197,231.3398058,0.591955617,0.042274619,0.653398058,0,0,23.80305132,52.56033287,13.49112344,23.78224688,9.646116505,1.163846602,0.026255201,219.0249653,96.03869626,688.9122
40.387677,0.465523,1491.303584,0.16602,0.200072,0.798587,0.763531,0.720826,0.674725,0.700817,0.793234,0.896352,14.66671296,14.78703704,14.54715278,65.08449074,7.292916667,2.23537037,0.374199074,5.808703704,14.62590278,14.24604167,14.20527778,1009.283958,0.000993056,0.011736111,157.844213,2.262752315,175.0472222,0.252939815,0.018083333,0.303703704,0.020212037,0.004403704,19.2249537,43.74837963,6.445902778,18.04525463,8.36693287,1.191587431,0.019657407,227.4821759,99.41319444,14.76877315,14.91398148,14.6231713,67.87199074,7.953865741,1.965694444,0.329,5.058171296,14.74333333,14.46861111,14.44310185,1010.451759,0.000405093,0,199.4238426,2.858810185,208.030787,0.45287037,0.032310185,0.487291667,0,0,20.37962963,48.66134259,9.11275463,19.55717593,9.09362037,1.18617162,0.02344213,213.8078704,93.70842593,17.91026352,18.06574202,17.75963939,72.21359223,12.22649098,1.393619972,0.23332871,3.680166436,17.91026352,18.04008322,18.04008322,1006.976006,0,0,222.2052705,3.185298197,231.3398058,0.591955617,0.042274619,0.653398058,0,0,23.80305132,52.56033287,13.49112344,23.78224688,9.646116505,1.163846602,0.026255201,219.0249653,96.03869626,692.6625
35.654398,0.362101,1309.672054,0.178057,0.220824,0.817908,0.794576,0.782454,0.741822,0.686592,0.762268,0.879802,14.66671296,14.78703704,14.54715278,65.08449074,7.292916667,2.23537037,0.374199074,5.808703704,14.62590278,14.24604167,14.20527778,1009.283958,0.000993056,0.011736111,157.844213,2.262752315,175.0472222,0.252939815,0.018083333,0.303703704,0.020212037,0.004403704,19.2249537,43.74837963,6.445902778,18.04525463,8.36693287,1.191587431,0.019657407,227.4821759,99.41319444,14.76877315,14.91398148,14.6231713,67.87199074,7.953865741,1.965694444,0.329,5.058171296,14.74333333,14.46861111,14.44310185,1010.451759,0.000405093,0,199.4238426,2.858810185,208.030787,0.45287037,0.032310185,0.487291667,0,0,20.37962963,48.66134259,9.11275463,19.55717593,9.09362037,1.18617162,0.02344213,213.8078704,93.70842593,17.91026352,18.06574202,17.75963939,72.21359223,12.22649098,1.393619972,0.23332871,3.680166436,17.91026352,18.04008322,18.04008322,1006.976006,0,0,222.2052705,3.185298197,231.3398058,0.591955617,0.042274619,0.653398058,0,0,23.80305132,52.56033287,13.49112344,23.78224688,9.646116505,1.163846602,0.026255201,219.0249653,96.03869626,475.1567
41.764736,0.479111,1488.65601,0.174923,0.197578,0.76866,0.792085,0.804018,0.734425,0.703389,0.795573,0.890627,14.66671296,14.78703704,14.54715278,65.08449074,7.292916667,2.23537037,0.374199074,5.808703704,14.62590278,14.24604167,14.20527778,1009.283958,0.000993056,0.011736111,157.844213,2.262752315,175.0472222,0.252939815,0.018083333,0.303703704,0.020212037,0.004403704,19.2249537,43.74837963,6.445902778,18.04525463,8.36693287,1.191587431,0.019657407,227.4821759,99.41319444,14.76877315,14.91398148,14.6231713,67.87199074,7.953865741,1.965694444,0.329,5.058171296,14.74333333,14.46861111,14.44310185,1010.451759,0.000405093,0,199.4238426,2.858810185,208.030787,0.45287037,0.032310185,0.487291667,0,0,20.37962963,48.66134259,9.11275463,19.55717593,9.09362037,1.18617162,0.02344213,213.8078704,93.70842593,17.91026352,18.06574202,17.75963939,72.21359223,12.22649098,1.393619972,0.23332871,3.680166436,17.91026352,18.04008322,18.04008322,1006.976006,0,0,222.2052705,3.185298197,231.3398058,0.591955617,0.042274619,0.653398058,0,0,23.80305132,52.56033287,13.49112344,23.78224688,9.646116505,1.163846602,0.026255201,219.0249653,96.03869626,713.5909
46.343477,0.435098,1508.13563,0.171573,0.19292,0.82032,0.790881,0.784929,0.706576,0.688965,0.776015,0.893884,14.66671296,14.78703704,14.54715278,65.08449074,7.292916667,2.23537037,0.374199074,5.808703704,14.62590278,14.24604167,14.20527778,1009.283958,0.000993056,0.011736111,157.844213,2.262752315,175.0472222,0.252939815,0.018083333,0.303703704,0.020212037,0.004403704,19.2249537,43.74837963,6.445902778,18.04525463,8.36693287,1.191587431,0.019657407,227.4821759,99.41319444,14.76877315,14.91398148,14.6231713,67.87199074,7.953865741,1.965694444,0.329,5.058171296,14.74333333,14.46861111,14.44310185,1010.451759,0.000405093,0,199.4238426,2.858810185,208.030787,0.45287037,0.032310185,0.487291667,0,0,20.37962963,48.66134259,9.11275463,19.55717593,9.09362037,1.18617162,0.02344213,213.8078704,93.70842593,17.91026352,18.06574202,17.75963939,72.21359223,12.22649098,1.393619972,0.23332871,3.680166436,17.91026352,18.04008322,18.04008322,1006.976006,0,0,222.2052705,3.185298197,231.3398058,0.591955617,0.042274619,0.653398058,0,0,23.80305132,52.56033287,13.49112344,23.78224688,9.646116505,1.163846602,0.026255201,219.0249653,96.03869626,655.5498
44.335302,0.463191,1403.000143,0.173363,0.209069,0.796166,0.77668,0.732313,0.623082,0.718693,0.807141,0.895837,14.66671296,14.78703704,14.54715278,65.08449074,7.292916667,2.23537037,0.374199074,5.808703704,14.62590278,14.24604167,14.20527778,1009.283958,0.000993056,0.011736111,157.844213,2.262752315,175.0472222,0.252939815,0.018083333,0.303703704,0.020212037,0.004403704,19.2249537,43.74837963,6.445902778,18.04525463,8.36693287,1.191587431,0.019657407,227.4821759,99.41319444,14.76877315,14.91398148,14.6231713,67.87199074,7.953865741,1.965694444,0.329,5.058171296,14.74333333,14.46861111,14.44310185,1010.451759,0.000405093,0,199.4238426,2.858810185,208.030787,0.45287037,0.032310185,0.487291667,0,0,20.37962963,48.66134259,9.11275463,19.55717593,9.09362037,1.18617162,0.02344213,213.8078704,93.70842593,17.91026352,18.06574202,17.75963939,72.21359223,12.22649098,1.393619972,0.23332871,3.680166436,17.91026352,18.04008322,18.04008322,1006.976006,0,0,222.2052705,3.185298197,231.3398058,0.591955617,0.042274619,0.653398058,0,0,23.80305132,52.56033287,13.49112344,23.78224688,9.646116505,1.163846602,0.026255201,219.0249653,96.03869626,649.9958
43.048559,0.455197,1504.672297,0.181346,0.19535,0.795479,0.787822,0.699794,0.672749,0.628492,0.752231,0.881171,14.66671296,14.78703704,14.54715278,65.08449074,7.292916667,2.23537037,0.374199074,5.808703704,14.62590278,14.24604167,14.20527778,1009.283958,0.000993056,0.011736111,157.844213,2.262752315,175.0472222,0.252939815,0.018083333,0.303703704,0.020212037,0.004403704,19.2249537,43.74837963,6.445902778,18.04525463,8.36693287,1.191587431,0.019657407,227.4821759,99.41319444,14.76877315,14.91398148,14.6231713,67.87199074,7.953865741,1.965694444,0.329,5.058171296,14.74333333,14.46861111,14.44310185,1010.451759,0.000405093,0,199.4238426,2.858810185,208.030787,0.45287037,0.032310185,0.487291667,0,0,20.37962963,48.66134259,9.11275463,19.55717593,9.09362037,1.18617162,0.02344213,213.8078704,93.70842593,17.91026352,18.06574202,17.75963939,72.21359223,12.22649098,1.393619972,0.23332871,3.680166436,17.91026352,18.04008322,18.04008322,1006.976006,0,0,222.2052705,3.185298197,231.3398058,0.591955617,0.042274619,0.653398058,0,0,23.80305132,52.56033287,13.49112344,23.78224688,9.646116505,1.163846602,0.026255201,219.0249653,96.03869626,685.0854
44.612205,0.487303,1315.616576,0.175858,0.213782,0.814948,0.786218,0.717852,0.596037,0.63884,0.784227,0.883514,14.66671296,14.78703704,14.54715278,65.08449074,7.292916667,2.23537037,0.374199074,5.808703704,14.62590278,14.24604167,14.20527778,1009.283958,0.000993056,0.011736111,157.844213,2.262752315,175.0472222,0.252939815,0.018083333,0.303703704,0.020212037,0.004403704,19.2249537,43.74837963,6.445902778,18.04525463,8.36693287,1.191587431,0.019657407,227.4821759,99.41319444,14.76877315,14.91398148,14.6231713,67.87199074,7.953865741,1.965694444,0.329,5.058171296,14.74333333,14.46861111,14.44310185,1010.451759,0.000405093,0,199.4238426,2.858810185,208.030787,0.45287037,0.032310185,0.487291667,0,0,20.37962963,48.66134259,9.11275463,19.55717593,9.09362037,1.18617162,0.02344213,213.8078704,93.70842593,17.91026352,18.06574202,17.75963939,72.21359223,12.22649098,1.393619972,0.23332871,3.680166436,17.91026352,18.04008322,18.04008322,1006.976006,0,0,222.2052705,3.185298197,231.3398058,0.591955617,0.042274619,0.653398058,0,0,23.80305132,52.56033287,13.49112344,23.78224688,9.646116505,1.163846602,0.026255201,219.0249653,96.03869626,641.9144
45.491043,0.478831,1236.455883,0.161794,0.172493,0.770691,0.791763,0.770739,0.677418,0.683286,0.777015,0.872215,14.66671296,14.78703704,14.54715278,65.08449074,7.292916667,2.23537037,0.374199074,5.808703704,14.62590278,14.24604167,14.20527778,1009.283958,0.000993056,0.011736111,157.844213,2.262752315,175.0472222,0.252939815,0.018083333,0.303703704,0.020212037,0.004403704,19.2249537,43.74837963,6.445902778,18.04525463,8.36693287,1.191587431,0.019657407,227.4821759,99.41319444,14.76877315,14.91398148,14.6231713,67.87199074,7.953865741,1.965694444,0.329,5.058171296,14.74333333,14.46861111,14.44310185,1010.451759,0.000405093,0,199.4238426,2.858810185,208.030787,0.45287037,0.032310185,0.487291667,0,0,20.37962963,48.66134259,9.11275463,19.55717593,9.09362037,1.18617162,0.02344213,213.8078704,93.70842593,17.91026352,18.06574202,17.75963939,72.21359223,12.22649098,1.393619972,0.23332871,3.680166436,17.91026352,18.04008322,18.04008322,1006.976006,0,0,222.2052705,3.185298197,231.3398058,0.591955617,0.042274619,0.653398058,0,0,23.80305132,52.56033287,13.49112344,23.78224688,9.646116505,1.163846602,0.026255201,219.0249653,96.03869626,591.432
45.602933,0.438904,1260.09768,0.180602,0.212826,0.761218,0.755503,0.712267,0.681781,0.650733,0.734789,0.86116,14.66671296,14.78703704,14.54715278,65.08449074,7.292916667,2.23537037,0.374199074,5.808703704,14.62590278,14.24604167,14.20527778,1009.283958,0.000993056,0.011736111,157.844213,2.262752315,175.0472222,0.252939815,0.018083333,0.303703704,0.020212037,0.004403704,19.2249537,43.74837963,6.445902778,18.04525463,8.36693287,1.191587431,0.019657407,227.4821759,99.41319444,14.76877315,14.91398148,14.6231713,67.87199074,7.953865741,1.965694444,0.329,5.058171296,14.74333333,14.46861111,14.44310185,1010.451759,0.000405093,0,199.4238426,2.858810185,208.030787,0.45287037,0.032310185,0.487291667,0,0,20.37962963,48.66134259,9.11275463,19.55717593,9.09362037,1.18617162,0.02344213,213.8078704,93.70842593,17.91026352,18.06574202,17.75963939,72.21359223,12.22649098,1.393619972,0.23332871,3.680166436,17.91026352,18.04008322,18.04008322,1006.976006,0,0,222.2052705,3.185298197,231.3398058,0.591955617,0.042274619,0.653398058,0,0,23.80305132,52.56033287,13.49112344,23.78224688,9.646116505,1.163846602,0.026255201,219.0249653,96.03869626,552.7295
46.166589,0.468668,1371.459925,0.174779,0.230967,0.824719,0.808699,0.75454,0.712374,0.685295,0.748607,0.88225,14.66671296,14.78703704,14.54715278,65.08449074,7.292916667,2.23537037,0.374199074,5.808703704,14.62590278,14.24604167,14.20527778,1009.283958,0.000993056,0.011736111,157.844213,2.262752315,175.0472222,0.252939815,0.018083333,0.303703704,0.020212037,0.004403704,19.2249537,43.74837963,6.445902778,18.04525463,8.36693287,1.191587431,0.019657407,227.4821759,99.41319444,14.76877315,14.91398148,14.6231713,67.87199074,7.953865741,1.965694444,0.329,5.058171296,14.74333333,14.46861111,14.44310185,1010.451759,0.000405093,0,199.4238426,2.858810185,208.030787,0.45287037,0.032310185,0.487291667,0,0,20.37962963,48.66134259,9.11275463,19.55717593,9.09362037,1.18617162,0.02344213,213.8078704,93.70842593,17.91026352,18.06574202,17.75963939,72.21359223,12.22649098,1.393619972,0.23332871,3.680166436,17.91026352,18.04008322,18.04008322,1006.976006,0,0,222.2052705,3.185298197,231.3398058,0.591955617,0.042274619,0.653398058,0,0,23.80305132,52.56033287,13.49112344,23.78224688,9.646116505,1.163846602,0.026255201,219.0249653,96.03869626,640.8189
49.090936,0.501561,1317.219624,0.177507,0.20432,0.812033,0.791106,0.722773,0.657122,0.696518,0.771606,0.874433,14.66671296,14.78703704,14.54715278,65.08449074,7.292916667,2.23537037,0.374199074,5.808703704,14.62590278,14.24604167,14.20527778,1009.283958,0.000993056,0.011736111,157.844213,2.262752315,175.0472222,0.252939815,0.018083333,0.303703704,0.020212037,0.004403704,19.2249537,43.74837963,6.445902778,18.04525463,8.36693287,1.191587431,0.019657407,227.4821759,99.41319444,14.76877315,14.91398148,14.6231713,67.87199074,7.953865741,1.965694444,0.329,5.058171296,14.74333333,14.46861111,14.44310185,1010.451759,0.000405093,0,199.4238426,2.858810185,208.030787,0.45287037,0.032310185,0.487291667,0,0,20.37962963,48.66134259,9.11275463,19.55717593,9.09362037,1.18617162,0.02344213,213.8078704,93.70842593,17.91026352,18.06574202,17.75963939,72.21359223,12.22649098,1.393619972,0.23332871,3.680166436,17.91026352,18.04008322,18.04008322,1006.976006,0,0,222.2052705,3.185298197,231.3398058,0.591955617,0.042274619,0.653398058,0,0,23.80305132,52.56033287,13.49112344,23.78224688,9.646116505,1.163846602,0.026255201,219.0249653,96.03869626,659.5436
35.185559,0.398358,1152.991057,0.171906,0.201645,0.767748,0.76081,0.673195,0.647882,0.701107,0.805484,0.892212,14.66671296,14.78703704,14.54715278,65.08449074,7.292916667,2.23537037,0.374199074,5.808703704,14.62590278,14.24604167,14.20527778,1009.283958,0.000993056,0.011736111,157.844213,2.262752315,175.0472222,0.252939815,0.018083333,0.303703704,0.020212037,0.004403704,19.2249537,43.74837963,6.445902778,18.04525463,8.36693287,1.191587431,0.019657407,227.4821759,99.41319444,14.76877315,14.91398148,14.6231713,67.87199074,7.953865741,1.965694444,0.329,5.058171296,14.74333333,14.46861111,14.44310185,1010.451759,0.000405093,0,199.4238426,2.858810185,208.030787,0.45287037,0.032310185,0.487291667,0,0,20.37962963,48.66134259,9.11275463,19.55717593,9.09362037,1.18617162,0.02344213,213.8078704,93.70842593,17.91026352,18.06574202,17.75963939,72.21359223,12.22649098,1.393619972,0.23332871,3.680166436,17.91026352,18.04008322,18.04008322,1006.976006,0,0,222.2052705,3.185298197,231.3398058,0.591955617,0.042274619,0.653398058,0,0,23.80305132,52.56033287,13.49112344,23.78224688,9.646116505,1.163846602,0.026255201,219.0249653,96.03869626,459.2263
50.733353,0.464393,1372.399125,0.17306,0.22879,0.832648,0.771592,0.718724,0.64421,0.657837,0.74586,0.867632,14.66671296,14.78703704,14.54715278,65.08449074,7.292916667,2.23537037,0.374199074,5.808703704,14.62590278,14.24604167,14.20527778,1009.283958,0.000993056,0.011736111,157.844213,2.262752315,175.0472222,0.252939815,0.018083333,0.303703704,0.020212037,0.004403704,19.2249537,43.74837963,6.445902778,18.04525463,8.36693287,1.191587431,0.019657407,227.4821759,99.41319444,14.76877315,14.91398148,14.6231713,67.87199074,7.953865741,1.965694444,0.329,5.058171296,14.74333333,14.46861111,14.44310185,1010.451759,0.000405093,0,199.4238426,2.858810185,208.030787,0.45287037,0.032310185,0.487291667,0,0,20.37962963,48.66134259,9.11275463,19.55717593,9.09362037,1.18617162,0.02344213,213.8078704,93.70842593,17.91026352,18.06574202,17.75963939,72.21359223,12.22649098,1.393619972,0.23332871,3.680166436,17.91026352,18.04008322,18.04008322,1006.976006,0,0,222.2052705,3.185298197,231.3398058,0.591955617,0.042274619,0.653398058,0,0,23.80305132,52.56033287,13.49112344,23.78224688,9.646116505,1.163846602,0.026255201,219.0249653,96.03869626,628.3985
40.973041,0.487588,1283.764549,0.173258,0.202364,0.790026,0.750803,0.686598,0.622616,0.720426,0.773199,0.887763,14.66671296,14.78703704,14.54715278,65.08449074,7.292916667,2.23537037,0.374199074,5.808703704,14.62590278,14.24604167,14.20527778,1009.283958,0.000993056,0.011736111,157.844213,2.262752315,175.0472222,0.252939815,0.018083333,0.303703704,0.020212037,0.004403704,19.2249537,43.74837963,6.445902778,18.04525463,8.36693287,1.191587431,0.019657407,227.4821759,99.41319444,14.76877315,14.91398148,14.6231713,67.87199074,7.953865741,1.965694444,0.329,5.058171296,14.74333333,14.46861111,14.44310185,1010.451759,0.000405093,0,199.4238426,2.858810185,208.030787,0.45287037,0.032310185,0.487291667,0,0,20.37962963,48.66134259,9.11275463,19.55717593,9.09362037,1.18617162,0.02344213,213.8078704,93.70842593,17.91026352,18.06574202,17.75963939,72.21359223,12.22649098,1.393619972,0.23332871,3.680166436,17.91026352,18.04008322,18.04008322,1006.976006,0,0,222.2052705,3.185298197,231.3398058,0.591955617,0.042274619,0.653398058,0,0,23.80305132,52.56033287,13.49112344,23.78224688,9.646116505,1.163846602,0.026255201,219.0249653,96.03869626,625.1515
44.362909,0.504435,1476.926324,0.159653,0.20624,0.80799,0.771489,0.733118,0.66739,0.669336,0.78168,0.877293,14.66671296,14.78703704,14.54715278,65.08449074,7.292916667,2.23537037,0.374199074,5.808703704,14.62590278,14.24604167,14.20527778,1009.283958,0.000993056,0.011736111,157.844213,2.262752315,175.0472222,0.252939815,0.018083333,0.303703704,0.020212037,0.004403704,19.2249537,43.74837963,6.445902778,18.04525463,8.36693287,1.191587431,0.019657407,227.4821759,99.41319444,14.76877315,14.91398148,14.6231713,67.87199074,7.953865741,1.965694444,0.329,5.058171296,14.74333333,14.46861111,14.44310185,1010.451759,0.000405093,0,199.4238426,2.858810185,208.030787,0.45287037,0.032310185,0.487291667,0,0,20.37962963,48.66134259,9.11275463,19.55717593,9.09362037,1.18617162,0.02344213,213.8078704,93.70842593,17.91026352,18.06574202,17.75963939,72.21359223,12.22649098,1.393619972,0.23332871,3.680166436,17.91026352,18.04008322,18.04008322,1006.976006,0,0,222.2052705,3.185298197,231.3398058,0.591955617,0.042274619,0.653398058,0,0,23.80305132,52.56033287,13.49112344,23.78224688,9.646116505,1.163846602,0.026255201,219.0249653,96.03869626,742.6151
40.941484,0.492395,1064.367061,0.166988,0.191514,0.648745,0.666236,0.618168,0.506202,0.617705,0.693846,0.84766,14.66671296,14.78703704,14.54715278,65.08449074,7.292916667,2.23537037,0.374199074,5.808703704,14.62590278,14.24604167,14.20527778,1009.283958,0.000993056,0.011736111,157.844213,2.262752315,175.0472222,0.252939815,0.018083333,0.303703704,0.020212037,0.004403704,19.2249537,43.74837963,6.445902778,18.04525463,8.36693287,1.191587431,0.019657407,227.4821759,99.41319444,14.76877315,14.91398148,14.6231713,67.87199074,7.953865741,1.965694444,0.329,5.058171296,14.74333333,14.46861111,14.44310185,1010.451759,0.000405093,0,199.4238426,2.858810185,208.030787,0.45287037,0.032310185,0.487291667,0,0,20.37962963,48.66134259,9.11275463,19.55717593,9.09362037,1.18617162,0.02344213,213.8078704,93.70842593,17.91026352,18.06574202,17.75963939,72.21359223,12.22649098,1.393619972,0.23332871,3.680166436,17.91026352,18.04008322,18.04008322,1006.976006,0,0,222.2052705,3.185298197,231.3398058,0.591955617,0.042274619,0.653398058,0,0,23.80305132,52.56033287,13.49112344,23.78224688,9.646116505,1.163846602,0.026255201,219.0249653,96.03869626,519.0764
39.815776,0.501162,1303.388949,0.176717,0.203447,0.809628,0.763609,0.744052,0.675064,0.742082,0.801003,0.890729,14.66671296,14.78703704,14.54715278,65.08449074,7.292916667,2.23537037,0.374199074,5.808703704,14.62590278,14.24604167,14.20527778,1009.283958,0.000993056,0.011736111,157.844213,2.262752315,175.0472222,0.252939815,0.018083333,0.303703704,0.020212037,0.004403704,19.2249537,43.74837963,6.445902778,18.04525463,8.36693287,1.191587431,0.019657407,227.4821759,99.41319444,14.76877315,14.91398148,14.6231713,67.87199074,7.953865741,1.965694444,0.329,5.058171296,14.74333333,14.46861111,14.44310185,1010.451759,0.000405093,0,199.4238426,2.858810185,208.030787,0.45287037,0.032310185,0.487291667,0,0,20.37962963,48.66134259,9.11275463,19.55717593,9.09362037,1.18617162,0.02344213,213.8078704,93.70842593,17.91026352,18.06574202,17.75963939,72.21359223,12.22649098,1.393619972,0.23332871,3.680166436,17.91026352,18.04008322,18.04008322,1006.976006,0,0,222.2052705,3.185298197,231.3398058,0.591955617,0.042274619,0.653398058,0,0,23.80305132,52.56033287,13.49112344,23.78224688,9.646116505,1.163846602,0.026255201,219.0249653,96.03869626,653.348
45.018639,0.471375,1342.050515,0.165201,0.189164,0.781327,0.796954,0.758913,0.653526,0.659382,0.771872,0.894365,14.66671296,14.78703704,14.54715278,65.08449074,7.292916667,2.23537037,0.374199074,5.808703704,14.62590278,14.24604167,14.20527778,1009.283958,0.000993056,0.011736111,157.844213,2.262752315,175.0472222,0.252939815,0.018083333,0.303703704,0.020212037,0.004403704,19.2249537,43.74837963,6.445902778,18.04525463,8.36693287,1.191587431,0.019657407,227.4821759,99.41319444,14.76877315,14.91398148,14.6231713,67.87199074,7.953865741,1.965694444,0.329,5.058171296,14.74333333,14.46861111,14.44310185,1010.451759,0.000405093,0,199.4238426,2.858810185,208.030787,0.45287037,0.032310185,0.487291667,0,0,20.37962963,48.66134259,9.11275463,19.55717593,9.09362037,1.18617162,0.02344213,213.8078704,93.70842593,17.91026352,18.06574202,17.75963939,72.21359223,12.22649098,1.393619972,0.23332871,3.680166436,17.91026352,18.04008322,18.04008322,1006.976006,0,0,222.2052705,3.185298197,231.3398058,0.591955617,0.042274619,0.653398058,0,0,23.80305132,52.56033287,13.49112344,23.78224688,9.646116505,1.163846602,0.026255201,219.0249653,96.03869626,629.8463
36.906118,0.491139,1293.683896,0.172185,0.202963,0.789617,0.779566,0.791746,0.655593,0.669389,0.767646,0.891116,14.66671296,14.78703704,14.54715278,65.08449074,7.292916667,2.23537037,0.374199074,5.808703704,14.62590278,14.24604167,14.20527778,1009.283958,0.000993056,0.011736111,157.844213,2.262752315,175.0472222,0.252939815,0.018083333,0.303703704,0.020212037,0.004403704,19.2249537,43.74837963,6.445902778,18.04525463,8.36693287,1.191587431,0.019657407,227.4821759,99.41319444,14.76877315,14.91398148,14.6231713,67.87199074,7.953865741,1.965694444,0.329,5.058171296,14.74333333,14.46861111,14.44310185,1010.451759,0.000405093,0,199.4238426,2.858810185,208.030787,0.45287037,0.032310185,0.487291667,0,0,20.37962963,48.66134259,9.11275463,19.55717593,9.09362037,1.18617162,0.02344213,213.8078704,93.70842593,17.91026352,18.06574202,17.75963939,72.21359223,12.22649098,1.393619972,0.23332871,3.680166436,17.91026352,18.04008322,18.04008322,1006.976006,0,0,222.2052705,3.185298197,231.3398058,0.591955617,0.042274619,0.653398058,0,0,23.80305132,52.56033287,13.49112344,23.78224688,9.646116505,1.163846602,0.026255201,219.0249653,96.03869626,635.2804
38.913401,0.454983,1335.399071,0.155983,0.176335,0.731935,0.73209,0.71419,0.706623,0.625485,0.761617,0.897292,14.66671296,14.78703704,14.54715278,65.08449074,7.292916667,2.23537037,0.374199074,5.808703704,14.62590278,14.24604167,14.20527778,1009.283958,0.000993056,0.011736111,157.844213,2.262752315,175.0472222,0.252939815,0.018083333,0.303703704,0.020212037,0.004403704,19.2249537,43.74837963,6.445902778,18.04525463,8.36693287,1.191587431,0.019657407,227.4821759,99.41319444,14.76877315,14.91398148,14.6231713,67.87199074,7.953865741,1.965694444,0.329,5.058171296,14.74333333,14.46861111,14.44310185,1010.451759,0.000405093,0,199.4238426,2.858810185,208.030787,0.45287037,0.032310185,0.487291667,0,0,20.37962963,48.66134259,9.11275463,19.55717593,9.09362037,1.18617162,0.02344213,213.8078704,93.70842593,17.91026352,18.06574202,17.75963939,72.21359223,12.22649098,1.393619972,0.23332871,3.680166436,17.91026352,18.04008322,18.04008322,1006.976006,0,0,222.2052705,3.185298197,231.3398058,0.591955617,0.042274619,0.653398058,0,0,23.80305132,52.56033287,13.49112344,23.78224688,9.646116505,1.163846602,0.026255201,219.0249653,96.03869626,607.9181
34.960809,0.466179,1248.77831,0.165694,0.18101,0.752726,0.761221,0.72036,0.722965,0.608131,0.683895,0.863651,14.66671296,14.78703704,14.54715278,65.08449074,7.292916667,2.23537037,0.374199074,5.808703704,14.62590278,14.24604167,14.20527778,1009.283958,0.000993056,0.011736111,157.844213,2.262752315,175.0472222,0.252939815,0.018083333,0.303703704,0.020212037,0.004403704,19.2249537,43.74837963,6.445902778,18.04525463,8.36693287,1.191587431,0.019657407,227.4821759,99.41319444,14.76877315,14.91398148,14.6231713,67.87199074,7.953865741,1.965694444,0.329,5.058171296,14.74333333,14.46861111,14.44310185,1010.451759,0.000405093,0,199.4238426,2.858810185,208.030787,0.45287037,0.032310185,0.487291667,0,0,20.37962963,48.66134259,9.11275463,19.55717593,9.09362037,1.18617162,0.02344213,213.8078704,93.70842593,17.91026352,18.06574202,17.75963939,72.21359223,12.22649098,1.393619972,0.23332871,3.680166436,17.91026352,18.04008322,18.04008322,1006.976006,0,0,222.2052705,3.185298197,231.3398058,0.591955617,0.042274619,0.653398058,0,0,23.80305132,52.56033287,13.49112344,23.78224688,9.646116505,1.163846602,0.026255201,219.0249653,96.03869626,581.25
41.133861,0.484258,1264.214388,0.171149,0.205984,0.733299,0.75752,0.739147,0.683574,0.628732,0.718221,0.851921,14.66671296,14.78703704,14.54715278,65.08449074,7.292916667,2.23537037,0.374199074,5.808703704,14.62590278,14.24604167,14.20527778,1009.283958,0.000993056,0.011736111,157.844213,2.262752315,175.0472222,0.252939815,0.018083333,0.303703704,0.020212037,0.004403704,19.2249537,43.74837963,6.445902778,18.04525463,8.36693287,1.191587431,0.019657407,227.4821759,99.41319444,14.76877315,14.91398148,14.6231713,67.87199074,7.953865741,1.965694444,0.329,5.058171296,14.74333333,14.46861111,14.44310185,1010.451759,0.000405093,0,199.4238426,2.858810185,208.030787,0.45287037,0.032310185,0.487291667,0,0,20.37962963,48.66134259,9.11275463,19.55717593,9.09362037,1.18617162,0.02344213,213.8078704,93.70842593,17.91026352,18.06574202,17.75963939,72.21359223,12.22649098,1.393619972,0.23332871,3.680166436,17.91026352,18.04008322,18.04008322,1006.976006,0,0,222.2052705,3.185298197,231.3398058,0.591955617,0.042274619,0.653398058,0,0,23.80305132,52.56033287,13.49112344,23.78224688,9.646116505,1.163846602,0.026255201,219.0249653,96.03869626,612.5346
36.088856,0.48446,1305.396983,0.172671,0.209833,0.78032,0.756792,0.705791,0.675073,0.667135,0.737209,0.877049,14.66671296,14.78703704,14.54715278,65.08449074,7.292916667,2.23537037,0.374199074,5.808703704,14.62590278,14.24604167,14.20527778,1009.283958,0.000993056,0.011736111,157.844213,2.262752315,175.0472222,0.252939815,0.018083333,0.303703704,0.020212037,0.004403704,19.2249537,43.74837963,6.445902778,18.04525463,8.36693287,1.191587431,0.019657407,227.4821759,99.41319444,14.76877315,14.91398148,14.6231713,67.87199074,7.953865741,1.965694444,0.329,5.058171296,14.74333333,14.46861111,14.44310185,1010.451759,0.000405093,0,199.4238426,2.858810185,208.030787,0.45287037,0.032310185,0.487291667,0,0,20.37962963,48.66134259,9.11275463,19.55717593,9.09362037,1.18617162,0.02344213,213.8078704,93.70842593,17.91026352,18.06574202,17.75963939,72.21359223,12.22649098,1.393619972,0.23332871,3.680166436,17.91026352,18.04008322,18.04008322,1006.976006,0,0,222.2052705,3.185298197,231.3398058,0.591955617,0.042274619,0.653398058,0,0,23.80305132,52.56033287,13.49112344,23.78224688,9.646116505,1.163846602,0.026255201,219.0249653,96.03869626,633.8883
33.145212,0.471089,1323.941542,0.172752,0.205366,0.838502,0.812121,0.747449,0.712686,0.693905,0.761304,0.886649,14.66671296,14.78703704,14.54715278,65.08449074,7.292916667,2.23537037,0.374199074,5.808703704,14.62590278,14.24604167,14.20527778,1009.283958,0.000993056,0.011736111,157.844213,2.262752315,175.0472222,0.252939815,0.018083333,0.303703704,0.020212037,0.004403704,19.2249537,43.74837963,6.445902778,18.04525463,8.36693287,1.191587431,0.019657407,227.4821759,99.41319444,14.76877315,14.91398148,14.6231713,67.87199074,7.953865741,1.965694444,0.329,5.058171296,14.74333333,14.46861111,14.44310185,1010.451759,0.000405093,0,199.4238426,2.858810185,208.030787,0.45287037,0.032310185,0.487291667,0,0,20.37962963,48.66134259,9.11275463,19.55717593,9.09362037,1.18617162,0.02344213,213.8078704,93.70842593,17.91026352,18.06574202,17.75963939,72.21359223,12.22649098,1.393619972,0.23332871,3.680166436,17.91026352,18.04008322,18.04008322,1006.976006,0,0,222.2052705,3.185298197,231.3398058,0.591955617,0.042274619,0.653398058,0,0,23.80305132,52.56033287,13.49112344,23.78224688,9.646116505,1.163846602,0.026255201,219.0249653,96.03869626,624.4419
43.24825,0.529107,1209.695883,0.181814,0.221728,0.79235,0.780936,0.648242,0.561966,0.630974,0.74355,0.860022,14.66671296,14.78703704,14.54715278,65.08449074,7.292916667,2.23537037,0.374199074,5.808703704,14.62590278,14.24604167,14.20527778,1009.283958,0.000993056,0.011736111,157.844213,2.262752315,175.0472222,0.252939815,0.018083333,0.303703704,0.020212037,0.004403704,19.2249537,43.74837963,6.445902778,18.04525463,8.36693287,1.191587431,0.019657407,227.4821759,99.41319444,14.76877315,14.91398148,14.6231713,67.87199074,7.953865741,1.965694444,0.329,5.058171296,14.74333333,14.46861111,14.44310185,1010.451759,0.000405093,0,199.4238426,2.858810185,208.030787,0.45287037,0.032310185,0.487291667,0,0,20.37962963,48.66134259,9.11275463,19.55717593,9.09362037,1.18617162,0.02344213,213.8078704,93.70842593,17.91026352,18.06574202,17.75963939,72.21359223,12.22649098,1.393619972,0.23332871,3.680166436,17.91026352,18.04008322,18.04008322,1006.976006,0,0,222.2052705,3.185298197,231.3398058,0.591955617,0.042274619,0.653398058,0,0,23.80305132,52.56033287,13.49112344,23.78224688,9.646116505,1.163846602,0.026255201,219.0249653,96.03869626,641.8241
43.495021,0.52084,1175.26389,0.181251,0.236496,0.816501,0.793795,0.742235,0.708376,0.715795,0.740169,0.885391,14.66671296,14.78703704,14.54715278,65.08449074,7.292916667,2.23537037,0.374199074,5.808703704,14.62590278,14.24604167,14.20527778,1009.283958,0.000993056,0.011736111,157.844213,2.262752315,175.0472222,0.252939815,0.018083333,0.303703704,0.020212037,0.004403704,19.2249537,43.74837963,6.445902778,18.04525463,8.36693287,1.191587431,0.019657407,227.4821759,99.41319444,14.76877315,14.91398148,14.6231713,67.87199074,7.953865741,1.965694444,0.329,5.058171296,14.74333333,14.46861111,14.44310185,1010.451759,0.000405093,0,199.4238426,2.858810185,208.030787,0.45287037,0.032310185,0.487291667,0,0,20.37962963,48.66134259,9.11275463,19.55717593,9.09362037,1.18617162,0.02344213,213.8078704,93.70842593,17.91026352,18.06574202,17.75963939,72.21359223,12.22649098,1.393619972,0.23332871,3.680166436,17.91026352,18.04008322,18.04008322,1006.976006,0,0,222.2052705,3.185298197,231.3398058,0.591955617,0.042274619,0.653398058,0,0,23.80305132,52.56033287,13.49112344,23.78224688,9.646116505,1.163846602,0.026255201,219.0249653,96.03869626,612.3533
37.60589,0.44751,1506.48143,0.178375,0.228301,0.817027,0.805298,0.77601,0.713969,0.701385,0.799489,0.899928,14.66671296,14.78703704,14.54715278,65.08449074,7.292916667,2.23537037,0.374199074,5.808703704,14.62590278,14.24604167,14.20527778,1009.283958,0.000993056,0.011736111,157.844213,2.262752315,175.0472222,0.252939815,0.018083333,0.303703704,0.020212037,0.004403704,19.2249537,43.74837963,6.445902778,18.04525463,8.36693287,1.191587431,0.019657407,227.4821759,99.41319444,14.76877315,14.91398148,14.6231713,67.87199074,7.953865741,1.965694444,0.329,5.058171296,14.74333333,14.46861111,14.44310185,1010.451759,0.000405093,0,199.4238426,2.858810185,208.030787,0.45287037,0.032310185,0.487291667,0,0,20.37962963,48.66134259,9.11275463,19.55717593,9.09362037,1.18617162,0.02344213,213.8078704,93.70842593,17.91026352,18.06574202,17.75963939,72.21359223,12.22649098,1.393619972,0.23332871,3.680166436,17.91026352,18.04008322,18.04008322,1006.976006,0,0,222.2052705,3.185298197,231.3398058,0.591955617,0.042274619,0.653398058,0,0,23.80305132,52.56033287,13.49112344,23.78224688,9.646116505,1.163846602,0.026255201,219.0249653,96.03869626,672.9264
36.229788,0.469411,1483.783458,0.175248,0.203134,0.812998,0.821879,0.753051,0.677814,0.733095,0.815696,0.902351,14.66671296,14.78703704,14.54715278,65.08449074,7.292916667,2.23537037,0.374199074,5.808703704,14.62590278,14.24604167,14.20527778,1009.283958,0.000993056,0.011736111,157.844213,2.262752315,175.0472222,0.252939815,0.018083333,0.303703704,0.020212037,0.004403704,19.2249537,43.74837963,6.445902778,18.04525463,8.36693287,1.191587431,0.019657407,227.4821759,99.41319444,14.76877315,14.91398148,14.6231713,67.87199074,7.953865741,1.965694444,0.329,5.058171296,14.74333333,14.46861111,14.44310185,1010.451759,0.000405093,0,199.4238426,2.858810185,208.030787,0.45287037,0.032310185,0.487291667,0,0,20.37962963,48.66134259,9.11275463,19.55717593,9.09362037,1.18617162,0.02344213,213.8078704,93.70842593,17.91026352,18.06574202,17.75963939,72.21359223,12.22649098,1.393619972,0.23332871,3.680166436,17.91026352,18.04008322,18.04008322,1006.976006,0,0,222.2052705,3.185298197,231.3398058,0.591955617,0.042274619,0.653398058,0,0,23.80305132,52.56033287,13.49112344,23.78224688,9.646116505,1.163846602,0.026255201,219.0249653,96.03869626,695.4481
33.866295,0.446217,1364.145309,0.173413,0.214904,0.801151,0.809556,0.778408,0.718975,0.671247,0.732112,0.88421,14.66671296,14.78703704,14.54715278,65.08449074,7.292916667,2.23537037,0.374199074,5.808703704,14.62590278,14.24604167,14.20527778,1009.283958,0.000993056,0.011736111,157.844213,2.262752315,175.0472222,0.252939815,0.018083333,0.303703704,0.020212037,0.004403704,19.2249537,43.74837963,6.445902778,18.04525463,8.36693287,1.191587431,0.019657407,227.4821759,99.41319444,14.76877315,14.91398148,14.6231713,67.87199074,7.953865741,1.965694444,0.329,5.058171296,14.74333333,14.46861111,14.44310185,1010.451759,0.000405093,0,199.4238426,2.858810185,208.030787,0.45287037,0.032310185,0.487291667,0,0,20.37962963,48.66134259,9.11275463,19.55717593,9.09362037,1.18617162,0.02344213,213.8078704,93.70842593,17.91026352,18.06574202,17.75963939,72.21359223,12.22649098,1.393619972,0.23332871,3.680166436,17.91026352,18.04008322,18.04008322,1006.976006,0,0,222.2052705,3.185298197,231.3398058,0.591955617,0.042274619,0.653398058,0,0,23.80305132,52.56033287,13.49112344,23.78224688,9.646116505,1.163846602,0.026255201,219.0249653,96.03869626,607.1254
28.979788,0.456911,1224.723458,0.167748,0.167634,0.708998,0.777879,0.764051,0.749314,0.598595,0.726696,0.886351,14.66671296,14.78703704,14.54715278,65.08449074,7.292916667,2.23537037,0.374199074,5.808703704,14.62590278,14.24604167,14.20527778,1009.283958,0.000993056,0.011736111,157.844213,2.262752315,175.0472222,0.252939815,0.018083333,0.303703704,0.020212037,0.004403704,19.2249537,43.74837963,6.445902778,18.04525463,8.36693287,1.191587431,0.019657407,227.4821759,99.41319444,14.76877315,14.91398148,14.6231713,67.87199074,7.953865741,1.965694444,0.329,5.058171296,14.74333333,14.46861111,14.44310185,1010.451759,0.000405093,0,199.4238426,2.858810185,208.030787,0.45287037,0.032310185,0.487291667,0,0,20.37962963,48.66134259,9.11275463,19.55717593,9.09362037,1.18617162,0.02344213,213.8078704,93.70842593,17.91026352,18.06574202,17.75963939,72.21359223,12.22649098,1.393619972,0.23332871,3.680166436,17.91026352,18.04008322,18.04008322,1006.976006,0,0,222.2052705,3.185298197,231.3398058,0.591955617,0.042274619,0.653398058,0,0,23.80305132,52.56033287,13.49112344,23.78224688,9.646116505,1.163846602,0.026255201,219.0249653,96.03869626,558.1981
37.784685,0.457771,1394.901613,0.150617,0.170192,0.769677,0.7699,0.727696,0.682566,0.642091,0.737934,0.87747,14.66671296,14.78703704,14.54715278,65.08449074,7.292916667,2.23537037,0.374199074,5.808703704,14.62590278,14.24604167,14.20527778,1009.283958,0.000993056,0.011736111,157.844213,2.262752315,175.0472222,0.252939815,0.018083333,0.303703704,0.020212037,0.004403704,19.2249537,43.74837963,6.445902778,18.04525463,8.36693287,1.191587431,0.019657407,227.4821759,99.41319444,14.76877315,14.91398148,14.6231713,67.87199074,7.953865741,1.965694444,0.329,5.058171296,14.74333333,14.46861111,14.44310185,1010.451759,0.000405093,0,199.4238426,2.858810185,208.030787,0.45287037,0.032310185,0.487291667,0,0,20.37962963,48.66134259,9.11275463,19.55717593,9.09362037,1.18617162,0.02344213,213.8078704,93.70842593,17.91026352,18.06574202,17.75963939,72.21359223,12.22649098,1.393619972,0.23332871,3.680166436,17.91026352,18.04008322,18.04008322,1006.976006,0,0,222.2052705,3.185298197,231.3398058,0.591955617,0.042274619,0.653398058,0,0,23.80305132,52.56033287,13.49112344,23.78224688,9.646116505,1.163846602,0.026255201,219.0249653,96.03869626,639.7314
35.707941,0.506835,1126.894294,0.168121,0.183342,0.738764,0.755543,0.698516,0.713529,0.563192,0.700785,0.875446,14.66671296,14.78703704,14.54715278,65.08449074,7.292916667,2.23537037,0.374199074,5.808703704,14.62590278,14.24604167,14.20527778,1009.283958,0.000993056,0.011736111,157.844213,2.262752315,175.0472222,0.252939815,0.018083333,0.303703704,0.020212037,0.004403704,19.2249537,43.74837963,6.445902778,18.04525463,8.36693287,1.191587431,0.019657407,227.4821759,99.41319444,14.76877315,14.91398148,14.6231713,67.87199074,7.953865741,1.965694444,0.329,5.058171296,14.74333333,14.46861111,14.44310185,1010.451759,0.000405093,0,199.4238426,2.858810185,208.030787,0.45287037,0.032310185,0.487291667,0,0,20.37962963,48.66134259,9.11275463,19.55717593,9.09362037,1.18617162,0.02344213,213.8078704,93.70842593,17.91026352,18.06574202,17.75963939,72.21359223,12.22649098,1.393619972,0.23332871,3.680166436,17.91026352,18.04008322,18.04008322,1006.976006,0,0,222.2052705,3.185298197,231.3398058,0.591955617,0.042274619,0.653398058,0,0,23.80305132,52.56033287,13.49112344,23.78224688,9.646116505,1.163846602,0.026255201,219.0249653,96.03869626,569.6614
39.516476,0.474227,1203.995492,0.184676,0.225994,0.792967,0.791333,0.720752,0.667462,0.704432,0.745288,0.8805,14.66671296,14.78703704,14.54715278,65.08449074,7.292916667,2.23537037,0.374199074,5.808703704,14.62590278,14.24604167,14.20527778,1009.283958,0.000993056,0.011736111,157.844213,2.262752315,175.0472222,0.252939815,0.018083333,0.303703704,0.020212037,0.004403704,19.2249537,43.74837963,6.445902778,18.04525463,8.36693287,1.191587431,0.019657407,227.4821759,99.41319444,14.76877315,14.91398148,14.6231713,67.87199074,7.953865741,1.965694444,0.329,5.058171296,14.74333333,14.46861111,14.44310185,1010.451759,0.000405093,0,199.4238426,2.858810185,208.030787,0.45287037,0.032310185,0.487291667,0,0,20.37962963,48.66134259,9.11275463,19.55717593,9.09362037,1.18617162,0.02344213,213.8078704,93.70842593,17.91026352,18.06574202,17.75963939,72.21359223,12.22649098,1.393619972,0.23332871,3.680166436,17.91026352,18.04008322,18.04008322,1006.976006,0,0,222.2052705,3.185298197,231.3398058,0.591955617,0.042274619,0.653398058,0,0,23.80305132,52.56033287,13.49112344,23.78224688,9.646116505,1.163846602,0.026255201,219.0249653,96.03869626,570.769
37.460559,0.461358,1361.706057,0.168406,0.223645,0.785248,0.78031,0.663195,0.636882,0.690107,0.786484,0.891712,14.66671296,14.78703704,14.54715278,65.08449074,7.292916667,2.23537037,0.374199074,5.808703704,14.62590278,14.24604167,14.20527778,1009.283958,0.000993056,0.011736111,157.844213,2.262752315,175.0472222,0.252939815,0.018083333,0.303703704,0.020212037,0.004403704,19.2249537,43.74837963,6.445902778,18.04525463,8.36693287,1.191587431,0.019657407,227.4821759,99.41319444,14.76877315,14.91398148,14.6231713,67.87199074,7.953865741,1.965694444,0.329,5.058171296,14.74333333,14.46861111,14.44310185,1010.451759,0.000405093,0,199.4238426,2.858810185,208.030787,0.45287037,0.032310185,0.487291667,0,0,20.37962963,48.66134259,9.11275463,19.55717593,9.09362037,1.18617162,0.02344213,213.8078704,93.70842593,17.91026352,18.06574202,17.75963939,72.21359223,12.22649098,1.393619972,0.23332871,3.680166436,17.91026352,18.04008322,18.04008322,1006.976006,0,0,222.2052705,3.185298197,231.3398058,0.591955617,0.042274619,0.653398058,0,0,23.80305132,52.56033287,13.49112344,23.78224688,9.646116505,1.163846602,0.026255201,219.0249653,96.03869626,629.8763
39.695752,0.480759,1291.567687,0.170525,0.18351,0.763591,0.802804,0.740072,0.692221,0.651196,0.758721,0.892093,14.66671296,14.78703704,14.54715278,65.08449074,7.292916667,2.23537037,0.374199074,5.808703704,14.62590278,14.24604167,14.20527778,1009.283958,0.000993056,0.011736111,157.844213,2.262752315,175.0472222,0.252939815,0.018083333,0.303703704,0.020212037,0.004403704,19.2249537,43.74837963,6.445902778,18.04525463,8.36693287,1.191587431,0.019657407,227.4821759,99.41319444,14.76877315,14.91398148,14.6231713,67.87199074,7.953865741,1.965694444,0.329,5.058171296,14.74333333,14.46861111,14.44310185,1010.451759,0.000405093,0,199.4238426,2.858810185,208.030787,0.45287037,0.032310185,0.487291667,0,0,20.37962963,48.66134259,9.11275463,19.55717593,9.09362037,1.18617162,0.02344213,213.8078704,93.70842593,17.91026352,18.06574202,17.75963939,72.21359223,12.22649098,1.393619972,0.23332871,3.680166436,17.91026352,18.04008322,18.04008322,1006.976006,0,0,222.2052705,3.185298197,231.3398058,0.591955617,0.042274619,0.653398058,0,0,23.80305132,52.56033287,13.49112344,23.78224688,9.646116505,1.163846602,0.026255201,219.0249653,96.03869626,620.1645
41.168601,0.468462,1472.640713,0.180419,0.228829,0.812607,0.772666,0.753815,0.596677,0.742917,0.802818,0.890717,14.66671296,14.78703704,14.54715278,65.08449074,7.292916667,2.23537037,0.374199074,5.808703704,14.62590278,14.24604167,14.20527778,1009.283958,0.000993056,0.011736111,157.844213,2.262752315,175.0472222,0.252939815,0.018083333,0.303703704,0.020212037,0.004403704,19.2249537,43.74837963,6.445902778,18.04525463,8.36693287,1.191587431,0.019657407,227.4821759,99.41319444,14.76877315,14.91398148,14.6231713,67.87199074,7.953865741,1.965694444,0.329,5.058171296,14.74333333,14.46861111,14.44310185,1010.451759,0.000405093,0,199.4238426,2.858810185,208.030787,0.45287037,0.032310185,0.487291667,0,0,20.37962963,48.66134259,9.11275463,19.55717593,9.09362037,1.18617162,0.02344213,213.8078704,93.70842593,17.91026352,18.06574202,17.75963939,72.21359223,12.22649098,1.393619972,0.23332871,3.680166436,17.91026352,18.04008322,18.04008322,1006.976006,0,0,222.2052705,3.185298197,231.3398058,0.591955617,0.042274619,0.653398058,0,0,23.80305132,52.56033287,13.49112344,23.78224688,9.646116505,1.163846602,0.026255201,219.0249653,96.03869626,688.8349
40.271174,0.457852,1470.367471,0.174258,0.225958,0.783378,0.774024,0.726618,0.586624,0.686235,0.783931,0.884043,14.66671296,14.78703704,14.54715278,65.08449074,7.292916667,2.23537037,0.374199074,5.808703704,14.62590278,14.24604167,14.20527778,1009.283958,0.000993056,0.011736111,157.844213,2.262752315,175.0472222,0.252939815,0.018083333,0.303703704,0.020212037,0.004403704,19.2249537,43.74837963,6.445902778,18.04525463,8.36693287,1.191587431,0.019657407,227.4821759,99.41319444,14.76877315,14.91398148,14.6231713,67.87199074,7.953865741,1.965694444,0.329,5.058171296,14.74333333,14.46861111,14.44310185,1010.451759,0.000405093,0,199.4238426,2.858810185,208.030787,0.45287037,0.032310185,0.487291667,0,0,20.37962963,48.66134259,9.11275463,19.55717593,9.09362037,1.18617162,0.02344213,213.8078704,93.70842593,17.91026352,18.06574202,17.75963939,72.21359223,12.22649098,1.393619972,0.23332871,3.680166436,17.91026352,18.04008322,18.04008322,1006.976006,0,0,222.2052705,3.185298197,231.3398058,0.591955617,0.042274619,0.653398058,0,0,23.80305132,52.56033287,13.49112344,23.78224688,9.646116505,1.163846602,0.026255201,219.0249653,96.03869626,672.3316
40.703505,0.471563,1346.385624,0.171499,0.216574,0.80967,0.799963,0.727996,0.691062,0.652648,0.755974,0.884312,14.66671296,14.78703704,14.54715278,65.08449074,7.292916667,2.23537037,0.374199074,5.808703704,14.62590278,14.24604167,14.20527778,1009.283958,0.000993056,0.011736111,157.844213,2.262752315,175.0472222,0.252939815,0.018083333,0.303703704,0.020212037,0.004403704,19.2249537,43.74837963,6.445902778,18.04525463,8.36693287,1.191587431,0.019657407,227.4821759,99.41319444,14.76877315,14.91398148,14.6231713,67.87199074,7.953865741,1.965694444,0.329,5.058171296,14.74333333,14.46861111,14.44310185,1010.451759,0.000405093,0,199.4238426,2.858810185,208.030787,0.45287037,0.032310185,0.487291667,0,0,20.37962963,48.66134259,9.11275463,19.55717593,9.09362037,1.18617162,0.02344213,213.8078704,93.70842593,17.91026352,18.06574202,17.75963939,72.21359223,12.22649098,1.393619972,0.23332871,3.680166436,17.91026352,18.04008322,18.04008322,1006.976006,0,0,222.2052705,3.185298197,231.3398058,0.591955617,0.042274619,0.653398058,0,0,23.80305132,52.56033287,13.49112344,23.78224688,9.646116505,1.163846602,0.026255201,219.0249653,96.03869626,634.3363
39.669062,0.453869,1361.775012,0.168116,0.198886,0.777235,0.780145,0.752886,0.704958,0.659873,0.770479,0.878897,14.66671296,14.78703704,14.54715278,65.08449074,7.292916667,2.23537037,0.374199074,5.808703704,14.62590278,14.24604167,14.20527778,1009.283958,0.000993056,0.011736111,157.844213,2.262752315,175.0472222,0.252939815,0.018083333,0.303703704,0.020212037,0.004403704,19.2249537,43.74837963,6.445902778,18.04525463,8.36693287,1.191587431,0.019657407,227.4821759,99.41319444,14.76877315,14.91398148,14.6231713,67.87199074,7.953865741,1.965694444,0.329,5.058171296,14.74333333,14.46861111,14.44310185,1010.451759,0.000405093,0,199.4238426,2.858810185,208.030787,0.45287037,0.032310185,0.487291667,0,0,20.37962963,48.66134259,9.11275463,19.55717593,9.09362037,1.18617162,0.02344213,213.8078704,93.70842593,17.91026352,18.06574202,17.75963939,72.21359223,12.22649098,1.393619972,0.23332871,3.680166436,17.91026352,18.04008322,18.04008322,1006.976006,0,0,222.2052705,3.185298197,231.3398058,0.591955617,0.042274619,0.653398058,0,0,23.80305132,52.56033287,13.49112344,23.78224688,9.646116505,1.163846602,0.026255201,219.0249653,96.03869626,617.9354
37.52056,0.451489,1620.820319,0.172657,0.209933,0.831869,0.813188,0.741875,0.702025,0.741102,0.80453,0.896989,14.66671296,14.78703704,14.54715278,65.08449074,7.292916667,2.23537037,0.374199074,5.808703704,14.62590278,14.24604167,14.20527778,1009.283958,0.000993056,0.011736111,157.844213,2.262752315,175.0472222,0.252939815,0.018083333,0.303703704,0.020212037,0.004403704,19.2249537,43.74837963,6.445902778,18.04525463,8.36693287,1.191587431,0.019657407,227.4821759,99.41319444,14.76877315,14.91398148,14.6231713,67.87199074,7.953865741,1.965694444,0.329,5.058171296,14.74333333,14.46861111,14.44310185,1010.451759,0.000405093,0,199.4238426,2.858810185,208.030787,0.45287037,0.032310185,0.487291667,0,0,20.37962963,48.66134259,9.11275463,19.55717593,9.09362037,1.18617162,0.02344213,213.8078704,93.70842593,17.91026352,18.06574202,17.75963939,72.21359223,12.22649098,1.393619972,0.23332871,3.680166436,17.91026352,18.04008322,18.04008322,1006.976006,0,0,222.2052705,3.185298197,231.3398058,0.591955617,0.042274619,0.653398058,0,0,23.80305132,52.56033287,13.49112344,23.78224688,9.646116505,1.163846602,0.026255201,219.0249653,96.03869626,730.7663
46.299912,0.46632,1582.043086,0.17381,0.20401,0.776615,0.767657,0.726843,0.631052,0.701608,0.772483,0.883129,14.66671296,14.78703704,14.54715278,65.08449074,7.292916667,2.23537037,0.374199074,5.808703704,14.62590278,14.24604167,14.20527778,1009.283958,0.000993056,0.011736111,157.844213,2.262752315,175.0472222,0.252939815,0.018083333,0.303703704,0.020212037,0.004403704,19.2249537,43.74837963,6.445902778,18.04525463,8.36693287,1.191587431,0.019657407,227.4821759,99.41319444,14.76877315,14.91398148,14.6231713,67.87199074,7.953865741,1.965694444,0.329,5.058171296,14.74333333,14.46861111,14.44310185,1010.451759,0.000405093,0,199.4238426,2.858810185,208.030787,0.45287037,0.032310185,0.487291667,0,0,20.37962963,48.66134259,9.11275463,19.55717593,9.09362037,1.18617162,0.02344213,213.8078704,93.70842593,17.91026352,18.06574202,17.75963939,72.21359223,12.22649098,1.393619972,0.23332871,3.680166436,17.91026352,18.04008322,18.04008322,1006.976006,0,0,222.2052705,3.185298197,231.3398058,0.591955617,0.042274619,0.653398058,0,0,23.80305132,52.56033287,13.49112344,23.78224688,9.646116505,1.163846602,0.026255201,219.0249653,96.03869626,735.4046
49.694043,0.460538,1613.907435,0.177979,0.202475,0.801384,0.799072,0.759865,0.712657,0.712776,0.795191,0.891087,14.66671296,14.78703704,14.54715278,65.08449074,7.292916667,2.23537037,0.374199074,5.808703704,14.62590278,14.24604167,14.20527778,1009.283958,0.000993056,0.011736111,157.844213,2.262752315,175.0472222,0.252939815,0.018083333,0.303703704,0.020212037,0.004403704,19.2249537,43.74837963,6.445902778,18.04525463,8.36693287,1.191587431,0.019657407,227.4821759,99.41319444,14.76877315,14.91398148,14.6231713,67.87199074,7.953865741,1.965694444,0.329,5.058171296,14.74333333,14.46861111,14.44310185,1010.451759,0.000405093,0,199.4238426,2.858810185,208.030787,0.45287037,0.032310185,0.487291667,0,0,20.37962963,48.66134259,9.11275463,19.55717593,9.09362037,1.18617162,0.02344213,213.8078704,93.70842593,17.91026352,18.06574202,17.75963939,72.21359223,12.22649098,1.393619972,0.23332871,3.680166436,17.91026352,18.04008322,18.04008322,1006.976006,0,0,222.2052705,3.185298197,231.3398058,0.591955617,0.042274619,0.653398058,0,0,23.80305132,52.56033287,13.49112344,23.78224688,9.646116505,1.163846602,0.026255201,219.0249653,96.03869626,743.3739
39.388377,0.429937,1309.030964,0.169809,0.188966,0.792929,0.82067,0.772493,0.701222,0.710918,0.799911,0.897178,14.66671296,14.78703704,14.54715278,65.08449074,7.292916667,2.23537037,0.374199074,5.808703704,14.62590278,14.24604167,14.20527778,1009.283958,0.000993056,0.011736111,157.844213,2.262752315,175.0472222,0.252939815,0.018083333,0.303703704,0.020212037,0.004403704,19.2249537,43.74837963,6.445902778,18.04525463,8.36693287,1.191587431,0.019657407,227.4821759,99.41319444,14.76877315,14.91398148,14.6231713,67.87199074,7.953865741,1.965694444,0.329,5.058171296,14.74333333,14.46861111,14.44310185,1010.451759,0.000405093,0,199.4238426,2.858810185,208.030787,0.45287037,0.032310185,0.487291667,0,0,20.37962963,48.66134259,9.11275463,19.55717593,9.09362037,1.18617162,0.02344213,213.8078704,93.70842593,17.91026352,18.06574202,17.75963939,72.21359223,12.22649098,1.393619972,0.23332871,3.680166436,17.91026352,18.04008322,18.04008322,1006.976006,0,0,222.2052705,3.185298197,231.3398058,0.591955617,0.042274619,0.653398058,0,0,23.80305132,52.56033287,13.49112344,23.78224688,9.646116505,1.163846602,0.026255201,219.0249653,96.03869626,562.0769
41.525221,0.482509,1233.143632,0.166208,0.201371,0.803,0.781334,0.71509,0.643438,0.667664,0.703901,0.876046,14.66671296,14.78703704,14.54715278,65.08449074,7.292916667,2.23537037,0.374199074,5.808703704,14.62590278,14.24604167,14.20527778,1009.283958,0.000993056,0.011736111,157.844213,2.262752315,175.0472222,0.252939815,0.018083333,0.303703704,0.020212037,0.004403704,19.2249537,43.74837963,6.445902778,18.04525463,8.36693287,1.191587431,0.019657407,227.4821759,99.41319444,14.76877315,14.91398148,14.6231713,67.87199074,7.953865741,1.965694444,0.329,5.058171296,14.74333333,14.46861111,14.44310185,1010.451759,0.000405093,0,199.4238426,2.858810185,208.030787,0.45287037,0.032310185,0.487291667,0,0,20.37962963,48.66134259,9.11275463,19.55717593,9.09362037,1.18617162,0.02344213,213.8078704,93.70842593,17.91026352,18.06574202,17.75963939,72.21359223,12.22649098,1.393619972,0.23332871,3.680166436,17.91026352,18.04008322,18.04008322,1006.976006,0,0,222.2052705,3.185298197,231.3398058,0.591955617,0.042274619,0.653398058,0,0,23.80305132,52.56033287,13.49112344,23.78224688,9.646116505,1.163846602,0.026255201,219.0249653,96.03869626,596.5685
35.338147,0.466777,1053.556148,0.177347,0.217184,0.81338,0.80072,0.746444,0.685625,0.643242,0.725198,0.872716,14.66671296,14.78703704,14.54715278,65.08449074,7.292916667,2.23537037,0.374199074,5.808703704,14.62590278,14.24604167,14.20527778,1009.283958,0.000993056,0.011736111,157.844213,2.262752315,175.0472222,0.252939815,0.018083333,0.303703704,0.020212037,0.004403704,19.2249537,43.74837963,6.445902778,18.04525463,8.36693287,1.191587431,0.019657407,227.4821759,99.41319444,14.76877315,14.91398148,14.6231713,67.87199074,7.953865741,1.965694444,0.329,5.058171296,14.74333333,14.46861111,14.44310185,1010.451759,0.000405093,0,199.4238426,2.858810185,208.030787,0.45287037,0.032310185,0.487291667,0,0,20.37962963,48.66134259,9.11275463,19.55717593,9.09362037,1.18617162,0.02344213,213.8078704,93.70842593,17.91026352,18.06574202,17.75963939,72.21359223,12.22649098,1.393619972,0.23332871,3.680166436,17.91026352,18.04008322,18.04008322,1006.976006,0,0,222.2052705,3.185298197,231.3398058,0.591955617,0.042274619,0.653398058,0,0,23.80305132,52.56033287,13.49112344,23.78224688,9.646116505,1.163846602,0.026255201,219.0249653,96.03869626,491.9464
45.191787,0.456208,1184.692924,0.16922,0.177762,0.746491,0.755113,0.71382,0.597199,0.653347,0.746933,0.886882,14.66671296,14.78703704,14.54715278,65.08449074,7.292916667,2.23537037,0.374199074,5.808703704,14.62590278,14.24604167,14.20527778,1009.283958,0.000993056,0.011736111,157.844213,2.262752315,175.0472222,0.252939815,0.018083333,0.303703704,0.020212037,0.004403704,19.2249537,43.74837963,6.445902778,18.04525463,8.36693287,1.191587431,0.019657407,227.4821759,99.41319444,14.76877315,14.91398148,14.6231713,67.87199074,7.953865741,1.965694444,0.329,5.058171296,14.74333333,14.46861111,14.44310185,1010.451759,0.000405093,0,199.4238426,2.858810185,208.030787,0.45287037,0.032310185,0.487291667,0,0,20.37962963,48.66134259,9.11275463,19.55717593,9.09362037,1.18617162,0.02344213,213.8078704,93.70842593,17.91026352,18.06574202,17.75963939,72.21359223,12.22649098,1.393619972,0.23332871,3.680166436,17.91026352,18.04008322,18.04008322,1006.976006,0,0,222.2052705,3.185298197,231.3398058,0.591955617,0.042274619,0.653398058,0,0,23.80305132,52.56033287,13.49112344,23.78224688,9.646116505,1.163846602,0.026255201,219.0249653,96.03869626,539.5276
44.487842,0.481595,1095.471457,0.159441,0.167111,0.766114,0.749776,0.682759,0.57324,0.602294,0.748161,0.880546,14.66671296,14.78703704,14.54715278,65.08449074,7.292916667,2.23537037,0.374199074,5.808703704,14.62590278,14.24604167,14.20527778,1009.283958,0.000993056,0.011736111,157.844213,2.262752315,175.0472222,0.252939815,0.018083333,0.303703704,0.020212037,0.004403704,19.2249537,43.74837963,6.445902778,18.04525463,8.36693287,1.191587431,0.019657407,227.4821759,99.41319444,14.76877315,14.91398148,14.6231713,67.87199074,7.953865741,1.965694444,0.329,5.058171296,14.74333333,14.46861111,14.44310185,1010.451759,0.000405093,0,199.4238426,2.858810185,208.030787,0.45287037,0.032310185,0.487291667,0,0,20.37962963,48.66134259,9.11275463,19.55717593,9.09362037,1.18617162,0.02344213,213.8078704,93.70842593,17.91026352,18.06574202,17.75963939,72.21359223,12.22649098,1.393619972,0.23332871,3.680166436,17.91026352,18.04008322,18.04008322,1006.976006,0,0,222.2052705,3.185298197,231.3398058,0.591955617,0.042274619,0.653398058,0,0,23.80305132,52.56033287,13.49112344,23.78224688,9.646116505,1.163846602,0.026255201,219.0249653,96.03869626,526.2036
44.581276,0.465932,1375.901724,0.17518,0.224268,0.80335,0.781882,0.723771,0.680385,0.727615,0.781941,0.889424,14.66671296,14.78703704,14.54715278,65.08449074,7.292916667,2.23537037,0.374199074,5.808703704,14.62590278,14.24604167,14.20527778,1009.283958,0.000993056,0.011736111,157.844213,2.262752315,175.0472222,0.252939815,0.018083333,0.303703704,0.020212037,0.004403704,19.2249537,43.74837963,6.445902778,18.04525463,8.36693287,1.191587431,0.019657407,227.4821759,99.41319444,14.76877315,14.91398148,14.6231713,67.87199074,7.953865741,1.965694444,0.329,5.058171296,14.74333333,14.46861111,14.44310185,1010.451759,0.000405093,0,199.4238426,2.858810185,208.030787,0.45287037,0.032310185,0.487291667,0,0,20.37962963,48.66134259,9.11275463,19.55717593,9.09362037,1.18617162,0.02344213,213.8078704,93.70842593,17.91026352,18.06574202,17.75963939,72.21359223,12.22649098,1.393619972,0.23332871,3.680166436,17.91026352,18.04008322,18.04008322,1006.976006,0,0,222.2052705,3.185298197,231.3398058,0.591955617,0.042274619,0.653398058,0,0,23.80305132,52.56033287,13.49112344,23.78224688,9.646116505,1.163846602,0.026255201,219.0249653,96.03869626,641.4918
42.225414,0.485893,1489.650631,0.169314,0.172,0.767711,0.739219,0.679844,0.645068,0.626438,0.729922,0.890494,14.66671296,14.78703704,14.54715278,65.08449074,7.292916667,2.23537037,0.374199074,5.808703704,14.62590278,14.24604167,14.20527778,1009.283958,0.000993056,0.011736111,157.844213,2.262752315,175.0472222,0.252939815,0.018083333,0.303703704,0.020212037,0.004403704,19.2249537,43.74837963,6.445902778,18.04525463,8.36693287,1.191587431,0.019657407,227.4821759,99.41319444,14.76877315,14.91398148,14.6231713,67.87199074,7.953865741,1.965694444,0.329,5.058171296,14.74333333,14.46861111,14.44310185,1010.451759,0.000405093,0,199.4238426,2.858810185,208.030787,0.45287037,0.032310185,0.487291667,0,0,20.37962963,48.66134259,9.11275463,19.55717593,9.09362037,1.18617162,0.02344213,213.8078704,93.70842593,17.91026352,18.06574202,17.75963939,72.21359223,12.22649098,1.393619972,0.23332871,3.680166436,17.91026352,18.04008322,18.04008322,1006.976006,0,0,222.2052705,3.185298197,231.3398058,0.591955617,0.042274619,0.653398058,0,0,23.80305132,52.56033287,13.49112344,23.78224688,9.646116505,1.163846602,0.026255201,219.0249653,96.03869626,725.1184
38.389367,0.455689,1429.816097,0.186401,0.225737,0.829601,0.763893,0.722199,0.658193,0.707789,0.770562,0.886918,14.66671296,14.78703704,14.54715278,65.08449074,7.292916667,2.23537037,0.374199074,5.808703704,14.62590278,14.24604167,14.20527778,1009.283958,0.000993056,0.011736111,157.844213,2.262752315,175.0472222,0.252939815,0.018083333,0.303703704,0.020212037,0.004403704,19.2249537,43.74837963,6.445902778,18.04525463,8.36693287,1.191587431,0.019657407,227.4821759,99.41319444,14.76877315,14.91398148,14.6231713,67.87199074,7.953865741,1.965694444,0.329,5.058171296,14.74333333,14.46861111,14.44310185,1010.451759,0.000405093,0,199.4238426,2.858810185,208.030787,0.45287037,0.032310185,0.487291667,0,0,20.37962963,48.66134259,9.11275463,19.55717593,9.09362037,1.18617162,0.02344213,213.8078704,93.70842593,17.91026352,18.06574202,17.75963939,72.21359223,12.22649098,1.393619972,0.23332871,3.680166436,17.91026352,18.04008322,18.04008322,1006.976006,0,0,222.2052705,3.185298197,231.3398058,0.591955617,0.042274619,0.653398058,0,0,23.80305132,52.56033287,13.49112344,23.78224688,9.646116505,1.163846602,0.026255201,219.0249653,96.03869626,651.567
49.023316,0.470457,1308.475674,0.169166,0.201173,0.773323,0.791931,0.716579,0.655908,0.662179,0.727294,0.871263,14.66671296,14.78703704,14.54715278,65.08449074,7.292916667,2.23537037,0.374199074,5.808703704,14.62590278,14.24604167,14.20527778,1009.283958,0.000993056,0.011736111,157.844213,2.262752315,175.0472222,0.252939815,0.018083333,0.303703704,0.020212037,0.004403704,19.2249537,43.74837963,6.445902778,18.04525463,8.36693287,1.191587431,0.019657407,227.4821759,99.41319444,14.76877315,14.91398148,14.6231713,67.87199074,7.953865741,1.965694444,0.329,5.058171296,14.74333333,14.46861111,14.44310185,1010.451759,0.000405093,0,199.4238426,2.858810185,208.030787,0.45287037,0.032310185,0.487291667,0,0,20.37962963,48.66134259,9.11275463,19.55717593,9.09362037,1.18617162,0.02344213,213.8078704,93.70842593,17.91026352,18.06574202,17.75963939,72.21359223,12.22649098,1.393619972,0.23332871,3.680166436,17.91026352,18.04008322,18.04008322,1006.976006,0,0,222.2052705,3.185298197,231.3398058,0.591955617,0.042274619,0.653398058,0,0,23.80305132,52.56033287,13.49112344,23.78224688,9.646116505,1.163846602,0.026255201,219.0249653,96.03869626,615.1817
47.748371,0.444905,1431.999352,0.186249,0.209234,0.796258,0.787373,0.71804,0.654681,0.664157,0.747749,0.882751,14.66671296,14.78703704,14.54715278,65.08449074,7.292916667,2.23537037,0.374199074,5.808703704,14.62590278,14.24604167,14.20527778,1009.283958,0.000993056,0.011736111,157.844213,2.262752315,175.0472222,0.252939815,0.018083333,0.303703704,0.020212037,0.004403704,19.2249537,43.74837963,6.445902778,18.04525463,8.36693287,1.191587431,0.019657407,227.4821759,99.41319444,14.76877315,14.91398148,14.6231713,67.87199074,7.953865741,1.965694444,0.329,5.058171296,14.74333333,14.46861111,14.44310185,1010.451759,0.000405093,0,199.4238426,2.858810185,208.030787,0.45287037,0.032310185,0.487291667,0,0,20.37962963,48.66134259,9.11275463,19.55717593,9.09362037,1.18617162,0.02344213,213.8078704,93.70842593,17.91026352,18.06574202,17.75963939,72.21359223,12.22649098,1.393619972,0.23332871,3.680166436,17.91026352,18.04008322,18.04008322,1006.976006,0,0,222.2052705,3.185298197,231.3398058,0.591955617,0.042274619,0.653398058,0,0,23.80305132,52.56033287,13.49112344,23.78224688,9.646116505,1.163846602,0.026255201,219.0249653,96.03869626,636.6538
45.896742,0.479636,1397.528606,0.170002,0.213227,0.802204,0.785656,0.732022,0.666719,0.662314,0.755286,0.886993,14.66671296,14.78703704,14.54715278,65.08449074,7.292916667,2.23537037,0.374199074,5.808703704,14.62590278,14.24604167,14.20527778,1009.283958,0.000993056,0.011736111,157.844213,2.262752315,175.0472222,0.252939815,0.018083333,0.303703704,0.020212037,0.004403704,19.2249537,43.74837963,6.445902778,18.04525463,8.36693287,1.191587431,0.019657407,227.4821759,99.41319444,14.76877315,14.91398148,14.6231713,67.87199074,7.953865741,1.965694444,0.329,5.058171296,14.74333333,14.46861111,14.44310185,1010.451759,0.000405093,0,199.4238426,2.858810185,208.030787,0.45287037,0.032310185,0.487291667,0,0,20.37962963,48.66134259,9.11275463,19.55717593,9.09362037,1.18617162,0.02344213,213.8078704,93.70842593,17.91026352,18.06574202,17.75963939,72.21359223,12.22649098,1.393619972,0.23332871,3.680166436,17.91026352,18.04008322,18.04008322,1006.976006,0,0,222.2052705,3.185298197,231.3398058,0.591955617,0.042274619,0.653398058,0,0,23.80305132,52.56033287,13.49112344,23.78224688,9.646116505,1.163846602,0.026255201,219.0249653,96.03869626,672.0469
42.525851,0.500781,1286.486575,0.170621,0.194713,0.756359,0.776927,0.738895,0.66497,0.633489,0.705482,0.864849,14.66671296,14.78703704,14.54715278,65.08449074,7.292916667,2.23537037,0.374199074,5.808703704,14.62590278,14.24604167,14.20527778,1009.283958,0.000993056,0.011736111,157.844213,2.262752315,175.0472222,0.252939815,0.018083333,0.303703704,0.020212037,0.004403704,19.2249537,43.74837963,6.445902778,18.04525463,8.36693287,1.191587431,0.019657407,227.4821759,99.41319444,14.76877315,14.91398148,14.6231713,67.87199074,7.953865741,1.965694444,0.329,5.058171296,14.74333333,14.46861111,14.44310185,1010.451759,0.000405093,0,199.4238426,2.858810185,208.030787,0.45287037,0.032310185,0.487291667,0,0,20.37962963,48.66134259,9.11275463,19.55717593,9.09362037,1.18617162,0.02344213,213.8078704,93.70842593,17.91026352,18.06574202,17.75963939,72.21359223,12.22649098,1.393619972,0.23332871,3.680166436,17.91026352,18.04008322,18.04008322,1006.976006,0,0,222.2052705,3.185298197,231.3398058,0.591955617,0.042274619,0.653398058,0,0,23.80305132,52.56033287,13.49112344,23.78224688,9.646116505,1.163846602,0.026255201,219.0249653,96.03869626,643.8059
45.042087,0.475579,1251.626388,0.182595,0.208077,0.808775,0.766623,0.690311,0.619573,0.657395,0.731996,0.886223,14.66671296,14.78703704,14.54715278,65.08449074,7.292916667,2.23537037,0.374199074,5.808703704,14.62590278,14.24604167,14.20527778,1009.283958,0.000993056,0.011736111,157.844213,2.262752315,175.0472222,0.252939815,0.018083333,0.303703704,0.020212037,0.004403704,19.2249537,43.74837963,6.445902778,18.04525463,8.36693287,1.191587431,0.019657407,227.4821759,99.41319444,14.76877315,14.91398148,14.6231713,67.87199074,7.953865741,1.965694444,0.329,5.058171296,14.74333333,14.46861111,14.44310185,1010.451759,0.000405093,0,199.4238426,2.858810185,208.030787,0.45287037,0.032310185,0.487291667,0,0,20.37962963,48.66134259,9.11275463,19.55717593,9.09362037,1.18617162,0.02344213,213.8078704,93.70842593,17.91026352,18.06574202,17.75963939,72.21359223,12.22649098,1.393619972,0.23332871,3.680166436,17.91026352,18.04008322,18.04008322,1006.976006,0,0,222.2052705,3.185298197,231.3398058,0.591955617,0.042274619,0.653398058,0,0,23.80305132,52.56033287,13.49112344,23.78224688,9.646116505,1.163846602,0.026255201,219.0249653,96.03869626,596.7392
45.758016,0.487048,1241.796206,0.174433,0.194683,0.787157,0.768131,0.727004,0.623921,0.657159,0.759656,0.881297,14.66671296,14.78703704,14.54715278,65.08449074,7.292916667,2.23537037,0.374199074,5.808703704,14.62590278,14.24604167,14.20527778,1009.283958,0.000993056,0.011736111,157.844213,2.262752315,175.0472222,0.252939815,0.018083333,0.303703704,0.020212037,0.004403704,19.2249537,43.74837963,6.445902778,18.04525463,8.36693287,1.191587431,0.019657407,227.4821759,99.41319444,14.76877315,14.91398148,14.6231713,67.87199074,7.953865741,1.965694444,0.329,5.058171296,14.74333333,14.46861111,14.44310185,1010.451759,0.000405093,0,199.4238426,2.858810185,208.030787,0.45287037,0.032310185,0.487291667,0,0,20.37962963,48.66134259,9.11275463,19.55717593,9.09362037,1.18617162,0.02344213,213.8078704,93.70842593,17.91026352,18.06574202,17.75963939,72.21359223,12.22649098,1.393619972,0.23332871,3.680166436,17.91026352,18.04008322,18.04008322,1006.976006,0,0,222.2052705,3.185298197,231.3398058,0.591955617,0.042274619,0.653398058,0,0,23.80305132,52.56033287,13.49112344,23.78224688,9.646116505,1.163846602,0.026255201,219.0249653,96.03869626,605.295
47.682331,0.474074,1233.277918,0.170645,0.19557,0.805934,0.770677,0.819294,0.648842,0.752361,0.78377,0.896225,14.66671296,14.78703704,14.54715278,65.08449074,7.292916667,2.23537037,0.374199074,5.808703704,14.62590278,14.24604167,14.20527778,1009.283958,0.000993056,0.011736111,157.844213,2.262752315,175.0472222,0.252939815,0.018083333,0.303703704,0.020212037,0.004403704,19.2249537,43.74837963,6.445902778,18.04525463,8.36693287,1.191587431,0.019657407,227.4821759,99.41319444,14.76877315,14.91398148,14.6231713,67.87199074,7.953865741,1.965694444,0.329,5.058171296,14.74333333,14.46861111,14.44310185,1010.451759,0.000405093,0,199.4238426,2.858810185,208.030787,0.45287037,0.032310185,0.487291667,0,0,20.37962963,48.66134259,9.11275463,19.55717593,9.09362037,1.18617162,0.02344213,213.8078704,93.70842593,17.91026352,18.06574202,17.75963939,72.21359223,12.22649098,1.393619972,0.23332871,3.680166436,17.91026352,18.04008322,18.04008322,1006.976006,0,0,222.2052705,3.185298197,231.3398058,0.591955617,0.042274619,0.653398058,0,0,23.80305132,52.56033287,13.49112344,23.78224688,9.646116505,1.163846602,0.026255201,219.0249653,96.03869626,585.7227
47.958545,0.486976,1351.057314,0.180388,0.207363,0.790506,0.778134,0.729429,0.677808,0.668414,0.772644,0.871515,14.66671296,14.78703704,14.54715278,65.08449074,7.292916667,2.23537037,0.374199074,5.808703704,14.62590278,14.24604167,14.20527778,1009.283958,0.000993056,0.011736111,157.844213,2.262752315,175.0472222,0.252939815,0.018083333,0.303703704,0.020212037,0.004403704,19.2249537,43.74837963,6.445902778,18.04525463,8.36693287,1.191587431,0.019657407,227.4821759,99.41319444,14.76877315,14.91398148,14.6231713,67.87199074,7.953865741,1.965694444,0.329,5.058171296,14.74333333,14.46861111,14.44310185,1010.451759,0.000405093,0,199.4238426,2.858810185,208.030787,0.45287037,0.032310185,0.487291667,0,0,20.37962963,48.66134259,9.11275463,19.55717593,9.09362037,1.18617162,0.02344213,213.8078704,93.70842593,17.91026352,18.06574202,17.75963939,72.21359223,12.22649098,1.393619972,0.23332871,3.680166436,17.91026352,18.04008322,18.04008322,1006.976006,0,0,222.2052705,3.185298197,231.3398058,0.591955617,0.042274619,0.653398058,0,0,23.80305132,52.56033287,13.49112344,23.78224688,9.646116505,1.163846602,0.026255201,219.0249653,96.03869626,656.3461
46.96045,0.499448,1213.317764,0.175085,0.204132,0.787216,0.754553,0.699329,0.629736,0.730452,0.782561,0.881992,14.66671296,14.78703704,14.54715278,65.08449074,7.292916667,2.23537037,0.374199074,5.808703704,14.62590278,14.24604167,14.20527778,1009.283958,0.000993056,0.011736111,157.844213,2.262752315,175.0472222,0.252939815,0.018083333,0.303703704,0.020212037,0.004403704,19.2249537,43.74837963,6.445902778,18.04525463,8.36693287,1.191587431,0.019657407,227.4821759,99.41319444,14.76877315,14.91398148,14.6231713,67.87199074,7.953865741,1.965694444,0.329,5.058171296,14.74333333,14.46861111,14.44310185,1010.451759,0.000405093,0,199.4238426,2.858810185,208.030787,0.45287037,0.032310185,0.487291667,0,0,20.37962963,48.66134259,9.11275463,19.55717593,9.09362037,1.18617162,0.02344213,213.8078704,93.70842593,17.91026352,18.06574202,17.75963939,72.21359223,12.22649098,1.393619972,0.23332871,3.680166436,17.91026352,18.04008322,18.04008322,1006.976006,0,0,222.2052705,3.185298197,231.3398058,0.591955617,0.042274619,0.653398058,0,0,23.80305132,52.56033287,13.49112344,23.78224688,9.646116505,1.163846602,0.026255201,219.0249653,96.03869626,606.6787
43.103392,0.479122,1283.126191,0.186396,0.2056,0.795917,0.766597,0.714708,0.63165,0.708286,0.786654,0.882562,14.66671296,14.78703704,14.54715278,65.08449074,7.292916667,2.23537037,0.374199074,5.808703704,14.62590278,14.24604167,14.20527778,1009.283958,0.000993056,0.011736111,157.844213,2.262752315,175.0472222,0.252939815,0.018083333,0.303703704,0.020212037,0.004403704,19.2249537,43.74837963,6.445902778,18.04525463,8.36693287,1.191587431,0.019657407,227.4821759,99.41319444,14.76877315,14.91398148,14.6231713,67.87199074,7.953865741,1.965694444,0.329,5.058171296,14.74333333,14.46861111,14.44310185,1010.451759,0.000405093,0,199.4238426,2.858810185,208.030787,0.45287037,0.032310185,0.487291667,0,0,20.37962963,48.66134259,9.11275463,19.55717593,9.09362037,1.18617162,0.02344213,213.8078704,93.70842593,17.91026352,18.06574202,17.75963939,72.21359223,12.22649098,1.393619972,0.23332871,3.680166436,17.91026352,18.04008322,18.04008322,1006.976006,0,0,222.2052705,3.185298197,231.3398058,0.591955617,0.042274619,0.653398058,0,0,23.80305132,52.56033287,13.49112344,23.78224688,9.646116505,1.163846602,0.026255201,219.0249653,96.03869626,615.1914
43.648718,0.479219,1317.628156,0.175463,0.231794,0.826837,0.769525,0.769746,0.614576,0.727561,0.797406,0.894144,14.66671296,14.78703704,14.54715278,65.08449074,7.292916667,2.23537037,0.374199074,5.808703704,14.62590278,14.24604167,14.20527778,1009.283958,0.000993056,0.011736111,157.844213,2.262752315,175.0472222,0.252939815,0.018083333,0.303703704,0.020212037,0.004403704,19.2249537,43.74837963,6.445902778,18.04525463,8.36693287,1.191587431,0.019657407,227.4821759,99.41319444,14.76877315,14.91398148,14.6231713,67.87199074,7.953865741,1.965694444,0.329,5.058171296,14.74333333,14.46861111,14.44310185,1010.451759,0.000405093,0,199.4238426,2.858810185,208.030787,0.45287037,0.032310185,0.487291667,0,0,20.37962963,48.66134259,9.11275463,19.55717593,9.09362037,1.18617162,0.02344213,213.8078704,93.70842593,17.91026352,18.06574202,17.75963939,72.21359223,12.22649098,1.393619972,0.23332871,3.680166436,17.91026352,18.04008322,18.04008322,1006.976006,0,0,222.2052705,3.185298197,231.3398058,0.591955617,0.042274619,0.653398058,0,0,23.80305132,52.56033287,13.49112344,23.78224688,9.646116505,1.163846602,0.026255201,219.0249653,96.03869626,627.7624
48.893373,0.463001,1388.446282,0.170035,0.219575,0.809023,0.787068,0.75127,0.678984,0.672138,0.786939,0.884808,14.66671296,14.78703704,14.54715278,65.08449074,7.292916667,2.23537037,0.374199074,5.808703704,14.62590278,14.24604167,14.20527778,1009.283958,0.000993056,0.011736111,157.844213,2.262752315,175.0472222,0.252939815,0.018083333,0.303703704,0.020212037,0.004403704,19.2249537,43.74837963,6.445902778,18.04525463,8.36693287,1.191587431,0.019657407,227.4821759,99.41319444,14.76877315,14.91398148,14.6231713,67.87199074,7.953865741,1.965694444,0.329,5.058171296,14.74333333,14.46861111,14.44310185,1010.451759,0.000405093,0,199.4238426,2.858810185,208.030787,0.45287037,0.032310185,0.487291667,0,0,20.37962963,48.66134259,9.11275463,19.55717593,9.09362037,1.18617162,0.02344213,213.8078704,93.70842593,17.91026352,18.06574202,17.75963939,72.21359223,12.22649098,1.393619972,0.23332871,3.680166436,17.91026352,18.04008322,18.04008322,1006.976006,0,0,222.2052705,3.185298197,231.3398058,0.591955617,0.042274619,0.653398058,0,0,23.80305132,52.56033287,13.49112344,23.78224688,9.646116505,1.163846602,0.026255201,219.0249653,96.03869626,643.9865
43.690609,0.459034,1366.132496,0.171675,0.215492,0.806309,0.795073,0.725775,0.617952,0.667373,0.793775,0.885199,14.66671296,14.78703704,14.54715278,65.08449074,7.292916667,2.23537037,0.374199074,5.808703704,14.62590278,14.24604167,14.20527778,1009.283958,0.000993056,0.011736111,157.844213,2.262752315,175.0472222,0.252939815,0.018083333,0.303703704,0.020212037,0.004403704,19.2249537,43.74837963,6.445902778,18.04525463,8.36693287,1.191587431,0.019657407,227.4821759,99.41319444,14.76877315,14.91398148,14.6231713,67.87199074,7.953865741,1.965694444,0.329,5.058171296,14.74333333,14.46861111,14.44310185,1010.451759,0.000405093,0,199.4238426,2.858810185,208.030787,0.45287037,0.032310185,0.487291667,0,0,20.37962963,48.66134259,9.11275463,19.55717593,9.09362037,1.18617162,0.02344213,213.8078704,93.70842593,17.91026352,18.06574202,17.75963939,72.21359223,12.22649098,1.393619972,0.23332871,3.680166436,17.91026352,18.04008322,18.04008322,1006.976006,0,0,222.2052705,3.185298197,231.3398058,0.591955617,0.042274619,0.653398058,0,0,23.80305132,52.56033287,13.49112344,23.78224688,9.646116505,1.163846602,0.026255201,219.0249653,96.03869626,627.3281
43.332022,0.47337,1380.793139,0.168038,0.19422,0.779192,0.741598,0.709089,0.688144,0.688612,0.7769,0.880258,14.66671296,14.78703704,14.54715278,65.08449074,7.292916667,2.23537037,0.374199074,5.808703704,14.62590278,14.24604167,14.20527778,1009.283958,0.000993056,0.011736111,157.844213,2.262752315,175.0472222,0.252939815,0.018083333,0.303703704,0.020212037,0.004403704,19.2249537,43.74837963,6.445902778,18.04525463,8.36693287,1.191587431,0.019657407,227.4821759,99.41319444,14.76877315,14.91398148,14.6231713,67.87199074,7.953865741,1.965694444,0.329,5.058171296,14.74333333,14.46861111,14.44310185,1010.451759,0.000405093,0,199.4238426,2.858810185,208.030787,0.45287037,0.032310185,0.487291667,0,0,20.37962963,48.66134259,9.11275463,19.55717593,9.09362037,1.18617162,0.02344213,213.8078704,93.70842593,17.91026352,18.06574202,17.75963939,72.21359223,12.22649098,1.393619972,0.23332871,3.680166436,17.91026352,18.04008322,18.04008322,1006.976006,0,0,222.2052705,3.185298197,231.3398058,0.591955617,0.042274619,0.653398058,0,0,23.80305132,52.56033287,13.49112344,23.78224688,9.646116505,1.163846602,0.026255201,219.0249653,96.03869626,654.2788
40.6948,0.498584,1295.877392,0.163066,0.184138,0.765305,0.767535,0.698991,0.712753,0.600302,0.70627,0.86824,14.66671296,14.78703704,14.54715278,65.08449074,7.292916667,2.23537037,0.374199074,5.808703704,14.62590278,14.24604167,14.20527778,1009.283958,0.000993056,0.011736111,157.844213,2.262752315,175.0472222,0.252939815,0.018083333,0.303703704,0.020212037,0.004403704,19.2249537,43.74837963,6.445902778,18.04525463,8.36693287,1.191587431,0.019657407,227.4821759,99.41319444,14.76877315,14.91398148,14.6231713,67.87199074,7.953865741,1.965694444,0.329,5.058171296,14.74333333,14.46861111,14.44310185,1010.451759,0.000405093,0,199.4238426,2.858810185,208.030787,0.45287037,0.032310185,0.487291667,0,0,20.37962963,48.66134259,9.11275463,19.55717593,9.09362037,1.18617162,0.02344213,213.8078704,93.70842593,17.91026352,18.06574202,17.75963939,72.21359223,12.22649098,1.393619972,0.23332871,3.680166436,17.91026352,18.04008322,18.04008322,1006.976006,0,0,222.2052705,3.185298197,231.3398058,0.591955617,0.042274619,0.653398058,0,0,23.80305132,52.56033287,13.49112344,23.78224688,9.646116505,1.163846602,0.026255201,219.0249653,96.03869626,649.1457
48.335309,0.482911,1063.947133,0.183026,0.198106,0.749873,0.7173,0.620166,0.604984,0.643778,0.708111,0.86282,14.66671296,14.78703704,14.54715278,65.08449074,7.292916667,2.23537037,0.374199074,5.808703704,14.62590278,14.24604167,14.20527778,1009.283958,0.000993056,0.011736111,157.844213,2.262752315,175.0472222,0.252939815,0.018083333,0.303703704,0.020212037,0.004403704,19.2249537,43.74837963,6.445902778,18.04525463,8.36693287,1.191587431,0.019657407,227.4821759,99.41319444,14.76877315,14.91398148,14.6231713,67.87199074,7.953865741,1.965694444,0.329,5.058171296,14.74333333,14.46861111,14.44310185,1010.451759,0.000405093,0,199.4238426,2.858810185,208.030787,0.45287037,0.032310185,0.487291667,0,0,20.37962963,48.66134259,9.11275463,19.55717593,9.09362037,1.18617162,0.02344213,213.8078704,93.70842593,17.91026352,18.06574202,17.75963939,72.21359223,12.22649098,1.393619972,0.23332871,3.680166436,17.91026352,18.04008322,18.04008322,1006.976006,0,0,222.2052705,3.185298197,231.3398058,0.591955617,0.042274619,0.653398058,0,0,23.80305132,52.56033287,13.49112344,23.78224688,9.646116505,1.163846602,0.026255201,219.0249653,96.03869626,515.159
35.176959,0.468412,1213.185452,0.169742,0.221136,0.790974,0.788197,0.788902,0.640884,0.683574,0.745301,0.884237,14.66671296,14.78703704,14.54715278,65.08449074,7.292916667,2.23537037,0.374199074,5.808703704,14.62590278,14.24604167,14.20527778,1009.283958,0.000993056,0.011736111,157.844213,2.262752315,175.0472222,0.252939815,0.018083333,0.303703704,0.020212037,0.004403704,19.2249537,43.74837963,6.445902778,18.04525463,8.36693287,1.191587431,0.019657407,227.4821759,99.41319444,14.76877315,14.91398148,14.6231713,67.87199074,7.953865741,1.965694444,0.329,5.058171296,14.74333333,14.46861111,14.44310185,1010.451759,0.000405093,0,199.4238426,2.858810185,208.030787,0.45287037,0.032310185,0.487291667,0,0,20.37962963,48.66134259,9.11275463,19.55717593,9.09362037,1.18617162,0.02344213,213.8078704,93.70842593,17.91026352,18.06574202,17.75963939,72.21359223,12.22649098,1.393619972,0.23332871,3.680166436,17.91026352,18.04008322,18.04008322,1006.976006,0,0,222.2052705,3.185298197,231.3398058,0.591955617,0.042274619,0.653398058,0,0,23.80305132,52.56033287,13.49112344,23.78224688,9.646116505,1.163846602,0.026255201,219.0249653,96.03869626,566.6585
40.205855,0.473662,1475.286685,0.17789,0.216728,0.787004,0.747456,0.704157,0.674265,0.72371,0.76932,0.882893,14.66671296,14.78703704,14.54715278,65.08449074,7.292916667,2.23537037,0.374199074,5.808703704,14.62590278,14.24604167,14.20527778,1009.283958,0.000993056,0.011736111,157.844213,2.262752315,175.0472222,0.252939815,0.018083333,0.303703704,0.020212037,0.004403704,19.2249537,43.74837963,6.445902778,18.04525463,8.36693287,1.191587431,0.019657407,227.4821759,99.41319444,14.76877315,14.91398148,14.6231713,67.87199074,7.953865741,1.965694444,0.329,5.058171296,14.74333333,14.46861111,14.44310185,1010.451759,0.000405093,0,199.4238426,2.858810185,208.030787,0.45287037,0.032310185,0.487291667,0,0,20.37962963,48.66134259,9.11275463,19.55717593,9.09362037,1.18617162,0.02344213,213.8078704,93.70842593,17.91026352,18.06574202,17.75963939,72.21359223,12.22649098,1.393619972,0.23332871,3.680166436,17.91026352,18.04008322,18.04008322,1006.976006,0,0,222.2052705,3.185298197,231.3398058,0.591955617,0.042274619,0.653398058,0,0,23.80305132,52.56033287,13.49112344,23.78224688,9.646116505,1.163846602,0.026255201,219.0249653,96.03869626,698.8524
34.163456,0.466432,1374.147749,0.172066,0.234896,0.82337,0.798033,0.735151,0.683896,0.729964,0.834571,0.90228,14.66671296,14.78703704,14.54715278,65.08449074,7.292916667,2.23537037,0.374199074,5.808703704,14.62590278,14.24604167,14.20527778,1009.283958,0.000993056,0.011736111,157.844213,2.262752315,175.0472222,0.252939815,0.018083333,0.303703704,0.020212037,0.004403704,19.2249537,43.74837963,6.445902778,18.04525463,8.36693287,1.191587431,0.019657407,227.4821759,99.41319444,14.76877315,14.91398148,14.6231713,67.87199074,7.953865741,1.965694444,0.329,5.058171296,14.74333333,14.46861111,14.44310185,1010.451759,0.000405093,0,199.4238426,2.858810185,208.030787,0.45287037,0.032310185,0.487291667,0,0,20.37962963,48.66134259,9.11275463,19.55717593,9.09362037,1.18617162,0.02344213,213.8078704,93.70842593,17.91026352,18.06574202,17.75963939,72.21359223,12.22649098,1.393619972,0.23332871,3.680166436,17.91026352,18.04008322,18.04008322,1006.976006,0,0,222.2052705,3.185298197,231.3398058,0.591955617,0.042274619,0.653398058,0,0,23.80305132,52.56033287,13.49112344,23.78224688,9.646116505,1.163846602,0.026255201,219.0249653,96.03869626,640.6601
45.984188,0.47505,1215.984831,0.172722,0.205639,0.792286,0.779488,0.714627,0.638986,0.662399,0.781057,0.880793,14.66671296,14.78703704,14.54715278,65.08449074,7.292916667,2.23537037,0.374199074,5.808703704,14.62590278,14.24604167,14.20527778,1009.283958,0.000993056,0.011736111,157.844213,2.262752315,175.0472222,0.252939815,0.018083333,0.303703704,0.020212037,0.004403704,19.2249537,43.74837963,6.445902778,18.04525463,8.36693287,1.191587431,0.019657407,227.4821759,99.41319444,14.76877315,14.91398148,14.6231713,67.87199074,7.953865741,1.965694444,0.329,5.058171296,14.74333333,14.46861111,14.44310185,1010.451759,0.000405093,0,199.4238426,2.858810185,208.030787,0.45287037,0.032310185,0.487291667,0,0,20.37962963,48.66134259,9.11275463,19.55717593,9.09362037,1.18617162,0.02344213,213.8078704,93.70842593,17.91026352,18.06574202,17.75963939,72.21359223,12.22649098,1.393619972,0.23332871,3.680166436,17.91026352,18.04008322,18.04008322,1006.976006,0,0,222.2052705,3.185298197,231.3398058,0.591955617,0.042274619,0.653398058,0,0,23.80305132,52.56033287,13.49112344,23.78224688,9.646116505,1.163846602,0.026255201,219.0249653,96.03869626,576.8207
41.562134,0.45499,1448.986068,0.163786,0.190005,0.798676,0.799194,0.754254,0.701099,0.636355,0.766852,0.890808,14.66671296,14.78703704,14.54715278,65.08449074,7.292916667,2.23537037,0.374199074,5.808703704,14.62590278,14.24604167,14.20527778,1009.283958,0.000993056,0.011736111,157.844213,2.262752315,175.0472222,0.252939815,0.018083333,0.303703704,0.020212037,0.004403704,19.2249537,43.74837963,6.445902778,18.04525463,8.36693287,1.191587431,0.019657407,227.4821759,99.41319444,14.76877315,14.91398148,14.6231713,67.87199074,7.953865741,1.965694444,0.329,5.058171296,14.74333333,14.46861111,14.44310185,1010.451759,0.000405093,0,199.4238426,2.858810185,208.030787,0.45287037,0.032310185,0.487291667,0,0,20.37962963,48.66134259,9.11275463,19.55717593,9.09362037,1.18617162,0.02344213,213.8078704,93.70842593,17.91026352,18.06574202,17.75963939,72.21359223,12.22649098,1.393619972,0.23332871,3.680166436,17.91026352,18.04008322,18.04008322,1006.976006,0,0,222.2052705,3.185298197,231.3398058,0.591955617,0.042274619,0.653398058,0,0,23.80305132,52.56033287,13.49112344,23.78224688,9.646116505,1.163846602,0.026255201,219.0249653,96.03869626,660.1325
44.137944,0.491963,1456.938111,0.158027,0.193176,0.749501,0.734189,0.730665,0.637199,0.612284,0.729132,0.888809,14.66671296,14.78703704,14.54715278,65.08449074,7.292916667,2.23537037,0.374199074,5.808703704,14.62590278,14.24604167,14.20527778,1009.283958,0.000993056,0.011736111,157.844213,2.262752315,175.0472222,0.252939815,0.018083333,0.303703704,0.020212037,0.004403704,19.2249537,43.74837963,6.445902778,18.04525463,8.36693287,1.191587431,0.019657407,227.4821759,99.41319444,14.76877315,14.91398148,14.6231713,67.87199074,7.953865741,1.965694444,0.329,5.058171296,14.74333333,14.46861111,14.44310185,1010.451759,0.000405093,0,199.4238426,2.858810185,208.030787,0.45287037,0.032310185,0.487291667,0,0,20.37962963,48.66134259,9.11275463,19.55717593,9.09362037,1.18617162,0.02344213,213.8078704,93.70842593,17.91026352,18.06574202,17.75963939,72.21359223,12.22649098,1.393619972,0.23332871,3.680166436,17.91026352,18.04008322,18.04008322,1006.976006,0,0,222.2052705,3.185298197,231.3398058,0.591955617,0.042274619,0.653398058,0,0,23.80305132,52.56033287,13.49112344,23.78224688,9.646116505,1.163846602,0.026255201,219.0249653,96.03869626,716.4414
40.52564,0.495218,1401.200716,0.171567,0.207963,0.809081,0.791321,0.739073,0.705181,0.718029,0.80283,0.901441,14.66671296,14.78703704,14.54715278,65.08449074,7.292916667,2.23537037,0.374199074,5.808703704,14.62590278,14.24604167,14.20527778,1009.283958,0.000993056,0.011736111,157.844213,2.262752315,175.0472222,0.252939815,0.018083333,0.303703704,0.020212037,0.004403704,19.2249537,43.74837963,6.445902778,18.04525463,8.36693287,1.191587431,0.019657407,227.4821759,99.41319444,14.76877315,14.91398148,14.6231713,67.87199074,7.953865741,1.965694444,0.329,5.058171296,14.74333333,14.46861111,14.44310185,1010.451759,0.000405093,0,199.4238426,2.858810185,208.030787,0.45287037,0.032310185,0.487291667,0,0,20.37962963,48.66134259,9.11275463,19.55717593,9.09362037,1.18617162,0.02344213,213.8078704,93.70842593,17.91026352,18.06574202,17.75963939,72.21359223,12.22649098,1.393619972,0.23332871,3.680166436,17.91026352,18.04008322,18.04008322,1006.976006,0,0,222.2052705,3.185298197,231.3398058,0.591955617,0.042274619,0.653398058,0,0,23.80305132,52.56033287,13.49112344,23.78224688,9.646116505,1.163846602,0.026255201,219.0249653,96.03869626,692.8944
39.710302,0.437191,1490.450143,0.175363,0.193569,0.787166,0.78168,0.706313,0.673582,0.671193,0.789141,0.894337,14.66671296,14.78703704,14.54715278,65.08449074,7.292916667,2.23537037,0.374199074,5.808703704,14.62590278,14.24604167,14.20527778,1009.283958,0.000993056,0.011736111,157.844213,2.262752315,175.0472222,0.252939815,0.018083333,0.303703704,0.020212037,0.004403704,19.2249537,43.74837963,6.445902778,18.04525463,8.36693287,1.191587431,0.019657407,227.4821759,99.41319444,14.76877315,14.91398148,14.6231713,67.87199074,7.953865741,1.965694444,0.329,5.058171296,14.74333333,14.46861111,14.44310185,1010.451759,0.000405093,0,199.4238426,2.858810185,208.030787,0.45287037,0.032310185,0.487291667,0,0,20.37962963,48.66134259,9.11275463,19.55717593,9.09362037,1.18617162,0.02344213,213.8078704,93.70842593,17.91026352,18.06574202,17.75963939,72.21359223,12.22649098,1.393619972,0.23332871,3.680166436,17.91026352,18.04008322,18.04008322,1006.976006,0,0,222.2052705,3.185298197,231.3398058,0.591955617,0.042274619,0.653398058,0,0,23.80305132,52.56033287,13.49112344,23.78224688,9.646116505,1.163846602,0.026255201,219.0249653,96.03869626,649.5708
45.000811,0.504881,1275.124804,0.178401,0.217067,0.806982,0.770263,0.736532,0.676094,0.675492,0.793527,0.893037,14.66671296,14.78703704,14.54715278,65.08449074,7.292916667,2.23537037,0.374199074,5.808703704,14.62590278,14.24604167,14.20527778,1009.283958,0.000993056,0.011736111,157.844213,2.262752315,175.0472222,0.252939815,0.018083333,0.303703704,0.020212037,0.004403704,19.2249537,43.74837963,6.445902778,18.04525463,8.36693287,1.191587431,0.019657407,227.4821759,99.41319444,14.76877315,14.91398148,14.6231713,67.87199074,7.953865741,1.965694444,0.329,5.058171296,14.74333333,14.46861111,14.44310185,1010.451759,0.000405093,0,199.4238426,2.858810185,208.030787,0.45287037,0.032310185,0.487291667,0,0,20.37962963,48.66134259,9.11275463,19.55717593,9.09362037,1.18617162,0.02344213,213.8078704,93.70842593,17.91026352,18.06574202,17.75963939,72.21359223,12.22649098,1.393619972,0.23332871,3.680166436,17.91026352,18.04008322,18.04008322,1006.976006,0,0,222.2052705,3.185298197,231.3398058,0.591955617,0.042274619,0.653398058,0,0,23.80305132,52.56033287,13.49112344,23.78224688,9.646116505,1.163846602,0.026255201,219.0249653,96.03869626,642.9183
39.733705,0.467783,1249.554691,0.180587,0.193596,0.762849,0.783444,0.694592,0.665525,0.638753,0.733388,0.87329,14.66671296,14.78703704,14.54715278,65.08449074,7.292916667,2.23537037,0.374199074,5.808703704,14.62590278,14.24604167,14.20527778,1009.283958,0.000993056,0.011736111,157.844213,2.262752315,175.0472222,0.252939815,0.018083333,0.303703704,0.020212037,0.004403704,19.2249537,43.74837963,6.445902778,18.04525463,8.36693287,1.191587431,0.019657407,227.4821759,99.41319444,14.76877315,14.91398148,14.6231713,67.87199074,7.953865741,1.965694444,0.329,5.058171296,14.74333333,14.46861111,14.44310185,1010.451759,0.000405093,0,199.4238426,2.858810185,208.030787,0.45287037,0.032310185,0.487291667,0,0,20.37962963,48.66134259,9.11275463,19.55717593,9.09362037,1.18617162,0.02344213,213.8078704,93.70842593,17.91026352,18.06574202,17.75963939,72.21359223,12.22649098,1.393619972,0.23332871,3.680166436,17.91026352,18.04008322,18.04008322,1006.976006,0,0,222.2052705,3.185298197,231.3398058,0.591955617,0.042274619,0.653398058,0,0,23.80305132,52.56033287,13.49112344,23.78224688,9.646116505,1.163846602,0.026255201,219.0249653,96.03869626,587.5496
41.707871,0.463635,1419.716577,0.187287,0.191914,0.802537,0.7666,0.716321,0.690861,0.638624,0.739312,0.882056,14.66671296,14.78703704,14.54715278,65.08449074,7.292916667,2.23537037,0.374199074,5.808703704,14.62590278,14.24604167,14.20527778,1009.283958,0.000993056,0.011736111,157.844213,2.262752315,175.0472222,0.252939815,0.018083333,0.303703704,0.020212037,0.004403704,19.2249537,43.74837963,6.445902778,18.04525463,8.36693287,1.191587431,0.019657407,227.4821759,99.41319444,14.76877315,14.91398148,14.6231713,67.87199074,7.953865741,1.965694444,0.329,5.058171296,14.74333333,14.46861111,14.44310185,1010.451759,0.000405093,0,199.4238426,2.858810185,208.030787,0.45287037,0.032310185,0.487291667,0,0,20.37962963,48.66134259,9.11275463,19.55717593,9.09362037,1.18617162,0.02344213,213.8078704,93.70842593,17.91026352,18.06574202,17.75963939,72.21359223,12.22649098,1.393619972,0.23332871,3.680166436,17.91026352,18.04008322,18.04008322,1006.976006,0,0,222.2052705,3.185298197,231.3398058,0.591955617,0.042274619,0.653398058,0,0,23.80305132,52.56033287,13.49112344,23.78224688,9.646116505,1.163846602,0.026255201,219.0249653,96.03869626,658.92
27.991295,0.408717,1318.185309,0.165913,0.172904,0.728151,0.766056,0.758908,0.708975,0.594747,0.690112,0.87171,14.66671296,14.78703704,14.54715278,65.08449074,7.292916667,2.23537037,0.374199074,5.808703704,14.62590278,14.24604167,14.20527778,1009.283958,0.000993056,0.011736111,157.844213,2.262752315,175.0472222,0.252939815,0.018083333,0.303703704,0.020212037,0.004403704,19.2249537,43.74837963,6.445902778,18.04525463,8.36693287,1.191587431,0.019657407,227.4821759,99.41319444,14.76877315,14.91398148,14.6231713,67.87199074,7.953865741,1.965694444,0.329,5.058171296,14.74333333,14.46861111,14.44310185,1010.451759,0.000405093,0,199.4238426,2.858810185,208.030787,0.45287037,0.032310185,0.487291667,0,0,20.37962963,48.66134259,9.11275463,19.55717593,9.09362037,1.18617162,0.02344213,213.8078704,93.70842593,17.91026352,18.06574202,17.75963939,72.21359223,12.22649098,1.393619972,0.23332871,3.680166436,17.91026352,18.04008322,18.04008322,1006.976006,0,0,222.2052705,3.185298197,231.3398058,0.591955617,0.042274619,0.653398058,0,0,23.80305132,52.56033287,13.49112344,23.78224688,9.646116505,1.163846602,0.026255201,219.0249653,96.03869626,538.5554
41.443022,0.469694,1225.095264,0.171967,0.195954,0.797987,0.802244,0.558095,0.547885,0.700064,0.754098,0.863303,14.66671296,14.78703704,14.54715278,65.08449074,7.292916667,2.23537037,0.374199074,5.808703704,14.62590278,14.24604167,14.20527778,1009.283958,0.000993056,0.011736111,157.844213,2.262752315,175.0472222,0.252939815,0.018083333,0.303703704,0.020212037,0.004403704,19.2249537,43.74837963,6.445902778,18.04525463,8.36693287,1.191587431,0.019657407,227.4821759,99.41319444,14.76877315,14.91398148,14.6231713,67.87199074,7.953865741,1.965694444,0.329,5.058171296,14.74333333,14.46861111,14.44310185,1010.451759,0.000405093,0,199.4238426,2.858810185,208.030787,0.45287037,0.032310185,0.487291667,0,0,20.37962963,48.66134259,9.11275463,19.55717593,9.09362037,1.18617162,0.02344213,213.8078704,93.70842593,17.91026352,18.06574202,17.75963939,72.21359223,12.22649098,1.393619972,0.23332871,3.680166436,17.91026352,18.04008322,18.04008322,1006.976006,0,0,222.2052705,3.185298197,231.3398058,0.591955617,0.042274619,0.653398058,0,0,23.80305132,52.56033287,13.49112344,23.78224688,9.646116505,1.163846602,0.026255201,219.0249653,96.03869626,574.5765
37.522081,0.511896,1173.244285,0.162174,0.182238,0.746407,0.742557,0.736948,0.691053,0.618004,0.721439,0.874332,14.66671296,14.78703704,14.54715278,65.08449074,7.292916667,2.23537037,0.374199074,5.808703704,14.62590278,14.24604167,14.20527778,1009.283958,0.000993056,0.011736111,157.844213,2.262752315,175.0472222,0.252939815,0.018083333,0.303703704,0.020212037,0.004403704,19.2249537,43.74837963,6.445902778,18.04525463,8.36693287,1.191587431,0.019657407,227.4821759,99.41319444,14.76877315,14.91398148,14.6231713,67.87199074,7.953865741,1.965694444,0.329,5.058171296,14.74333333,14.46861111,14.44310185,1010.451759,0.000405093,0,199.4238426,2.858810185,208.030787,0.45287037,0.032310185,0.487291667,0,0,20.37962963,48.66134259,9.11275463,19.55717593,9.09362037,1.18617162,0.02344213,213.8078704,93.70842593,17.91026352,18.06574202,17.75963939,72.21359223,12.22649098,1.393619972,0.23332871,3.680166436,17.91026352,18.04008322,18.04008322,1006.976006,0,0,222.2052705,3.185298197,231.3398058,0.591955617,0.042274619,0.653398058,0,0,23.80305132,52.56033287,13.49112344,23.78224688,9.646116505,1.163846602,0.026255201,219.0249653,96.03869626,599.5163
39.387016,0.478618,1314.375098,0.172095,0.19713,0.812968,0.781092,0.731098,0.690106,0.643632,0.759644,0.88301,14.66671296,14.78703704,14.54715278,65.08449074,7.292916667,2.23537037,0.374199074,5.808703704,14.62590278,14.24604167,14.20527778,1009.283958,0.000993056,0.011736111,157.844213,2.262752315,175.0472222,0.252939815,0.018083333,0.303703704,0.020212037,0.004403704,19.2249537,43.74837963,6.445902778,18.04525463,8.36693287,1.191587431,0.019657407,227.4821759,99.41319444,14.76877315,14.91398148,14.6231713,67.87199074,7.953865741,1.965694444,0.329,5.058171296,14.74333333,14.46861111,14.44310185,1010.451759,0.000405093,0,199.4238426,2.858810185,208.030787,0.45287037,0.032310185,0.487291667,0,0,20.37962963,48.66134259,9.11275463,19.55717593,9.09362037,1.18617162,0.02344213,213.8078704,93.70842593,17.91026352,18.06574202,17.75963939,72.21359223,12.22649098,1.393619972,0.23332871,3.680166436,17.91026352,18.04008322,18.04008322,1006.976006,0,0,222.2052705,3.185298197,231.3398058,0.591955617,0.042274619,0.653398058,0,0,23.80305132,52.56033287,13.49112344,23.78224688,9.646116505,1.163846602,0.026255201,219.0249653,96.03869626,630.1999
31.325936,0.488673,903.713164,0.155704,0.174932,0.745259,0.738438,0.805028,0.739196,0.642446,0.745526,0.862239,14.66671296,14.78703704,14.54715278,65.08449074,7.292916667,2.23537037,0.374199074,5.808703704,14.62590278,14.24604167,14.20527778,1009.283958,0.000993056,0.011736111,157.844213,2.262752315,175.0472222,0.252939815,0.018083333,0.303703704,0.020212037,0.004403704,19.2249537,43.74837963,6.445902778,18.04525463,8.36693287,1.191587431,0.019657407,227.4821759,99.41319444,14.76877315,14.91398148,14.6231713,67.87199074,7.953865741,1.965694444,0.329,5.058171296,14.74333333,14.46861111,14.44310185,1010.451759,0.000405093,0,199.4238426,2.858810185,208.030787,0.45287037,0.032310185,0.487291667,0,0,20.37962963,48.66134259,9.11275463,19.55717593,9.09362037,1.18617162,0.02344213,213.8078704,93.70842593,17.91026352,18.06574202,17.75963939,72.21359223,12.22649098,1.393619972,0.23332871,3.680166436,17.91026352,18.04008322,18.04008322,1006.976006,0,0,222.2052705,3.185298197,231.3398058,0.591955617,0.042274619,0.653398058,0,0,23.80305132,52.56033287,13.49112344,23.78224688,9.646116505,1.163846602,0.026255201,219.0249653,96.03869626,437.8053
45.150139,0.493522,1412.101067,0.165657,0.193945,0.729057,0.77548,0.709039,0.687956,0.580266,0.709077,0.86862,14.66671296,14.78703704,14.54715278,65.08449074,7.292916667,2.23537037,0.374199074,5.808703704,14.62590278,14.24604167,14.20527778,1009.283958,0.000993056,0.011736111,157.844213,2.262752315,175.0472222,0.252939815,0.018083333,0.303703704,0.020212037,0.004403704,19.2249537,43.74837963,6.445902778,18.04525463,8.36693287,1.191587431,0.019657407,227.4821759,99.41319444,14.76877315,14.91398148,14.6231713,67.87199074,7.953865741,1.965694444,0.329,5.058171296,14.74333333,14.46861111,14.44310185,1010.451759,0.000405093,0,199.4238426,2.858810185,208.030787,0.45287037,0.032310185,0.487291667,0,0,20.37962963,48.66134259,9.11275463,19.55717593,9.09362037,1.18617162,0.02344213,213.8078704,93.70842593,17.91026352,18.06574202,17.75963939,72.21359223,12.22649098,1.393619972,0.23332871,3.680166436,17.91026352,18.04008322,18.04008322,1006.976006,0,0,222.2052705,3.185298197,231.3398058,0.591955617,0.042274619,0.653398058,0,0,23.80305132,52.56033287,13.49112344,23.78224688,9.646116505,1.163846602,0.026255201,219.0249653,96.03869626,694.1178
36.260309,0.468411,944.917133,0.177526,0.210606,0.780373,0.8053,0.660166,0.599484,0.616278,0.696611,0.85482,14.66671296,14.78703704,14.54715278,65.08449074,7.292916667,2.23537037,0.374199074,5.808703704,14.62590278,14.24604167,14.20527778,1009.283958,0.000993056,0.011736111,157.844213,2.262752315,175.0472222,0.252939815,0.018083333,0.303703704,0.020212037,0.004403704,19.2249537,43.74837963,6.445902778,18.04525463,8.36693287,1.191587431,0.019657407,227.4821759,99.41319444,14.76877315,14.91398148,14.6231713,67.87199074,7.953865741,1.965694444,0.329,5.058171296,14.74333333,14.46861111,14.44310185,1010.451759,0.000405093,0,199.4238426,2.858810185,208.030787,0.45287037,0.032310185,0.487291667,0,0,20.37962963,48.66134259,9.11275463,19.55717593,9.09362037,1.18617162,0.02344213,213.8078704,93.70842593,17.91026352,18.06574202,17.75963939,72.21359223,12.22649098,1.393619972,0.23332871,3.680166436,17.91026352,18.04008322,18.04008322,1006.976006,0,0,222.2052705,3.185298197,231.3398058,0.591955617,0.042274619,0.653398058,0,0,23.80305132,52.56033287,13.49112344,23.78224688,9.646116505,1.163846602,0.026255201,219.0249653,96.03869626,442.504
39.534985,0.506823,1317.915572,0.159686,0.172108,0.745716,0.755889,0.72682,0.663916,0.603973,0.714458,0.870189,14.66671296,14.78703704,14.54715278,65.08449074,7.292916667,2.23537037,0.374199074,5.808703704,14.62590278,14.24604167,14.20527778,1009.283958,0.000993056,0.011736111,157.844213,2.262752315,175.0472222,0.252939815,0.018083333,0.303703704,0.020212037,0.004403704,19.2249537,43.74837963,6.445902778,18.04525463,8.36693287,1.191587431,0.019657407,227.4821759,99.41319444,14.76877315,14.91398148,14.6231713,67.87199074,7.953865741,1.965694444,0.329,5.058171296,14.74333333,14.46861111,14.44310185,1010.451759,0.000405093,0,199.4238426,2.858810185,208.030787,0.45287037,0.032310185,0.487291667,0,0,20.37962963,48.66134259,9.11275463,19.55717593,9.09362037,1.18617162,0.02344213,213.8078704,93.70842593,17.91026352,18.06574202,17.75963939,72.21359223,12.22649098,1.393619972,0.23332871,3.680166436,17.91026352,18.04008322,18.04008322,1006.976006,0,0,222.2052705,3.185298197,231.3398058,0.591955617,0.042274619,0.653398058,0,0,23.80305132,52.56033287,13.49112344,23.78224688,9.646116505,1.163846602,0.026255201,219.0249653,96.03869626,666.6511
34.453074,0.486228,1321.771738,0.173669,0.198478,0.784894,0.75012,0.702914,0.624557,0.661253,0.773965,0.889333,14.66671296,14.78703704,14.54715278,65.08449074,7.292916667,2.23537037,0.374199074,5.808703704,14.62590278,14.24604167,14.20527778,1009.283958,0.000993056,0.011736111,157.844213,2.262752315,175.0472222,0.252939815,0.018083333,0.303703704,0.020212037,0.004403704,19.2249537,43.74837963,6.445902778,18.04525463,8.36693287,1.191587431,0.019657407,227.4821759,99.41319444,14.76877315,14.91398148,14.6231713,67.87199074,7.953865741,1.965694444,0.329,5.058171296,14.74333333,14.46861111,14.44310185,1010.451759,0.000405093,0,199.4238426,2.858810185,208.030787,0.45287037,0.032310185,0.487291667,0,0,20.37962963,48.66134259,9.11275463,19.55717593,9.09362037,1.18617162,0.02344213,213.8078704,93.70842593,17.91026352,18.06574202,17.75963939,72.21359223,12.22649098,1.393619972,0.23332871,3.680166436,17.91026352,18.04008322,18.04008322,1006.976006,0,0,222.2052705,3.185298197,231.3398058,0.591955617,0.042274619,0.653398058,0,0,23.80305132,52.56033287,13.49112344,23.78224688,9.646116505,1.163846602,0.026255201,219.0249653,96.03869626,643.0691
39.841655,0.489567,1331.952944,0.164055,0.193743,0.775011,0.739736,0.723255,0.650254,0.641487,0.754586,0.879164,14.66671296,14.78703704,14.54715278,65.08449074,7.292916667,2.23537037,0.374199074,5.808703704,14.62590278,14.24604167,14.20527778,1009.283958,0.000993056,0.011736111,157.844213,2.262752315,175.0472222,0.252939815,0.018083333,0.303703704,0.020212037,0.004403704,19.2249537,43.74837963,6.445902778,18.04525463,8.36693287,1.191587431,0.019657407,227.4821759,99.41319444,14.76877315,14.91398148,14.6231713,67.87199074,7.953865741,1.965694444,0.329,5.058171296,14.74333333,14.46861111,14.44310185,1010.451759,0.000405093,0,199.4238426,2.858810185,208.030787,0.45287037,0.032310185,0.487291667,0,0,20.37962963,48.66134259,9.11275463,19.55717593,9.09362037,1.18617162,0.02344213,213.8078704,93.70842593,17.91026352,18.06574202,17.75963939,72.21359223,12.22649098,1.393619972,0.23332871,3.680166436,17.91026352,18.04008322,18.04008322,1006.976006,0,0,222.2052705,3.185298197,231.3398058,0.591955617,0.042274619,0.653398058,0,0,23.80305132,52.56033287,13.49112344,23.78224688,9.646116505,1.163846602,0.026255201,219.0249653,96.03869626,650.0432
38.258705,0.474783,1050.284691,0.172587,0.190096,0.701349,0.735444,0.709092,0.624025,0.557253,0.658888,0.84529,14.66671296,14.78703704,14.54715278,65.08449074,7.292916667,2.23537037,0.374199074,5.808703704,14.62590278,14.24604167,14.20527778,1009.283958,0.000993056,0.011736111,157.844213,2.262752315,175.0472222,0.252939815,0.018083333,0.303703704,0.020212037,0.004403704,19.2249537,43.74837963,6.445902778,18.04525463,8.36693287,1.191587431,0.019657407,227.4821759,99.41319444,14.76877315,14.91398148,14.6231713,67.87199074,7.953865741,1.965694444,0.329,5.058171296,14.74333333,14.46861111,14.44310185,1010.451759,0.000405093,0,199.4238426,2.858810185,208.030787,0.45287037,0.032310185,0.487291667,0,0,20.37962963,48.66134259,9.11275463,19.55717593,9.09362037,1.18617162,0.02344213,213.8078704,93.70842593,17.91026352,18.06574202,17.75963939,72.21359223,12.22649098,1.393619972,0.23332871,3.680166436,17.91026352,18.04008322,18.04008322,1006.976006,0,0,222.2052705,3.185298197,231.3398058,0.591955617,0.042274619,0.653398058,0,0,23.80305132,52.56033287,13.49112344,23.78224688,9.646116505,1.163846602,0.026255201,219.0249653,96.03869626,500.4446
40.511639,0.422111,1098.400269,0.184428,0.221105,0.790706,0.81021,0.745737,0.686503,0.730062,0.796312,0.89885,14.66671296,14.78703704,14.54715278,65.08449074,7.292916667,2.23537037,0.374199074,5.808703704,14.62590278,14.24604167,14.20527778,1009.283958,0.000993056,0.011736111,157.844213,2.262752315,175.0472222,0.252939815,0.018083333,0.303703704,0.020212037,0.004403704,19.2249537,43.74837963,6.445902778,18.04525463,8.36693287,1.191587431,0.019657407,227.4821759,99.41319444,14.76877315,14.91398148,14.6231713,67.87199074,7.953865741,1.965694444,0.329,5.058171296,14.74333333,14.46861111,14.44310185,1010.451759,0.000405093,0,199.4238426,2.858810185,208.030787,0.45287037,0.032310185,0.487291667,0,0,20.37962963,48.66134259,9.11275463,19.55717593,9.09362037,1.18617162,0.02344213,213.8078704,93.70842593,17.91026352,18.06574202,17.75963939,72.21359223,12.22649098,1.393619972,0.23332871,3.680166436,17.91026352,18.04008322,18.04008322,1006.976006,0,0,222.2052705,3.185298197,231.3398058,0.591955617,0.042274619,0.653398058,0,0,23.80305132,52.56033287,13.49112344,23.78224688,9.646116505,1.163846602,0.026255201,219.0249653,96.03869626,465.8245
32.893734,0.467974,1447.924076,0.162435,0.209054,0.78065,0.778652,0.736044,0.754803,0.679132,0.765577,0.897272,14.66671296,14.78703704,14.54715278,65.08449074,7.292916667,2.23537037,0.374199074,5.808703704,14.62590278,14.24604167,14.20527778,1009.283958,0.000993056,0.011736111,157.844213,2.262752315,175.0472222,0.252939815,0.018083333,0.303703704,0.020212037,0.004403704,19.2249537,43.74837963,6.445902778,18.04525463,8.36693287,1.191587431,0.019657407,227.4821759,99.41319444,14.76877315,14.91398148,14.6231713,67.87199074,7.953865741,1.965694444,0.329,5.058171296,14.74333333,14.46861111,14.44310185,1010.451759,0.000405093,0,199.4238426,2.858810185,208.030787,0.45287037,0.032310185,0.487291667,0,0,20.37962963,48.66134259,9.11275463,19.55717593,9.09362037,1.18617162,0.02344213,213.8078704,93.70842593,17.91026352,18.06574202,17.75963939,72.21359223,12.22649098,1.393619972,0.23332871,3.680166436,17.91026352,18.04008322,18.04008322,1006.976006,0,0,222.2052705,3.185298197,231.3398058,0.591955617,0.042274619,0.653398058,0,0,23.80305132,52.56033287,13.49112344,23.78224688,9.646116505,1.163846602,0.026255201,219.0249653,96.03869626,677.9521
46.990579,0.493726,1313.988176,0.174517,0.208623,0.782893,0.791524,0.725974,0.620048,0.711521,0.798171,0.89061,14.66671296,14.78703704,14.54715278,65.08449074,7.292916667,2.23537037,0.374199074,5.808703704,14.62590278,14.24604167,14.20527778,1009.283958,0.000993056,0.011736111,157.844213,2.262752315,175.0472222,0.252939815,0.018083333,0.303703704,0.020212037,0.004403704,19.2249537,43.74837963,6.445902778,18.04525463,8.36693287,1.191587431,0.019657407,227.4821759,99.41319444,14.76877315,14.91398148,14.6231713,67.87199074,7.953865741,1.965694444,0.329,5.058171296,14.74333333,14.46861111,14.44310185,1010.451759,0.000405093,0,199.4238426,2.858810185,208.030787,0.45287037,0.032310185,0.487291667,0,0,20.37962963,48.66134259,9.11275463,19.55717593,9.09362037,1.18617162,0.02344213,213.8078704,93.70842593,17.91026352,18.06574202,17.75963939,72.21359223,12.22649098,1.393619972,0.23332871,3.680166436,17.91026352,18.04008322,18.04008322,1006.976006,0,0,222.2052705,3.185298197,231.3398058,0.591955617,0.042274619,0.653398058,0,0,23.80305132,52.56033287,13.49112344,23.78224688,9.646116505,1.163846602,0.026255201,219.0249653,96.03869626,646.6814
38.280378,0.482735,1130.979483,0.17816,0.226799,0.797818,0.763202,0.724219,0.636244,0.683013,0.789101,0.886353,14.66671296,14.78703704,14.54715278,65.08449074,7.292916667,2.23537037,0.374199074,5.808703704,14.62590278,14.24604167,14.20527778,1009.283958,0.000993056,0.011736111,157.844213,2.262752315,175.0472222,0.252939815,0.018083333,0.303703704,0.020212037,0.004403704,19.2249537,43.74837963,6.445902778,18.04525463,8.36693287,1.191587431,0.019657407,227.4821759,99.41319444,14.76877315,14.91398148,14.6231713,67.87199074,7.953865741,1.965694444,0.329,5.058171296,14.74333333,14.46861111,14.44310185,1010.451759,0.000405093,0,199.4238426,2.858810185,208.030787,0.45287037,0.032310185,0.487291667,0,0,20.37962963,48.66134259,9.11275463,19.55717593,9.09362037,1.18617162,0.02344213,213.8078704,93.70842593,17.91026352,18.06574202,17.75963939,72.21359223,12.22649098,1.393619972,0.23332871,3.680166436,17.91026352,18.04008322,18.04008322,1006.976006,0,0,222.2052705,3.185298197,231.3398058,0.591955617,0.042274619,0.653398058,0,0,23.80305132,52.56033287,13.49112344,23.78224688,9.646116505,1.163846602,0.026255201,219.0249653,96.03869626,546.3725
37.566295,0.432217,1693.250309,0.172913,0.209404,0.835151,0.807056,0.779408,0.722475,0.693247,0.786112,0.89521,14.66671296,14.78703704,14.54715278,65.08449074,7.292916667,2.23537037,0.374199074,5.808703704,14.62590278,14.24604167,14.20527778,1009.283958,0.000993056,0.011736111,157.844213,2.262752315,175.0472222,0.252939815,0.018083333,0.303703704,0.020212037,0.004403704,19.2249537,43.74837963,6.445902778,18.04525463,8.36693287,1.191587431,0.019657407,227.4821759,99.41319444,14.76877315,14.91398148,14.6231713,67.87199074,7.953865741,1.965694444,0.329,5.058171296,14.74333333,14.46861111,14.44310185,1010.451759,0.000405093,0,199.4238426,2.858810185,208.030787,0.45287037,0.032310185,0.487291667,0,0,20.37962963,48.66134259,9.11275463,19.55717593,9.09362037,1.18617162,0.02344213,213.8078704,93.70842593,17.91026352,18.06574202,17.75963939,72.21359223,12.22649098,1.393619972,0.23332871,3.680166436,17.91026352,18.04008322,18.04008322,1006.976006,0,0,222.2052705,3.185298197,231.3398058,0.591955617,0.042274619,0.653398058,0,0,23.80305132,52.56033287,13.49112344,23.78224688,9.646116505,1.163846602,0.026255201,219.0249653,96.03869626,731.3604
45.268332,0.489413,1437.589498,0.177722,0.212493,0.756497,0.780211,0.725878,0.660536,0.678237,0.737357,0.881629,14.66671296,14.78703704,14.54715278,65.08449074,7.292916667,2.23537037,0.374199074,5.808703704,14.62590278,14.24604167,14.20527778,1009.283958,0.000993056,0.011736111,157.844213,2.262752315,175.0472222,0.252939815,0.018083333,0.303703704,0.020212037,0.004403704,19.2249537,43.74837963,6.445902778,18.04525463,8.36693287,1.191587431,0.019657407,227.4821759,99.41319444,14.76877315,14.91398148,14.6231713,67.87199074,7.953865741,1.965694444,0.329,5.058171296,14.74333333,14.46861111,14.44310185,1010.451759,0.000405093,0,199.4238426,2.858810185,208.030787,0.45287037,0.032310185,0.487291667,0,0,20.37962963,48.66134259,9.11275463,19.55717593,9.09362037,1.18617162,0.02344213,213.8078704,93.70842593,17.91026352,18.06574202,17.75963939,72.21359223,12.22649098,1.393619972,0.23332871,3.680166436,17.91026352,18.04008322,18.04008322,1006.976006,0,0,222.2052705,3.185298197,231.3398058,0.591955617,0.042274619,0.653398058,0,0,23.80305132,52.56033287,13.49112344,23.78224688,9.646116505,1.163846602,0.026255201,219.0249653,96.03869626,703.3175
47.627933,0.453404,1624.16268,0.174102,0.224826,0.817218,0.768003,0.674267,0.605281,0.705733,0.816789,0.89266,14.66671296,14.78703704,14.54715278,65.08449074,7.292916667,2.23537037,0.374199074,5.808703704,14.62590278,14.24604167,14.20527778,1009.283958,0.000993056,0.011736111,157.844213,2.262752315,175.0472222,0.252939815,0.018083333,0.303703704,0.020212037,0.004403704,19.2249537,43.74837963,6.445902778,18.04525463,8.36693287,1.191587431,0.019657407,227.4821759,99.41319444,14.76877315,14.91398148,14.6231713,67.87199074,7.953865741,1.965694444,0.329,5.058171296,14.74333333,14.46861111,14.44310185,1010.451759,0.000405093,0,199.4238426,2.858810185,208.030787,0.45287037,0.032310185,0.487291667,0,0,20.37962963,48.66134259,9.11275463,19.55717593,9.09362037,1.18617162,0.02344213,213.8078704,93.70842593,17.91026352,18.06574202,17.75963939,72.21359223,12.22649098,1.393619972,0.23332871,3.680166436,17.91026352,18.04008322,18.04008322,1006.976006,0,0,222.2052705,3.185298197,231.3398058,0.591955617,0.042274619,0.653398058,0,0,23.80305132,52.56033287,13.49112344,23.78224688,9.646116505,1.163846602,0.026255201,219.0249653,96.03869626,737.9395
46.295786,0.418719,1476.252195,0.188656,0.24312,0.807291,0.770856,0.670161,0.643867,0.684031,0.808422,0.891895,14.66671296,14.78703704,14.54715278,65.08449074,7.292916667,2.23537037,0.374199074,5.808703704,14.62590278,14.24604167,14.20527778,1009.283958,0.000993056,0.011736111,157.844213,2.262752315,175.0472222,0.252939815,0.018083333,0.303703704,0.020212037,0.004403704,19.2249537,43.74837963,6.445902778,18.04525463,8.36693287,1.191587431,0.019657407,227.4821759,99.41319444,14.76877315,14.91398148,14.6231713,67.87199074,7.953865741,1.965694444,0.329,5.058171296,14.74333333,14.46861111,14.44310185,1010.451759,0.000405093,0,199.4238426,2.858810185,208.030787,0.45287037,0.032310185,0.487291667,0,0,20.37962963,48.66134259,9.11275463,19.55717593,9.09362037,1.18617162,0.02344213,213.8078704,93.70842593,17.91026352,18.06574202,17.75963939,72.21359223,12.22649098,1.393619972,0.23332871,3.680166436,17.91026352,18.04008322,18.04008322,1006.976006,0,0,222.2052705,3.185298197,231.3398058,0.591955617,0.042274619,0.653398058,0,0,23.80305132,52.56033287,13.49112344,23.78224688,9.646116505,1.163846602,0.026255201,219.0249653,96.03869626,616.961
41.307022,0.47637,1322.623139,0.177038,0.21622,0.818692,0.788598,0.734089,0.661644,0.666112,0.7609,0.882258,14.66671296,14.78703704,14.54715278,65.08449074,7.292916667,2.23537037,0.374199074,5.808703704,14.62590278,14.24604167,14.20527778,1009.283958,0.000993056,0.011736111,157.844213,2.262752315,175.0472222,0.252939815,0.018083333,0.303703704,0.020212037,0.004403704,19.2249537,43.74837963,6.445902778,18.04525463,8.36693287,1.191587431,0.019657407,227.4821759,99.41319444,14.76877315,14.91398148,14.6231713,67.87199074,7.953865741,1.965694444,0.329,5.058171296,14.74333333,14.46861111,14.44310185,1010.451759,0.000405093,0,199.4238426,2.858810185,208.030787,0.45287037,0.032310185,0.487291667,0,0,20.37962963,48.66134259,9.11275463,19.55717593,9.09362037,1.18617162,0.02344213,213.8078704,93.70842593,17.91026352,18.06574202,17.75963939,72.21359223,12.22649098,1.393619972,0.23332871,3.680166436,17.91026352,18.04008322,18.04008322,1006.976006,0,0,222.2052705,3.185298197,231.3398058,0.591955617,0.042274619,0.653398058,0,0,23.80305132,52.56033287,13.49112344,23.78224688,9.646116505,1.163846602,0.026255201,219.0249653,96.03869626,630.5988
40.849504,0.471657,1274.806931,0.167515,0.219593,0.777287,0.759252,0.69388,0.625907,0.674535,0.761058,0.878907,14.66671296,14.78703704,14.54715278,65.08449074,7.292916667,2.23537037,0.374199074,5.808703704,14.62590278,14.24604167,14.20527778,1009.283958,0.000993056,0.011736111,157.844213,2.262752315,175.0472222,0.252939815,0.018083333,0.303703704,0.020212037,0.004403704,19.2249537,43.74837963,6.445902778,18.04525463,8.36693287,1.191587431,0.019657407,227.4821759,99.41319444,14.76877315,14.91398148,14.6231713,67.87199074,7.953865741,1.965694444,0.329,5.058171296,14.74333333,14.46861111,14.44310185,1010.451759,0.000405093,0,199.4238426,2.858810185,208.030787,0.45287037,0.032310185,0.487291667,0,0,20.37962963,48.66134259,9.11275463,19.55717593,9.09362037,1.18617162,0.02344213,213.8078704,93.70842593,17.91026352,18.06574202,17.75963939,72.21359223,12.22649098,1.393619972,0.23332871,3.680166436,17.91026352,18.04008322,18.04008322,1006.976006,0,0,222.2052705,3.185298197,231.3398058,0.591955617,0.042274619,0.653398058,0,0,23.80305132,52.56033287,13.49112344,23.78224688,9.646116505,1.163846602,0.026255201,219.0249653,96.03869626,600.1704
32.05,0.2235,422.985,0.168,0.1895,0.7615,0.7745,0.7675,0.718,0.63,0.7465,0.882,14.66671296,14.78703704,14.54715278,65.08449074,7.292916667,2.23537037,0.374199074,5.808703704,14.62590278,14.24604167,14.20527778,1009.283958,0.000993056,0.011736111,157.844213,2.262752315,175.0472222,0.252939815,0.018083333,0.303703704,0.020212037,0.004403704,19.2249537,43.74837963,6.445902778,18.04525463,8.36693287,1.191587431,0.019657407,227.4821759,99.41319444,14.76877315,14.91398148,14.6231713,67.87199074,7.953865741,1.965694444,0.329,5.058171296,14.74333333,14.46861111,14.44310185,1010.451759,0.000405093,0,199.4238426,2.858810185,208.030787,0.45287037,0.032310185,0.487291667,0,0,20.37962963,48.66134259,9.11275463,19.55717593,9.09362037,1.18617162,0.02344213,213.8078704,93.70842593,17.91026352,18.06574202,17.75963939,72.21359223,12.22649098,1.393619972,0.23332871,3.680166436,17.91026352,18.04008322,18.04008322,1006.976006,0,0,222.2052705,3.185298197,231.3398058,0.591955617,0.042274619,0.653398058,0,0,23.80305132,52.56033287,13.49112344,23.78224688,9.646116505,1.163846602,0.026255201,219.0249653,96.03869626,94.85
34.175,0.265,884.745,0.185,0.2075,0.819,0.772,0.7205,0.7515,0.683,0.8165,0.8885,14.66671296,14.78703704,14.54715278,65.08449074,7.292916667,2.23537037,0.374199074,5.808703704,14.62590278,14.24604167,14.20527778,1009.283958,0.000993056,0.011736111,157.844213,2.262752315,175.0472222,0.252939815,0.018083333,0.303703704,0.020212037,0.004403704,19.2249537,43.74837963,6.445902778,18.04525463,8.36693287,1.191587431,0.019657407,227.4821759,99.41319444,14.76877315,14.91398148,14.6231713,67.87199074,7.953865741,1.965694444,0.329,5.058171296,14.74333333,14.46861111,14.44310185,1010.451759,0.000405093,0,199.4238426,2.858810185,208.030787,0.45287037,0.032310185,0.487291667,0,0,20.37962963,48.66134259,9.11275463,19.55717593,9.09362037,1.18617162,0.02344213,213.8078704,93.70842593,17.91026352,18.06574202,17.75963939,72.21359223,12.22649098,1.393619972,0.23332871,3.680166436,17.91026352,18.04008322,18.04008322,1006.976006,0,0,222.2052705,3.185298197,231.3398058,0.591955617,0.042274619,0.653398058,0,0,23.80305132,52.56033287,13.49112344,23.78224688,9.646116505,1.163846602,0.026255201,219.0249653,96.03869626,230.895
40.89825,0.491107,1275.975883,0.185814,0.220228,0.76685,0.751436,0.602742,0.632966,0.651474,0.69155,0.861522,14.66671296,14.78703704,14.54715278,65.08449074,7.292916667,2.23537037,0.374199074,5.808703704,14.62590278,14.24604167,14.20527778,1009.283958,0.000993056,0.011736111,157.844213,2.262752315,175.0472222,0.252939815,0.018083333,0.303703704,0.020212037,0.004403704,19.2249537,43.74837963,6.445902778,18.04525463,8.36693287,1.191587431,0.019657407,227.4821759,99.41319444,14.76877315,14.91398148,14.6231713,67.87199074,7.953865741,1.965694444,0.329,5.058171296,14.74333333,14.46861111,14.44310185,1010.451759,0.000405093,0,199.4238426,2.858810185,208.030787,0.45287037,0.032310185,0.487291667,0,0,20.37962963,48.66134259,9.11275463,19.55717593,9.09362037,1.18617162,0.02344213,213.8078704,93.70842593,17.91026352,18.06574202,17.75963939,72.21359223,12.22649098,1.393619972,0.23332871,3.680166436,17.91026352,18.04008322,18.04008322,1006.976006,0,0,222.2052705,3.185298197,231.3398058,0.591955617,0.042274619,0.653398058,0,0,23.80305132,52.56033287,13.49112344,23.78224688,9.646116505,1.163846602,0.026255201,219.0249653,96.03869626,625.8991
48.241889,0.453077,1197.319578,0.173807,0.193827,0.789377,0.766027,0.719726,0.660658,0.668837,0.763403,0.887145,14.66671296,14.78703704,14.54715278,65.08449074,7.292916667,2.23537037,0.374199074,5.808703704,14.62590278,14.24604167,14.20527778,1009.283958,0.000993056,0.011736111,157.844213,2.262752315,175.0472222,0.252939815,0.018083333,0.303703704,0.020212037,0.004403704,19.2249537,43.74837963,6.445902778,18.04525463,8.36693287,1.191587431,0.019657407,227.4821759,99.41319444,14.76877315,14.91398148,14.6231713,67.87199074,7.953865741,1.965694444,0.329,5.058171296,14.74333333,14.46861111,14.44310185,1010.451759,0.000405093,0,199.4238426,2.858810185,208.030787,0.45287037,0.032310185,0.487291667,0,0,20.37962963,48.66134259,9.11275463,19.55717593,9.09362037,1.18617162,0.02344213,213.8078704,93.70842593,17.91026352,18.06574202,17.75963939,72.21359223,12.22649098,1.393619972,0.23332871,3.680166436,17.91026352,18.04008322,18.04008322,1006.976006,0,0,222.2052705,3.185298197,231.3398058,0.591955617,0.042274619,0.653398058,0,0,23.80305132,52.56033287,13.49112344,23.78224688,9.646116505,1.163846602,0.026255201,219.0249653,96.03869626,543.5405
43.866043,0.512331,1193.955883,0.179794,0.211993,0.772691,0.796763,0.708239,0.644418,0.660786,0.721515,0.850215,14.66671296,14.78703704,14.54715278,65.08449074,7.292916667,2.23537037,0.374199074,5.808703704,14.62590278,14.24604167,14.20527778,1009.283958,0.000993056,0.011736111,157.844213,2.262752315,175.0472222,0.252939815,0.018083333,0.303703704,0.020212037,0.004403704,19.2249537,43.74837963,6.445902778,18.04525463,8.36693287,1.191587431,0.019657407,227.4821759,99.41319444,14.76877315,14.91398148,14.6231713,67.87199074,7.953865741,1.965694444,0.329,5.058171296,14.74333333,14.46861111,14.44310185,1010.451759,0.000405093,0,199.4238426,2.858810185,208.030787,0.45287037,0.032310185,0.487291667,0,0,20.37962963,48.66134259,9.11275463,19.55717593,9.09362037,1.18617162,0.02344213,213.8078704,93.70842593,17.91026352,18.06574202,17.75963939,72.21359223,12.22649098,1.393619972,0.23332871,3.680166436,17.91026352,18.04008322,18.04008322,1006.976006,0,0,222.2052705,3.185298197,231.3398058,0.591955617,0.042274619,0.653398058,0,0,23.80305132,52.56033287,13.49112344,23.78224688,9.646116505,1.163846602,0.026255201,219.0249653,96.03869626,610.142
34.591295,0.469217,1429.090309,0.184913,0.243404,0.837151,0.810056,0.788908,0.704975,0.667247,0.739612,0.88421,14.66671296,14.78703704,14.54715278,65.08449074,7.292916667,2.23537037,0.374199074,5.808703704,14.62590278,14.24604167,14.20527778,1009.283958,0.000993056,0.011736111,157.844213,2.262752315,175.0472222,0.252939815,0.018083333,0.303703704,0.020212037,0.004403704,19.2249537,43.74837963,6.445902778,18.04525463,8.36693287,1.191587431,0.019657407,227.4821759,99.41319444,14.76877315,14.91398148,14.6231713,67.87199074,7.953865741,1.965694444,0.329,5.058171296,14.74333333,14.46861111,14.44310185,1010.451759,0.000405093,0,199.4238426,2.858810185,208.030787,0.45287037,0.032310185,0.487291667,0,0,20.37962963,48.66134259,9.11275463,19.55717593,9.09362037,1.18617162,0.02344213,213.8078704,93.70842593,17.91026352,18.06574202,17.75963939,72.21359223,12.22649098,1.393619972,0.23332871,3.680166436,17.91026352,18.04008322,18.04008322,1006.976006,0,0,222.2052705,3.185298197,231.3398058,0.591955617,0.042274619,0.653398058,0,0,23.80305132,52.56033287,13.49112344,23.78224688,9.646116505,1.163846602,0.026255201,219.0249653,96.03869626,664.7604
38.387729,0.476116,1169.120424,0.173519,0.229076,0.802227,0.781955,0.745307,0.652838,0.68066,0.773696,0.881359,14.66671296,14.78703704,14.54715278,65.08449074,7.292916667,2.23537037,0.374199074,5.808703704,14.62590278,14.24604167,14.20527778,1009.283958,0.000993056,0.011736111,157.844213,2.262752315,175.0472222,0.252939815,0.018083333,0.303703704,0.020212037,0.004403704,19.2249537,43.74837963,6.445902778,18.04525463,8.36693287,1.191587431,0.019657407,227.4821759,99.41319444,14.76877315,14.91398148,14.6231713,67.87199074,7.953865741,1.965694444,0.329,5.058171296,14.74333333,14.46861111,14.44310185,1010.451759,0.000405093,0,199.4238426,2.858810185,208.030787,0.45287037,0.032310185,0.487291667,0,0,20.37962963,48.66134259,9.11275463,19.55717593,9.09362037,1.18617162,0.02344213,213.8078704,93.70842593,17.91026352,18.06574202,17.75963939,72.21359223,12.22649098,1.393619972,0.23332871,3.680166436,17.91026352,18.04008322,18.04008322,1006.976006,0,0,222.2052705,3.185298197,231.3398058,0.591955617,0.042274619,0.653398058,0,0,23.80305132,52.56033287,13.49112344,23.78224688,9.646116505,1.163846602,0.026255201,219.0249653,96.03869626,555.1404
45.468922,0.461623,1527.700342,0.166951,0.195856,0.80561,0.770376,0.749581,0.717537,0.64888,0.739581,0.883559,14.66671296,14.78703704,14.54715278,65.08449074,7.292916667,2.23537037,0.374199074,5.808703704,14.62590278,14.24604167,14.20527778,1009.283958,0.000993056,0.011736111,157.844213,2.262752315,175.0472222,0.252939815,0.018083333,0.303703704,0.020212037,0.004403704,19.2249537,43.74837963,6.445902778,18.04525463,8.36693287,1.191587431,0.019657407,227.4821759,99.41319444,14.76877315,14.91398148,14.6231713,67.87199074,7.953865741,1.965694444,0.329,5.058171296,14.74333333,14.46861111,14.44310185,1010.451759,0.000405093,0,199.4238426,2.858810185,208.030787,0.45287037,0.032310185,0.487291667,0,0,20.37962963,48.66134259,9.11275463,19.55717593,9.09362037,1.18617162,0.02344213,213.8078704,93.70842593,17.91026352,18.06574202,17.75963939,72.21359223,12.22649098,1.393619972,0.23332871,3.680166436,17.91026352,18.04008322,18.04008322,1006.976006,0,0,222.2052705,3.185298197,231.3398058,0.591955617,0.042274619,0.653398058,0,0,23.80305132,52.56033287,13.49112344,23.78224688,9.646116505,1.163846602,0.026255201,219.0249653,96.03869626,704.7524
40.367269,0.473084,1408.891695,0.172578,0.194169,0.807639,0.786322,0.744187,0.721176,0.692161,0.755502,0.888762,14.66671296,14.78703704,14.54715278,65.08449074,7.292916667,2.23537037,0.374199074,5.808703704,14.62590278,14.24604167,14.20527778,1009.283958,0.000993056,0.011736111,157.844213,2.262752315,175.0472222,0.252939815,0.018083333,0.303703704,0.020212037,0.004403704,19.2249537,43.74837963,6.445902778,18.04525463,8.36693287,1.191587431,0.019657407,227.4821759,99.41319444,14.76877315,14.91398148,14.6231713,67.87199074,7.953865741,1.965694444,0.329,5.058171296,14.74333333,14.46861111,14.44310185,1010.451759,0.000405093,0,199.4238426,2.858810185,208.030787,0.45287037,0.032310185,0.487291667,0,0,20.37962963,48.66134259,9.11275463,19.55717593,9.09362037,1.18617162,0.02344213,213.8078704,93.70842593,17.91026352,18.06574202,17.75963939,72.21359223,12.22649098,1.393619972,0.23332871,3.680166436,17.91026352,18.04008322,18.04008322,1006.976006,0,0,222.2052705,3.185298197,231.3398058,0.591955617,0.042274619,0.653398058,0,0,23.80305132,52.56033287,13.49112344,23.78224688,9.646116505,1.163846602,0.026255201,219.0249653,96.03869626,668.4304
50.899961,0.490423,1250.949256,0.168557,0.21401,0.771704,0.775246,0.686605,0.715969,0.606468,0.689343,0.865414,14.66671296,14.78703704,14.54715278,65.08449074,7.292916667,2.23537037,0.374199074,5.808703704,14.62590278,14.24604167,14.20527778,1009.283958,0.000993056,0.011736111,157.844213,2.262752315,175.0472222,0.252939815,0.018083333,0.303703704,0.020212037,0.004403704,19.2249537,43.74837963,6.445902778,18.04525463,8.36693287,1.191587431,0.019657407,227.4821759,99.41319444,14.76877315,14.91398148,14.6231713,67.87199074,7.953865741,1.965694444,0.329,5.058171296,14.74333333,14.46861111,14.44310185,1010.451759,0.000405093,0,199.4238426,2.858810185,208.030787,0.45287037,0.032310185,0.487291667,0,0,20.37962963,48.66134259,9.11275463,19.55717593,9.09362037,1.18617162,0.02344213,213.8078704,93.70842593,17.91026352,18.06574202,17.75963939,72.21359223,12.22649098,1.393619972,0.23332871,3.680166436,17.91026352,18.04008322,18.04008322,1006.976006,0,0,222.2052705,3.185298197,231.3398058,0.591955617,0.042274619,0.653398058,0,0,23.80305132,52.56033287,13.49112344,23.78224688,9.646116505,1.163846602,0.026255201,219.0249653,96.03869626,612.1224
43.887944,0.487463,1358.413111,0.170027,0.222176,0.759501,0.778189,0.731665,0.645199,0.689784,0.773132,0.894809,14.66671296,14.78703704,14.54715278,65.08449074,7.292916667,2.23537037,0.374199074,5.808703704,14.62590278,14.24604167,14.20527778,1009.283958,0.000993056,0.011736111,157.844213,2.262752315,175.0472222,0.252939815,0.018083333,0.303703704,0.020212037,0.004403704,19.2249537,43.74837963,6.445902778,18.04525463,8.36693287,1.191587431,0.019657407,227.4821759,99.41319444,14.76877315,14.91398148,14.6231713,67.87199074,7.953865741,1.965694444,0.329,5.058171296,14.74333333,14.46861111,14.44310185,1010.451759,0.000405093,0,199.4238426,2.858810185,208.030787,0.45287037,0.032310185,0.487291667,0,0,20.37962963,48.66134259,9.11275463,19.55717593,9.09362037,1.18617162,0.02344213,213.8078704,93.70842593,17.91026352,18.06574202,17.75963939,72.21359223,12.22649098,1.393619972,0.23332871,3.680166436,17.91026352,18.04008322,18.04008322,1006.976006,0,0,222.2052705,3.185298197,231.3398058,0.591955617,0.042274619,0.653398058,0,0,23.80305132,52.56033287,13.49112344,23.78224688,9.646116505,1.163846602,0.026255201,219.0249653,96.03869626,662.8864
40.965936,0.485061,1526.824624,0.174507,0.20282,0.795533,0.792106,0.745273,0.681622,0.684018,0.778606,0.892433,14.66671296,14.78703704,14.54715278,65.08449074,7.292916667,2.23537037,0.374199074,5.808703704,14.62590278,14.24604167,14.20527778,1009.283958,0.000993056,0.011736111,157.844213,2.262752315,175.0472222,0.252939815,0.018083333,0.303703704,0.020212037,0.004403704,19.2249537,43.74837963,6.445902778,18.04525463,8.36693287,1.191587431,0.019657407,227.4821759,99.41319444,14.76877315,14.91398148,14.6231713,67.87199074,7.953865741,1.965694444,0.329,5.058171296,14.74333333,14.46861111,14.44310185,1010.451759,0.000405093,0,199.4238426,2.858810185,208.030787,0.45287037,0.032310185,0.487291667,0,0,20.37962963,48.66134259,9.11275463,19.55717593,9.09362037,1.18617162,0.02344213,213.8078704,93.70842593,17.91026352,18.06574202,17.75963939,72.21359223,12.22649098,1.393619972,0.23332871,3.680166436,17.91026352,18.04008322,18.04008322,1006.976006,0,0,222.2052705,3.185298197,231.3398058,0.591955617,0.042274619,0.653398058,0,0,23.80305132,52.56033287,13.49112344,23.78224688,9.646116505,1.163846602,0.026255201,219.0249653,96.03869626,740.4936
39.891802,0.413338,1214.060696,0.167818,0.18735,0.791397,0.768705,0.686939,0.664012,0.612576,0.710347,0.888592,14.66671296,14.78703704,14.54715278,65.08449074,7.292916667,2.23537037,0.374199074,5.808703704,14.62590278,14.24604167,14.20527778,1009.283958,0.000993056,0.011736111,157.844213,2.262752315,175.0472222,0.252939815,0.018083333,0.303703704,0.020212037,0.004403704,19.2249537,43.74837963,6.445902778,18.04525463,8.36693287,1.191587431,0.019657407,227.4821759,99.41319444,14.76877315,14.91398148,14.6231713,67.87199074,7.953865741,1.965694444,0.329,5.058171296,14.74333333,14.46861111,14.44310185,1010.451759,0.000405093,0,199.4238426,2.858810185,208.030787,0.45287037,0.032310185,0.487291667,0,0,20.37962963,48.66134259,9.11275463,19.55717593,9.09362037,1.18617162,0.02344213,213.8078704,93.70842593,17.91026352,18.06574202,17.75963939,72.21359223,12.22649098,1.393619972,0.23332871,3.680166436,17.91026352,18.04008322,18.04008322,1006.976006,0,0,222.2052705,3.185298197,231.3398058,0.591955617,0.042274619,0.653398058,0,0,23.80305132,52.56033287,13.49112344,23.78224688,9.646116505,1.163846602,0.026255201,219.0249653,96.03869626,502.8423
41.262523,0.491495,1428.357192,0.166047,0.177955,0.775418,0.813663,0.71366,0.67867,0.595698,0.720007,0.885537,14.66671296,14.78703704,14.54715278,65.08449074,7.292916667,2.23537037,0.374199074,5.808703704,14.62590278,14.24604167,14.20527778,1009.283958,0.000993056,0.011736111,157.844213,2.262752315,175.0472222,0.252939815,0.018083333,0.303703704,0.020212037,0.004403704,19.2249537,43.74837963,6.445902778,18.04525463,8.36693287,1.191587431,0.019657407,227.4821759,99.41319444,14.76877315,14.91398148,14.6231713,67.87199074,7.953865741,1.965694444,0.329,5.058171296,14.74333333,14.46861111,14.44310185,1010.451759,0.000405093,0,199.4238426,2.858810185,208.030787,0.45287037,0.032310185,0.487291667,0,0,20.37962963,48.66134259,9.11275463,19.55717593,9.09362037,1.18617162,0.02344213,213.8078704,93.70842593,17.91026352,18.06574202,17.75963939,72.21359223,12.22649098,1.393619972,0.23332871,3.680166436,17.91026352,18.04008322,18.04008322,1006.976006,0,0,222.2052705,3.185298197,231.3398058,0.591955617,0.042274619,0.653398058,0,0,23.80305132,52.56033287,13.49112344,23.78224688,9.646116505,1.163846602,0.026255201,219.0249653,96.03869626,702.4205
40.992198,0.479883,1414.253979,0.164743,0.194241,0.781912,0.815379,0.750492,0.749008,0.656592,0.752029,0.888873,14.66671296,14.78703704,14.54715278,65.08449074,7.292916667,2.23537037,0.374199074,5.808703704,14.62590278,14.24604167,14.20527778,1009.283958,0.000993056,0.011736111,157.844213,2.262752315,175.0472222,0.252939815,0.018083333,0.303703704,0.020212037,0.004403704,19.2249537,43.74837963,6.445902778,18.04525463,8.36693287,1.191587431,0.019657407,227.4821759,99.41319444,14.76877315,14.91398148,14.6231713,67.87199074,7.953865741,1.965694444,0.329,5.058171296,14.74333333,14.46861111,14.44310185,1010.451759,0.000405093,0,199.4238426,2.858810185,208.030787,0.45287037,0.032310185,0.487291667,0,0,20.37962963,48.66134259,9.11275463,19.55717593,9.09362037,1.18617162,0.02344213,213.8078704,93.70842593,17.91026352,18.06574202,17.75963939,72.21359223,12.22649098,1.393619972,0.23332871,3.680166436,17.91026352,18.04008322,18.04008322,1006.976006,0,0,222.2052705,3.185298197,231.3398058,0.591955617,0.042274619,0.653398058,0,0,23.80305132,52.56033287,13.49112344,23.78224688,9.646116505,1.163846602,0.026255201,219.0249653,96.03869626,679.2389
43.178096,0.490403,1406.956359,0.170283,0.196756,0.758904,0.797923,0.753905,0.729964,0.642493,0.702999,0.885509,14.66671296,14.78703704,14.54715278,65.08449074,7.292916667,2.23537037,0.374199074,5.808703704,14.62590278,14.24604167,14.20527778,1009.283958,0.000993056,0.011736111,157.844213,2.262752315,175.0472222,0.252939815,0.018083333,0.303703704,0.020212037,0.004403704,19.2249537,43.74837963,6.445902778,18.04525463,8.36693287,1.191587431,0.019657407,227.4821759,99.41319444,14.76877315,14.91398148,14.6231713,67.87199074,7.953865741,1.965694444,0.329,5.058171296,14.74333333,14.46861111,14.44310185,1010.451759,0.000405093,0,199.4238426,2.858810185,208.030787,0.45287037,0.032310185,0.487291667,0,0,20.37962963,48.66134259,9.11275463,19.55717593,9.09362037,1.18617162,0.02344213,213.8078704,93.70842593,17.91026352,18.06574202,17.75963939,72.21359223,12.22649098,1.393619972,0.23332871,3.680166436,17.91026352,18.04008322,18.04008322,1006.976006,0,0,222.2052705,3.185298197,231.3398058,0.591955617,0.042274619,0.653398058,0,0,23.80305132,52.56033287,13.49112344,23.78224688,9.646116505,1.163846602,0.026255201,219.0249653,96.03869626,688.527
42.662523,0.488995,1393.547192,0.178547,0.203455,0.784418,0.802663,0.72016,0.72017,0.668198,0.750507,0.867537,14.66671296,14.78703704,14.54715278,65.08449074,7.292916667,2.23537037,0.374199074,5.808703704,14.62590278,14.24604167,14.20527778,1009.283958,0.000993056,0.011736111,157.844213,2.262752315,175.0472222,0.252939815,0.018083333,0.303703704,0.020212037,0.004403704,19.2249537,43.74837963,6.445902778,18.04525463,8.36693287,1.191587431,0.019657407,227.4821759,99.41319444,14.76877315,14.91398148,14.6231713,67.87199074,7.953865741,1.965694444,0.329,5.058171296,14.74333333,14.46861111,14.44310185,1010.451759,0.000405093,0,199.4238426,2.858810185,208.030787,0.45287037,0.032310185,0.487291667,0,0,20.37962963,48.66134259,9.11275463,19.55717593,9.09362037,1.18617162,0.02344213,213.8078704,93.70842593,17.91026352,18.06574202,17.75963939,72.21359223,12.22649098,1.393619972,0.23332871,3.680166436,17.91026352,18.04008322,18.04008322,1006.976006,0,0,222.2052705,3.185298197,231.3398058,0.591955617,0.042274619,0.653398058,0,0,23.80305132,52.56033287,13.49112344,23.78224688,9.646116505,1.163846602,0.026255201,219.0249653,96.03869626,682.1505
43.896639,0.477312,1472.602024,0.191583,0.237983,0.807198,0.733109,0.743457,0.649527,0.746416,0.816415,0.906536,14.66671296,14.78703704,14.54715278,65.08449074,7.292916667,2.23537037,0.374199074,5.808703704,14.62590278,14.24604167,14.20527778,1009.283958,0.000993056,0.011736111,157.844213,2.262752315,175.0472222,0.252939815,0.018083333,0.303703704,0.020212037,0.004403704,19.2249537,43.74837963,6.445902778,18.04525463,8.36693287,1.191587431,0.019657407,227.4821759,99.41319444,14.76877315,14.91398148,14.6231713,67.87199074,7.953865741,1.965694444,0.329,5.058171296,14.74333333,14.46861111,14.44310185,1010.451759,0.000405093,0,199.4238426,2.858810185,208.030787,0.45287037,0.032310185,0.487291667,0,0,20.37962963,48.66134259,9.11275463,19.55717593,9.09362037,1.18617162,0.02344213,213.8078704,93.70842593,17.91026352,18.06574202,17.75963939,72.21359223,12.22649098,1.393619972,0.23332871,3.680166436,17.91026352,18.04008322,18.04008322,1006.976006,0,0,222.2052705,3.185298197,231.3398058,0.591955617,0.042274619,0.653398058,0,0,23.80305132,52.56033287,13.49112344,23.78224688,9.646116505,1.163846602,0.026255201,219.0249653,96.03869626,702.5885
49.658367,0.467248,1536.142857,0.190234,0.253399,0.78029,0.768817,0.743512,0.658614,0.747425,0.82532,0.897583,14.66671296,14.78703704,14.54715278,65.08449074,7.292916667,2.23537037,0.374199074,5.808703704,14.62590278,14.24604167,14.20527778,1009.283958,0.000993056,0.011736111,157.844213,2.262752315,175.0472222,0.252939815,0.018083333,0.303703704,0.020212037,0.004403704,19.2249537,43.74837963,6.445902778,18.04525463,8.36693287,1.191587431,0.019657407,227.4821759,99.41319444,14.76877315,14.91398148,14.6231713,67.87199074,7.953865741,1.965694444,0.329,5.058171296,14.74333333,14.46861111,14.44310185,1010.451759,0.000405093,0,199.4238426,2.858810185,208.030787,0.45287037,0.032310185,0.487291667,0,0,20.37962963,48.66134259,9.11275463,19.55717593,9.09362037,1.18617162,0.02344213,213.8078704,93.70842593,17.91026352,18.06574202,17.75963939,72.21359223,12.22649098,1.393619972,0.23332871,3.680166436,17.91026352,18.04008322,18.04008322,1006.976006,0,0,222.2052705,3.185298197,231.3398058,0.591955617,0.042274619,0.653398058,0,0,23.80305132,52.56033287,13.49112344,23.78224688,9.646116505,1.163846602,0.026255201,219.0249653,96.03869626,717.7616
41.455967,0.503603,1385.331118,0.187993,0.224701,0.803257,0.755322,0.716945,0.645178,0.696572,0.77014,0.883143,14.66671296,14.78703704,14.54715278,65.08449074,7.292916667,2.23537037,0.374199074,5.808703704,14.62590278,14.24604167,14.20527778,1009.283958,0.000993056,0.011736111,157.844213,2.262752315,175.0472222,0.252939815,0.018083333,0.303703704,0.020212037,0.004403704,19.2249537,43.74837963,6.445902778,18.04525463,8.36693287,1.191587431,0.019657407,227.4821759,99.41319444,14.76877315,14.91398148,14.6231713,67.87199074,7.953865741,1.965694444,0.329,5.058171296,14.74333333,14.46861111,14.44310185,1010.451759,0.000405093,0,199.4238426,2.858810185,208.030787,0.45287037,0.032310185,0.487291667,0,0,20.37962963,48.66134259,9.11275463,19.55717593,9.09362037,1.18617162,0.02344213,213.8078704,93.70842593,17.91026352,18.06574202,17.75963939,72.21359223,12.22649098,1.393619972,0.23332871,3.680166436,17.91026352,18.04008322,18.04008322,1006.976006,0,0,222.2052705,3.185298197,231.3398058,0.591955617,0.042274619,0.653398058,0,0,23.80305132,52.56033287,13.49112344,23.78224688,9.646116505,1.163846602,0.026255201,219.0249653,96.03869626,695.8423
49.078968,0.488205,1152.149648,0.168724,0.198486,0.822419,0.749139,0.708595,0.623769,0.696195,0.770255,0.878613,14.66671296,14.78703704,14.54715278,65.08449074,7.292916667,2.23537037,0.374199074,5.808703704,14.62590278,14.24604167,14.20527778,1009.283958,0.000993056,0.011736111,157.844213,2.262752315,175.0472222,0.252939815,0.018083333,0.303703704,0.020212037,0.004403704,19.2249537,43.74837963,6.445902778,18.04525463,8.36693287,1.191587431,0.019657407,227.4821759,99.41319444,14.76877315,14.91398148,14.6231713,67.87199074,7.953865741,1.965694444,0.329,5.058171296,14.74333333,14.46861111,14.44310185,1010.451759,0.000405093,0,199.4238426,2.858810185,208.030787,0.45287037,0.032310185,0.487291667,0,0,20.37962963,48.66134259,9.11275463,19.55717593,9.09362037,1.18617162,0.02344213,213.8078704,93.70842593,17.91026352,18.06574202,17.75963939,72.21359223,12.22649098,1.393619972,0.23332871,3.680166436,17.91026352,18.04008322,18.04008322,1006.976006,0,0,222.2052705,3.185298197,231.3398058,0.591955617,0.042274619,0.653398058,0,0,23.80305132,52.56033287,13.49112344,23.78224688,9.646116505,1.163846602,0.026255201,219.0249653,96.03869626,565.0905
47.008434,0.484528,1481.726733,0.182611,0.198562,0.813444,0.786068,0.745839,0.690806,0.657818,0.753397,0.876439,14.66671296,14.78703704,14.54715278,65.08449074,7.292916667,2.23537037,0.374199074,5.808703704,14.62590278,14.24604167,14.20527778,1009.283958,0.000993056,0.011736111,157.844213,2.262752315,175.0472222,0.252939815,0.018083333,0.303703704,0.020212037,0.004403704,19.2249537,43.74837963,6.445902778,18.04525463,8.36693287,1.191587431,0.019657407,227.4821759,99.41319444,14.76877315,14.91398148,14.6231713,67.87199074,7.953865741,1.965694444,0.329,5.058171296,14.74333333,14.46861111,14.44310185,1010.451759,0.000405093,0,199.4238426,2.858810185,208.030787,0.45287037,0.032310185,0.487291667,0,0,20.37962963,48.66134259,9.11275463,19.55717593,9.09362037,1.18617162,0.02344213,213.8078704,93.70842593,17.91026352,18.06574202,17.75963939,72.21359223,12.22649098,1.393619972,0.23332871,3.680166436,17.91026352,18.04008322,18.04008322,1006.976006,0,0,222.2052705,3.185298197,231.3398058,0.591955617,0.042274619,0.653398058,0,0,23.80305132,52.56033287,13.49112344,23.78224688,9.646116505,1.163846602,0.026255201,219.0249653,96.03869626,716.9862
48.174176,0.468307,1354.23369,0.164525,0.201424,0.795884,0.781898,0.751073,0.667381,0.665126,0.773106,0.887467,14.66671296,14.78703704,14.54715278,65.08449074,7.292916667,2.23537037,0.374199074,5.808703704,14.62590278,14.24604167,14.20527778,1009.283958,0.000993056,0.011736111,157.844213,2.262752315,175.0472222,0.252939815,0.018083333,0.303703704,0.020212037,0.004403704,19.2249537,43.74837963,6.445902778,18.04525463,8.36693287,1.191587431,0.019657407,227.4821759,99.41319444,14.76877315,14.91398148,14.6231713,67.87199074,7.953865741,1.965694444,0.329,5.058171296,14.74333333,14.46861111,14.44310185,1010.451759,0.000405093,0,199.4238426,2.858810185,208.030787,0.45287037,0.032310185,0.487291667,0,0,20.37962963,48.66134259,9.11275463,19.55717593,9.09362037,1.18617162,0.02344213,213.8078704,93.70842593,17.91026352,18.06574202,17.75963939,72.21359223,12.22649098,1.393619972,0.23332871,3.680166436,17.91026352,18.04008322,18.04008322,1006.976006,0,0,222.2052705,3.185298197,231.3398058,0.591955617,0.042274619,0.653398058,0,0,23.80305132,52.56033287,13.49112344,23.78224688,9.646116505,1.163846602,0.026255201,219.0249653,96.03869626,632.9576
45.644846,0.500923,1306.872922,0.179205,0.212735,0.783436,0.77773,0.780157,0.645505,0.681016,0.786601,0.880935,14.66671296,14.78703704,14.54715278,65.08449074,7.292916667,2.23537037,0.374199074,5.808703704,14.62590278,14.24604167,14.20527778,1009.283958,0.000993056,0.011736111,157.844213,2.262752315,175.0472222,0.252939815,0.018083333,0.303703704,0.020212037,0.004403704,19.2249537,43.74837963,6.445902778,18.04525463,8.36693287,1.191587431,0.019657407,227.4821759,99.41319444,14.76877315,14.91398148,14.6231713,67.87199074,7.953865741,1.965694444,0.329,5.058171296,14.74333333,14.46861111,14.44310185,1010.451759,0.000405093,0,199.4238426,2.858810185,208.030787,0.45287037,0.032310185,0.487291667,0,0,20.37962963,48.66134259,9.11275463,19.55717593,9.09362037,1.18617162,0.02344213,213.8078704,93.70842593,17.91026352,18.06574202,17.75963939,72.21359223,12.22649098,1.393619972,0.23332871,3.680166436,17.91026352,18.04008322,18.04008322,1006.976006,0,0,222.2052705,3.185298197,231.3398058,0.591955617,0.042274619,0.653398058,0,0,23.80305132,52.56033287,13.49112344,23.78224688,9.646116505,1.163846602,0.026255201,219.0249653,96.03869626,655.0842
33.933874,0.394572,992.924917,0.167557,0.183811,0.807521,0.760921,0.720592,0.607609,0.724711,0.825554,0.894697,14.66671296,14.78703704,14.54715278,65.08449074,7.292916667,2.23537037,0.374199074,5.808703704,14.62590278,14.24604167,14.20527778,1009.283958,0.000993056,0.011736111,157.844213,2.262752315,175.0472222,0.252939815,0.018083333,0.303703704,0.020212037,0.004403704,19.2249537,43.74837963,6.445902778,18.04525463,8.36693287,1.191587431,0.019657407,227.4821759,99.41319444,14.76877315,14.91398148,14.6231713,67.87199074,7.953865741,1.965694444,0.329,5.058171296,14.74333333,14.46861111,14.44310185,1010.451759,0.000405093,0,199.4238426,2.858810185,208.030787,0.45287037,0.032310185,0.487291667,0,0,20.37962963,48.66134259,9.11275463,19.55717593,9.09362037,1.18617162,0.02344213,213.8078704,93.70842593,17.91026352,18.06574202,17.75963939,72.21359223,12.22649098,1.393619972,0.23332871,3.680166436,17.91026352,18.04008322,18.04008322,1006.976006,0,0,222.2052705,3.185298197,231.3398058,0.591955617,0.042274619,0.653398058,0,0,23.80305132,52.56033287,13.49112344,23.78224688,9.646116505,1.163846602,0.026255201,219.0249653,96.03869626,391.9625
36.55831,0.486979,1279.002409,0.173868,0.222685,0.788198,0.801382,0.747858,0.665505,0.665825,0.788224,0.891638,14.66671296,14.78703704,14.54715278,65.08449074,7.292916667,2.23537037,0.374199074,5.808703704,14.62590278,14.24604167,14.20527778,1009.283958,0.000993056,0.011736111,157.844213,2.262752315,175.0472222,0.252939815,0.018083333,0.303703704,0.020212037,0.004403704,19.2249537,43.74837963,6.445902778,18.04525463,8.36693287,1.191587431,0.019657407,227.4821759,99.41319444,14.76877315,14.91398148,14.6231713,67.87199074,7.953865741,1.965694444,0.329,5.058171296,14.74333333,14.46861111,14.44310185,1010.451759,0.000405093,0,199.4238426,2.858810185,208.030787,0.45287037,0.032310185,0.487291667,0,0,20.37962963,48.66134259,9.11275463,19.55717593,9.09362037,1.18617162,0.02344213,213.8078704,93.70842593,17.91026352,18.06574202,17.75963939,72.21359223,12.22649098,1.393619972,0.23332871,3.680166436,17.91026352,18.04008322,18.04008322,1006.976006,0,0,222.2052705,3.185298197,231.3398058,0.591955617,0.042274619,0.653398058,0,0,23.80305132,52.56033287,13.49112344,23.78224688,9.646116505,1.163846602,0.026255201,219.0249653,96.03869626,621.8436
40.415669,0.480699,1295.351807,0.166401,0.193836,0.782792,0.77772,0.729755,0.70161,0.674261,0.731995,0.866018,14.66671296,14.78703704,14.54715278,65.08449074,7.292916667,2.23537037,0.374199074,5.808703704,14.62590278,14.24604167,14.20527778,1009.283958,0.000993056,0.011736111,157.844213,2.262752315,175.0472222,0.252939815,0.018083333,0.303703704,0.020212037,0.004403704,19.2249537,43.74837963,6.445902778,18.04525463,8.36693287,1.191587431,0.019657407,227.4821759,99.41319444,14.76877315,14.91398148,14.6231713,67.87199074,7.953865741,1.965694444,0.329,5.058171296,14.74333333,14.46861111,14.44310185,1010.451759,0.000405093,0,199.4238426,2.858810185,208.030787,0.45287037,0.032310185,0.487291667,0,0,20.37962963,48.66134259,9.11275463,19.55717593,9.09362037,1.18617162,0.02344213,213.8078704,93.70842593,17.91026352,18.06574202,17.75963939,72.21359223,12.22649098,1.393619972,0.23332871,3.680166436,17.91026352,18.04008322,18.04008322,1006.976006,0,0,222.2052705,3.185298197,231.3398058,0.591955617,0.042274619,0.653398058,0,0,23.80305132,52.56033287,13.49112344,23.78224688,9.646116505,1.163846602,0.026255201,219.0249653,96.03869626,619.8774
35.473041,0.460088,1336.824549,0.181758,0.230364,0.788526,0.767303,0.595598,0.665116,0.726426,0.762699,0.871763,14.66671296,14.78703704,14.54715278,65.08449074,7.292916667,2.23537037,0.374199074,5.808703704,14.62590278,14.24604167,14.20527778,1009.283958,0.000993056,0.011736111,157.844213,2.262752315,175.0472222,0.252939815,0.018083333,0.303703704,0.020212037,0.004403704,19.2249537,43.74837963,6.445902778,18.04525463,8.36693287,1.191587431,0.019657407,227.4821759,99.41319444,14.76877315,14.91398148,14.6231713,67.87199074,7.953865741,1.965694444,0.329,5.058171296,14.74333333,14.46861111,14.44310185,1010.451759,0.000405093,0,199.4238426,2.858810185,208.030787,0.45287037,0.032310185,0.487291667,0,0,20.37962963,48.66134259,9.11275463,19.55717593,9.09362037,1.18617162,0.02344213,213.8078704,93.70842593,17.91026352,18.06574202,17.75963939,72.21359223,12.22649098,1.393619972,0.23332871,3.680166436,17.91026352,18.04008322,18.04008322,1006.976006,0,0,222.2052705,3.185298197,231.3398058,0.591955617,0.042274619,0.653398058,0,0,23.80305132,52.56033287,13.49112344,23.78224688,9.646116505,1.163846602,0.026255201,219.0249653,96.03869626,616.1065
43.790178,0.485699,1422.318611,0.188345,0.220897,0.828034,0.753229,0.726694,0.646947,0.732478,0.824766,0.898719,14.66671296,14.78703704,14.54715278,65.08449074,7.292916667,2.23537037,0.374199074,5.808703704,14.62590278,14.24604167,14.20527778,1009.283958,0.000993056,0.011736111,157.844213,2.262752315,175.0472222,0.252939815,0.018083333,0.303703704,0.020212037,0.004403704,19.2249537,43.74837963,6.445902778,18.04525463,8.36693287,1.191587431,0.019657407,227.4821759,99.41319444,14.76877315,14.91398148,14.6231713,67.87199074,7.953865741,1.965694444,0.329,5.058171296,14.74333333,14.46861111,14.44310185,1010.451759,0.000405093,0,199.4238426,2.858810185,208.030787,0.45287037,0.032310185,0.487291667,0,0,20.37962963,48.66134259,9.11275463,19.55717593,9.09362037,1.18617162,0.02344213,213.8078704,93.70842593,17.91026352,18.06574202,17.75963939,72.21359223,12.22649098,1.393619972,0.23332871,3.680166436,17.91026352,18.04008322,18.04008322,1006.976006,0,0,222.2052705,3.185298197,231.3398058,0.591955617,0.042274619,0.653398058,0,0,23.80305132,52.56033287,13.49112344,23.78224688,9.646116505,1.163846602,0.026255201,219.0249653,96.03869626,690.806
45.198938,0.491119,1315.631039,0.179773,0.250345,0.838106,0.792562,0.744175,0.69304,0.674324,0.761098,0.885613,14.66671296,14.78703704,14.54715278,65.08449074,7.292916667,2.23537037,0.374199074,5.808703704,14.62590278,14.24604167,14.20527778,1009.283958,0.000993056,0.011736111,157.844213,2.262752315,175.0472222,0.252939815,0.018083333,0.303703704,0.020212037,0.004403704,19.2249537,43.74837963,6.445902778,18.04525463,8.36693287,1.191587431,0.019657407,227.4821759,99.41319444,14.76877315,14.91398148,14.6231713,67.87199074,7.953865741,1.965694444,0.329,5.058171296,14.74333333,14.46861111,14.44310185,1010.451759,0.000405093,0,199.4238426,2.858810185,208.030787,0.45287037,0.032310185,0.487291667,0,0,20.37962963,48.66134259,9.11275463,19.55717593,9.09362037,1.18617162,0.02344213,213.8078704,93.70842593,17.91026352,18.06574202,17.75963939,72.21359223,12.22649098,1.393619972,0.23332871,3.680166436,17.91026352,18.04008322,18.04008322,1006.976006,0,0,222.2052705,3.185298197,231.3398058,0.591955617,0.042274619,0.653398058,0,0,23.80305132,52.56033287,13.49112344,23.78224688,9.646116505,1.163846602,0.026255201,219.0249653,96.03869626,646.1396
43.257816,0.456687,1473.742899,0.186704,0.201853,0.813101,0.774157,0.71536,0.635088,0.677145,0.800357,0.891068,14.66671296,14.78703704,14.54715278,65.08449074,7.292916667,2.23537037,0.374199074,5.808703704,14.62590278,14.24604167,14.20527778,1009.283958,0.000993056,0.011736111,157.844213,2.262752315,175.0472222,0.252939815,0.018083333,0.303703704,0.020212037,0.004403704,19.2249537,43.74837963,6.445902778,18.04525463,8.36693287,1.191587431,0.019657407,227.4821759,99.41319444,14.76877315,14.91398148,14.6231713,67.87199074,7.953865741,1.965694444,0.329,5.058171296,14.74333333,14.46861111,14.44310185,1010.451759,0.000405093,0,199.4238426,2.858810185,208.030787,0.45287037,0.032310185,0.487291667,0,0,20.37962963,48.66134259,9.11275463,19.55717593,9.09362037,1.18617162,0.02344213,213.8078704,93.70842593,17.91026352,18.06574202,17.75963939,72.21359223,12.22649098,1.393619972,0.23332871,3.680166436,17.91026352,18.04008322,18.04008322,1006.976006,0,0,222.2052705,3.185298197,231.3398058,0.591955617,0.042274619,0.653398058,0,0,23.80305132,52.56033287,13.49112344,23.78224688,9.646116505,1.163846602,0.026255201,219.0249653,96.03869626,671.7929
36.917677,0.426162,1420.643133,0.181165,0.19995,0.759281,0.795812,0.726739,0.656208,0.64528,0.764798,0.881341,14.66671296,14.78703704,14.54715278,65.08449074,7.292916667,2.23537037,0.374199074,5.808703704,14.62590278,14.24604167,14.20527778,1009.283958,0.000993056,0.011736111,157.844213,2.262752315,175.0472222,0.252939815,0.018083333,0.303703704,0.020212037,0.004403704,19.2249537,43.74837963,6.445902778,18.04525463,8.36693287,1.191587431,0.019657407,227.4821759,99.41319444,14.76877315,14.91398148,14.6231713,67.87199074,7.953865741,1.965694444,0.329,5.058171296,14.74333333,14.46861111,14.44310185,1010.451759,0.000405093,0,199.4238426,2.858810185,208.030787,0.45287037,0.032310185,0.487291667,0,0,20.37962963,48.66134259,9.11275463,19.55717593,9.09362037,1.18617162,0.02344213,213.8078704,93.70842593,17.91026352,18.06574202,17.75963939,72.21359223,12.22649098,1.393619972,0.23332871,3.680166436,17.91026352,18.04008322,18.04008322,1006.976006,0,0,222.2052705,3.185298197,231.3398058,0.591955617,0.042274619,0.653398058,0,0,23.80305132,52.56033287,13.49112344,23.78224688,9.646116505,1.163846602,0.026255201,219.0249653,96.03869626,605.9331
43.239224,0.436738,1508.669415,0.17196,0.214543,0.809528,0.777803,0.748232,0.688549,0.698593,0.784982,0.879491,14.66671296,14.78703704,14.54715278,65.08449074,7.292916667,2.23537037,0.374199074,5.808703704,14.62590278,14.24604167,14.20527778,1009.283958,0.000993056,0.011736111,157.844213,2.262752315,175.0472222,0.252939815,0.018083333,0.303703704,0.020212037,0.004403704,19.2249537,43.74837963,6.445902778,18.04525463,8.36693287,1.191587431,0.019657407,227.4821759,99.41319444,14.76877315,14.91398148,14.6231713,67.87199074,7.953865741,1.965694444,0.329,5.058171296,14.74333333,14.46861111,14.44310185,1010.451759,0.000405093,0,199.4238426,2.858810185,208.030787,0.45287037,0.032310185,0.487291667,0,0,20.37962963,48.66134259,9.11275463,19.55717593,9.09362037,1.18617162,0.02344213,213.8078704,93.70842593,17.91026352,18.06574202,17.75963939,72.21359223,12.22649098,1.393619972,0.23332871,3.680166436,17.91026352,18.04008322,18.04008322,1006.976006,0,0,222.2052705,3.185298197,231.3398058,0.591955617,0.042274619,0.653398058,0,0,23.80305132,52.56033287,13.49112344,23.78224688,9.646116505,1.163846602,0.026255201,219.0249653,96.03869626,657.6579
42.550279,0.428817,1496.163708,0.168284,0.211132,0.799227,0.781224,0.741399,0.700561,0.687501,0.804032,0.888644,14.66671296,14.78703704,14.54715278,65.08449074,7.292916667,2.23537037,0.374199074,5.808703704,14.62590278,14.24604167,14.20527778,1009.283958,0.000993056,0.011736111,157.844213,2.262752315,175.0472222,0.252939815,0.018083333,0.303703704,0.020212037,0.004403704,19.2249537,43.74837963,6.445902778,18.04525463,8.36693287,1.191587431,0.019657407,227.4821759,99.41319444,14.76877315,14.91398148,14.6231713,67.87199074,7.953865741,1.965694444,0.329,5.058171296,14.74333333,14.46861111,14.44310185,1010.451759,0.000405093,0,199.4238426,2.858810185,208.030787,0.45287037,0.032310185,0.487291667,0,0,20.37962963,48.66134259,9.11275463,19.55717593,9.09362037,1.18617162,0.02344213,213.8078704,93.70842593,17.91026352,18.06574202,17.75963939,72.21359223,12.22649098,1.393619972,0.23332871,3.680166436,17.91026352,18.04008322,18.04008322,1006.976006,0,0,222.2052705,3.185298197,231.3398058,0.591955617,0.042274619,0.653398058,0,0,23.80305132,52.56033287,13.49112344,23.78224688,9.646116505,1.163846602,0.026255201,219.0249653,96.03869626,641.0097
42.041423,0.480219,1315.476608,0.164385,0.191041,0.790148,0.772732,0.728531,0.681251,0.689881,0.803764,0.8919,14.66671296,14.78703704,14.54715278,65.08449074,7.292916667,2.23537037,0.374199074,5.808703704,14.62590278,14.24604167,14.20527778,1009.283958,0.000993056,0.011736111,157.844213,2.262752315,175.0472222,0.252939815,0.018083333,0.303703704,0.020212037,0.004403704,19.2249537,43.74837963,6.445902778,18.04525463,8.36693287,1.191587431,0.019657407,227.4821759,99.41319444,14.76877315,14.91398148,14.6231713,67.87199074,7.953865741,1.965694444,0.329,5.058171296,14.74333333,14.46861111,14.44310185,1010.451759,0.000405093,0,199.4238426,2.858810185,208.030787,0.45287037,0.032310185,0.487291667,0,0,20.37962963,48.66134259,9.11275463,19.55717593,9.09362037,1.18617162,0.02344213,213.8078704,93.70842593,17.91026352,18.06574202,17.75963939,72.21359223,12.22649098,1.393619972,0.23332871,3.680166436,17.91026352,18.04008322,18.04008322,1006.976006,0,0,222.2052705,3.185298197,231.3398058,0.591955617,0.042274619,0.653398058,0,0,23.80305132,52.56033287,13.49112344,23.78224688,9.646116505,1.163846602,0.026255201,219.0249653,96.03869626,630.8865
37.6,0.466671272,1304.867223,0.422,0.814,0.643,0.577,0.647,0.492,0.707,0.724,0.852,17.70236967,17.83751367,17.56646008,67.73022238,10.85267955,1.129784907,0.189125046,4.07218374,17.70014583,17.51421801,17.51195771,1009.123843,0,0,155.5803864,2.230273423,169.7528254,0.036456435,0.002592052,0.051039008,0,0,22.97557419,48.87823551,11.60393729,22.61356179,9.060689027,1.1717716,0.019310973,227.447685,99.4713817,15.86222222,15.99331019,15.73039352,71.93819444,10.11907407,3.675,0.613865741,6.961273148,15.7962037,15.74131944,15.67509259,1009.626273,0.004032407,0.409930556,182.4303241,2.615141204,195.0060185,0.158148148,0.011284722,0.182314815,0,0,21.35208333,52.74444444,11.22569444,20.89444444,9.777634259,1.179106991,0.022712963,221.7655093,97.14708333,17.26907074,17.38973648,17.15048544,78.26213592,13.06477115,3.159500693,0.52778086,6.202080444,17.25381415,17.41636616,17.40124827,1007.800416,0.000693481,0,192.70319,2.762454924,211.5797503,0.323023578,0.023106796,0.379056865,0,0,23.16920943,55.47295423,13.71539528,23.15117892,10.1589043,1.167115534,0.022468793,225.3495146,98.72662968,623
39,0.43,1019,0.372,0.789,0.677,0.57,0.63,0.484,0.71,0.724,0.865,17.70236967,17.83751367,17.56646008,67.73022238,10.85267955,1.129784907,0.189125046,4.07218374,17.70014583,17.51421801,17.51195771,1009.123843,0,0,155.5803864,2.230273423,169.7528254,0.036456435,0.002592052,0.051039008,0,0,22.97557419,48.87823551,11.60393729,22.61356179,9.060689027,1.1717716,0.019310973,227.447685,99.4713817,15.86222222,15.99331019,15.73039352,71.93819444,10.11907407,3.675,0.613865741,6.961273148,15.7962037,15.74131944,15.67509259,1009.626273,0.004032407,0.409930556,182.4303241,2.615141204,195.0060185,0.158148148,0.011284722,0.182314815,0,0,21.35208333,52.74444444,11.22569444,20.89444444,9.777634259,1.179106991,0.022712963,221.7655093,97.14708333,17.26907074,17.38973648,17.15048544,78.26213592,13.06477115,3.159500693,0.52778086,6.202080444,17.25381415,17.41636616,17.40124827,1007.800416,0.000693481,0,192.70319,2.762454924,211.5797503,0.323023578,0.023106796,0.379056865,0,0,23.16920943,55.47295423,13.71539528,23.15117892,10.1589043,1.167115534,0.022468793,225.3495146,98.72662968,437
33.8,0.466671272,1304.867223,0.353,0.81,0.657,0.592,0.64,0.474,0.712,0.724,0.838,17.70236967,17.83751367,17.56646008,67.73022238,10.85267955,1.129784907,0.189125046,4.07218374,17.70014583,17.51421801,17.51195771,1009.123843,0,0,155.5803864,2.230273423,169.7528254,0.036456435,0.002592052,0.051039008,0,0,22.97557419,48.87823551,11.60393729,22.61356179,9.060689027,1.1717716,0.019310973,227.447685,99.4713817,15.86222222,15.99331019,15.73039352,71.93819444,10.11907407,3.675,0.613865741,6.961273148,15.7962037,15.74131944,15.67509259,1009.626273,0.004032407,0.409930556,182.4303241,2.615141204,195.0060185,0.158148148,0.011284722,0.182314815,0,0,21.35208333,52.74444444,11.22569444,20.89444444,9.777634259,1.179106991,0.022712963,221.7655093,97.14708333,17.26907074,17.38973648,17.15048544,78.26213592,13.06477115,3.159500693,0.52778086,6.202080444,17.25381415,17.41636616,17.40124827,1007.800416,0.000693481,0,192.70319,2.762454924,211.5797503,0.323023578,0.023106796,0.379056865,0,0,23.16920943,55.47295423,13.71539528,23.15117892,10.1589043,1.167115534,0.022468793,225.3495146,98.72662968,628
43.3,0.466671272,1304.867223,0.361,0.791,0.64,0.561,0.614,0.39,0.698,0.704,0.826,17.70236967,17.83751367,17.56646008,67.73022238,10.85267955,1.129784907,0.189125046,4.07218374,17.70014583,17.51421801,17.51195771,1009.123843,0,0,155.5803864,2.230273423,169.7528254,0.036456435,0.002592052,0.051039008,0,0,22.97557419,48.87823551,11.60393729,22.61356179,9.060689027,1.1717716,0.019310973,227.447685,99.4713817,15.86222222,15.99331019,15.73039352,71.93819444,10.11907407,3.675,0.613865741,6.961273148,15.7962037,15.74131944,15.67509259,1009.626273,0.004032407,0.409930556,182.4303241,2.615141204,195.0060185,0.158148148,0.011284722,0.182314815,0,0,21.35208333,52.74444444,11.22569444,20.89444444,9.777634259,1.179106991,0.022712963,221.7655093,97.14708333,17.26907074,17.38973648,17.15048544,78.26213592,13.06477115,3.159500693,0.52778086,6.202080444,17.25381415,17.41636616,17.40124827,1007.800416,0.000693481,0,192.70319,2.762454924,211.5797503,0.323023578,0.023106796,0.379056865,0,0,23.16920943,55.47295423,13.71539528,23.15117892,10.1589043,1.167115534,0.022468793,225.3495146,98.72662968,629
40.1,0.466671272,1304.867223,0.454,0.774,0.612,0.469,0.565,0.348,0.684,0.693,0.835,17.70236967,17.83751367,17.56646008,67.73022238,10.85267955,1.129784907,0.189125046,4.07218374,17.70014583,17.51421801,17.51195771,1009.123843,0,0,155.5803864,2.230273423,169.7528254,0.036456435,0.002592052,0.051039008,0,0,22.97557419,48.87823551,11.60393729,22.61356179,9.060689027,1.1717716,0.019310973,227.447685,99.4713817,15.86222222,15.99331019,15.73039352,71.93819444,10.11907407,3.675,0.613865741,6.961273148,15.7962037,15.74131944,15.67509259,1009.626273,0.004032407,0.409930556,182.4303241,2.615141204,195.0060185,0.158148148,0.011284722,0.182314815,0,0,21.35208333,52.74444444,11.22569444,20.89444444,9.777634259,1.179106991,0.022712963,221.7655093,97.14708333,17.26907074,17.38973648,17.15048544,78.26213592,13.06477115,3.159500693,0.52778086,6.202080444,17.25381415,17.41636616,17.40124827,1007.800416,0.000693481,0,192.70319,2.762454924,211.5797503,0.323023578,0.023106796,0.379056865,0,0,23.16920943,55.47295423,13.71539528,23.15117892,10.1589043,1.167115534,0.022468793,225.3495146,98.72662968,524
41.9,0.5,1262,0.504,0.762,0.63,0.527,0.516,0.342,0.702,0.682,0.8,17.70236967,17.83751367,17.56646008,67.73022238,10.85267955,1.129784907,0.189125046,4.07218374,17.70014583,17.51421801,17.51195771,1009.123843,0,0,155.5803864,2.230273423,169.7528254,0.036456435,0.002592052,0.051039008,0,0,22.97557419,48.87823551,11.60393729,22.61356179,9.060689027,1.1717716,0.019310973,227.447685,99.4713817,15.86222222,15.99331019,15.73039352,71.93819444,10.11907407,3.675,0.613865741,6.961273148,15.7962037,15.74131944,15.67509259,1009.626273,0.004032407,0.409930556,182.4303241,2.615141204,195.0060185,0.158148148,0.011284722,0.182314815,0,0,21.35208333,52.74444444,11.22569444,20.89444444,9.777634259,1.179106991,0.022712963,221.7655093,97.14708333,17.26907074,17.38973648,17.15048544,78.26213592,13.06477115,3.159500693,0.52778086,6.202080444,17.25381415,17.41636616,17.40124827,1007.800416,0.000693481,0,192.70319,2.762454924,211.5797503,0.323023578,0.023106796,0.379056865,0,0,23.16920943,55.47295423,13.71539528,23.15117892,10.1589043,1.167115534,0.022468793,225.3495146,98.72662968,633
32.5,0.466671272,1304.867223,0.38,0.783,0.649,0.527,0.565,0.388,0.707,0.71,0.834,17.70236967,17.83751367,17.56646008,67.73022238,10.85267955,1.129784907,0.189125046,4.07218374,17.70014583,17.51421801,17.51195771,1009.123843,0,0,155.5803864,2.230273423,169.7528254,0.036456435,0.002592052,0.051039008,0,0,22.97557419,48.87823551,11.60393729,22.61356179,9.060689027,1.1717716,0.019310973,227.447685,99.4713817,15.86222222,15.99331019,15.73039352,71.93819444,10.11907407,3.675,0.613865741,6.961273148,15.7962037,15.74131944,15.67509259,1009.626273,0.004032407,0.409930556,182.4303241,2.615141204,195.0060185,0.158148148,0.011284722,0.182314815,0,0,21.35208333,52.74444444,11.22569444,20.89444444,9.777634259,1.179106991,0.022712963,221.7655093,97.14708333,17.26907074,17.38973648,17.15048544,78.26213592,13.06477115,3.159500693,0.52778086,6.202080444,17.25381415,17.41636616,17.40124827,1007.800416,0.000693481,0,192.70319,2.762454924,211.5797503,0.323023578,0.023106796,0.379056865,0,0,23.16920943,55.47295423,13.71539528,23.15117892,10.1589043,1.167115534,0.022468793,225.3495146,98.72662968,627
44.1,0.47,971,0.425,0.774,0.613,0.551,0.544,0.372,0.685,0.698,0.827,17.70236967,17.83751367,17.56646008,67.73022238,10.85267955,1.129784907,0.189125046,4.07218374,17.70014583,17.51421801,17.51195771,1009.123843,0,0,155.5803864,2.230273423,169.7528254,0.036456435,0.002592052,0.051039008,0,0,22.97557419,48.87823551,11.60393729,22.61356179,9.060689027,1.1717716,0.019310973,227.447685,99.4713817,15.86222222,15.99331019,15.73039352,71.93819444,10.11907407,3.675,0.613865741,6.961273148,15.7962037,15.74131944,15.67509259,1009.626273,0.004032407,0.409930556,182.4303241,2.615141204,195.0060185,0.158148148,0.011284722,0.182314815,0,0,21.35208333,52.74444444,11.22569444,20.89444444,9.777634259,1.179106991,0.022712963,221.7655093,97.14708333,17.26907074,17.38973648,17.15048544,78.26213592,13.06477115,3.159500693,0.52778086,6.202080444,17.25381415,17.41636616,17.40124827,1007.800416,0.000693481,0,192.70319,2.762454924,211.5797503,0.323023578,0.023106796,0.379056865,0,0,23.16920943,55.47295423,13.71539528,23.15117892,10.1589043,1.167115534,0.022468793,225.3495146,98.72662968,460
34.5,0.466671272,1304.867223,0.376,0.823,0.658,0.545,0.578,0.405,0.704,0.71,0.839,17.70236967,17.83751367,17.56646008,67.73022238,10.85267955,1.129784907,0.189125046,4.07218374,17.70014583,17.51421801,17.51195771,1009.123843,0,0,155.5803864,2.230273423,169.7528254,0.036456435,0.002592052,0.051039008,0,0,22.97557419,48.87823551,11.60393729,22.61356179,9.060689027,1.1717716,0.019310973,227.447685,99.4713817,15.86222222,15.99331019,15.73039352,71.93819444,10.11907407,3.675,0.613865741,6.961273148,15.7962037,15.74131944,15.67509259,1009.626273,0.004032407,0.409930556,182.4303241,2.615141204,195.0060185,0.158148148,0.011284722,0.182314815,0,0,21.35208333,52.74444444,11.22569444,20.89444444,9.777634259,1.179106991,0.022712963,221.7655093,97.14708333,17.26907074,17.38973648,17.15048544,78.26213592,13.06477115,3.159500693,0.52778086,6.202080444,17.25381415,17.41636616,17.40124827,1007.800416,0.000693481,0,192.70319,2.762454924,211.5797503,0.323023578,0.023106796,0.379056865,0,0,23.16920943,55.47295423,13.71539528,23.15117892,10.1589043,1.167115534,0.022468793,225.3495146,98.72662968,651
33.6,0.48,1316,0.445,0.797,0.653,0.533,0.621,0.444,0.718,0.717,0.855,17.70236967,17.83751367,17.56646008,67.73022238,10.85267955,1.129784907,0.189125046,4.07218374,17.70014583,17.51421801,17.51195771,1009.123843,0,0,155.5803864,2.230273423,169.7528254,0.036456435,0.002592052,0.051039008,0,0,22.97557419,48.87823551,11.60393729,22.61356179,9.060689027,1.1717716,0.019310973,227.447685,99.4713817,15.86222222,15.99331019,15.73039352,71.93819444,10.11907407,3.675,0.613865741,6.961273148,15.7962037,15.74131944,15.67509259,1009.626273,0.004032407,0.409930556,182.4303241,2.615141204,195.0060185,0.158148148,0.011284722,0.182314815,0,0,21.35208333,52.74444444,11.22569444,20.89444444,9.777634259,1.179106991,0.022712963,221.7655093,97.14708333,17.26907074,17.38973648,17.15048544,78.26213592,13.06477115,3.159500693,0.52778086,6.202080444,17.25381415,17.41636616,17.40124827,1007.800416,0.000693481,0,192.70319,2.762454924,211.5797503,0.323023578,0.023106796,0.379056865,0,0,23.16920943,55.47295423,13.71539528,23.15117892,10.1589043,1.167115534,0.022468793,225.3495146,98.72662968,645
40.4,0.466671272,1304.867223,0.292,0.768,0.689,0.63,0.616,0.524,0.712,0.706,0.842,17.70236967,17.83751367,17.56646008,67.73022238,10.85267955,1.129784907,0.189125046,4.07218374,17.70014583,17.51421801,17.51195771,1009.123843,0,0,155.5803864,2.230273423,169.7528254,0.036456435,0.002592052,0.051039008,0,0,22.97557419,48.87823551,11.60393729,22.61356179,9.060689027,1.1717716,0.019310973,227.447685,99.4713817,15.86222222,15.99331019,15.73039352,71.93819444,10.11907407,3.675,0.613865741,6.961273148,15.7962037,15.74131944,15.67509259,1009.626273,0.004032407,0.409930556,182.4303241,2.615141204,195.0060185,0.158148148,0.011284722,0.182314815,0,0,21.35208333,52.74444444,11.22569444,20.89444444,9.777634259,1.179106991,0.022712963,221.7655093,97.14708333,17.26907074,17.38973648,17.15048544,78.26213592,13.06477115,3.159500693,0.52778086,6.202080444,17.25381415,17.41636616,17.40124827,1007.800416,0.000693481,0,192.70319,2.762454924,211.5797503,0.323023578,0.023106796,0.379056865,0,0,23.16920943,55.47295423,13.71539528,23.15117892,10.1589043,1.167115534,0.022468793,225.3495146,98.72662968,631
37.9,0.48,1369,0.447,0.821,0.695,0.613,0.634,0.417,0.709,0.704,0.817,17.70236967,17.83751367,17.56646008,67.73022238,10.85267955,1.129784907,0.189125046,4.07218374,17.70014583,17.51421801,17.51195771,1009.123843,0,0,155.5803864,2.230273423,169.7528254,0.036456435,0.002592052,0.051039008,0,0,22.97557419,48.87823551,11.60393729,22.61356179,9.060689027,1.1717716,0.019310973,227.447685,99.4713817,15.86222222,15.99331019,15.73039352,71.93819444,10.11907407,3.675,0.613865741,6.961273148,15.7962037,15.74131944,15.67509259,1009.626273,0.004032407,0.409930556,182.4303241,2.615141204,195.0060185,0.158148148,0.011284722,0.182314815,0,0,21.35208333,52.74444444,11.22569444,20.89444444,9.777634259,1.179106991,0.022712963,221.7655093,97.14708333,17.26907074,17.38973648,17.15048544,78.26213592,13.06477115,3.159500693,0.52778086,6.202080444,17.25381415,17.41636616,17.40124827,1007.800416,0.000693481,0,192.70319,2.762454924,211.5797503,0.323023578,0.023106796,0.379056865,0,0,23.16920943,55.47295423,13.71539528,23.15117892,10.1589043,1.167115534,0.022468793,225.3495146,98.72662968,653
47.9,0.466671272,1304.867223,0.383,0.741,0.585,0.531,0.484,0.342,0.676,0.678,0.794,17.70236967,17.83751367,17.56646008,67.73022238,10.85267955,1.129784907,0.189125046,4.07218374,17.70014583,17.51421801,17.51195771,1009.123843,0,0,155.5803864,2.230273423,169.7528254,0.036456435,0.002592052,0.051039008,0,0,22.97557419,48.87823551,11.60393729,22.61356179,9.060689027,1.1717716,0.019310973,227.447685,99.4713817,15.86222222,15.99331019,15.73039352,71.93819444,10.11907407,3.675,0.613865741,6.961273148,15.7962037,15.74131944,15.67509259,1009.626273,0.004032407,0.409930556,182.4303241,2.615141204,195.0060185,0.158148148,0.011284722,0.182314815,0,0,21.35208333,52.74444444,11.22569444,20.89444444,9.777634259,1.179106991,0.022712963,221.7655093,97.14708333,17.26907074,17.38973648,17.15048544,78.26213592,13.06477115,3.159500693,0.52778086,6.202080444,17.25381415,17.41636616,17.40124827,1007.800416,0.000693481,0,192.70319,2.762454924,211.5797503,0.323023578,0.023106796,0.379056865,0,0,23.16920943,55.47295423,13.71539528,23.15117892,10.1589043,1.167115534,0.022468793,225.3495146,98.72662968,613
40.2,0.466671272,1304.867223,0.316,0.758,0.651,0.522,0.513,0.341,0.698,0.69,0.829,17.70236967,17.83751367,17.56646008,67.73022238,10.85267955,1.129784907,0.189125046,4.07218374,17.70014583,17.51421801,17.51195771,1009.123843,0,0,155.5803864,2.230273423,169.7528254,0.036456435,0.002592052,0.051039008,0,0,22.97557419,48.87823551,11.60393729,22.61356179,9.060689027,1.1717716,0.019310973,227.447685,99.4713817,15.86222222,15.99331019,15.73039352,71.93819444,10.11907407,3.675,0.613865741,6.961273148,15.7962037,15.74131944,15.67509259,1009.626273,0.004032407,0.409930556,182.4303241,2.615141204,195.0060185,0.158148148,0.011284722,0.182314815,0,0,21.35208333,52.74444444,11.22569444,20.89444444,9.777634259,1.179106991,0.022712963,221.7655093,97.14708333,17.26907074,17.38973648,17.15048544,78.26213592,13.06477115,3.159500693,0.52778086,6.202080444,17.25381415,17.41636616,17.40124827,1007.800416,0.000693481,0,192.70319,2.762454924,211.5797503,0.323023578,0.023106796,0.379056865,0,0,23.16920943,55.47295423,13.71539528,23.15117892,10.1589043,1.167115534,0.022468793,225.3495146,98.72662968,533
35,0.466671272,1304.867223,0.493,0.767,0.644,0.564,0.635,0.469,0.704,0.72,0.852,17.70236967,17.83751367,17.56646008,67.73022238,10.85267955,1.129784907,0.189125046,4.07218374,17.70014583,17.51421801,17.51195771,1009.123843,0,0,155.5803864,2.230273423,169.7528254,0.036456435,0.002592052,0.051039008,0,0,22.97557419,48.87823551,11.60393729,22.61356179,9.060689027,1.1717716,0.019310973,227.447685,99.4713817,15.86222222,15.99331019,15.73039352,71.93819444,10.11907407,3.675,0.613865741,6.961273148,15.7962037,15.74131944,15.67509259,1009.626273,0.004032407,0.409930556,182.4303241,2.615141204,195.0060185,0.158148148,0.011284722,0.182314815,0,0,21.35208333,52.74444444,11.22569444,20.89444444,9.777634259,1.179106991,0.022712963,221.7655093,97.14708333,17.26907074,17.38973648,17.15048544,78.26213592,13.06477115,3.159500693,0.52778086,6.202080444,17.25381415,17.41636616,17.40124827,1007.800416,0.000693481,0,192.70319,2.762454924,211.5797503,0.323023578,0.023106796,0.379056865,0,0,23.16920943,55.47295423,13.71539528,23.15117892,10.1589043,1.167115534,0.022468793,225.3495146,98.72662968,588
37.1,0.466671272,1304.867223,0.34,0.729,0.665,0.726,0.724,0.542,0.732,0.745,0.877,17.70236967,17.83751367,17.56646008,67.73022238,10.85267955,1.129784907,0.189125046,4.07218374,17.70014583,17.51421801,17.51195771,1009.123843,0,0,155.5803864,2.230273423,169.7528254,0.036456435,0.002592052,0.051039008,0,0,22.97557419,48.87823551,11.60393729,22.61356179,9.060689027,1.1717716,0.019310973,227.447685,99.4713817,15.86222222,15.99331019,15.73039352,71.93819444,10.11907407,3.675,0.613865741,6.961273148,15.7962037,15.74131944,15.67509259,1009.626273,0.004032407,0.409930556,182.4303241,2.615141204,195.0060185,0.158148148,0.011284722,0.182314815,0,0,21.35208333,52.74444444,11.22569444,20.89444444,9.777634259,1.179106991,0.022712963,221.7655093,97.14708333,17.26907074,17.38973648,17.15048544,78.26213592,13.06477115,3.159500693,0.52778086,6.202080444,17.25381415,17.41636616,17.40124827,1007.800416,0.000693481,0,192.70319,2.762454924,211.5797503,0.323023578,0.023106796,0.379056865,0,0,23.16920943,55.47295423,13.71539528,23.15117892,10.1589043,1.167115534,0.022468793,225.3495146,98.72662968,578
44.7,0.47,1544,0.344,0.787,0.676,0.562,0.603,0.455,0.732,0.738,0.854,17.70236967,17.83751367,17.56646008,67.73022238,10.85267955,1.129784907,0.189125046,4.07218374,17.70014583,17.51421801,17.51195771,1009.123843,0,0,155.5803864,2.230273423,169.7528254,0.036456435,0.002592052,0.051039008,0,0,22.97557419,48.87823551,11.60393729,22.61356179,9.060689027,1.1717716,0.019310973,227.447685,99.4713817,15.86222222,15.99331019,15.73039352,71.93819444,10.11907407,3.675,0.613865741,6.961273148,15.7962037,15.74131944,15.67509259,1009.626273,0.004032407,0.409930556,182.4303241,2.615141204,195.0060185,0.158148148,0.011284722,0.182314815,0,0,21.35208333,52.74444444,11.22569444,20.89444444,9.777634259,1.179106991,0.022712963,221.7655093,97.14708333,17.26907074,17.38973648,17.15048544,78.26213592,13.06477115,3.159500693,0.52778086,6.202080444,17.25381415,17.41636616,17.40124827,1007.800416,0.000693481,0,192.70319,2.762454924,211.5797503,0.323023578,0.023106796,0.379056865,0,0,23.16920943,55.47295423,13.71539528,23.15117892,10.1589043,1.167115534,0.022468793,225.3495146,98.72662968,717
46,0.466671272,1304.867223,0.323,0.716,0.735,0.628,0.693,0.533,0.719,0.724,0.852,17.70236967,17.83751367,17.56646008,67.73022238,10.85267955,1.129784907,0.189125046,4.07218374,17.70014583,17.51421801,17.51195771,1009.123843,0,0,155.5803864,2.230273423,169.7528254,0.036456435,0.002592052,0.051039008,0,0,22.97557419,48.87823551,11.60393729,22.61356179,9.060689027,1.1717716,0.019310973,227.447685,99.4713817,15.86222222,15.99331019,15.73039352,71.93819444,10.11907407,3.675,0.613865741,6.961273148,15.7962037,15.74131944,15.67509259,1009.626273,0.004032407,0.409930556,182.4303241,2.615141204,195.0060185,0.158148148,0.011284722,0.182314815,0,0,21.35208333,52.74444444,11.22569444,20.89444444,9.777634259,1.179106991,0.022712963,221.7655093,97.14708333,17.26907074,17.38973648,17.15048544,78.26213592,13.06477115,3.159500693,0.52778086,6.202080444,17.25381415,17.41636616,17.40124827,1007.800416,0.000693481,0,192.70319,2.762454924,211.5797503,0.323023578,0.023106796,0.379056865,0,0,23.16920943,55.47295423,13.71539528,23.15117892,10.1589043,1.167115534,0.022468793,225.3495146,98.72662968,639
43.3,0.466671272,1304.867223,0.271,0.811,0.677,0.491,0.571,0.423,0.727,0.738,0.844,17.70236967,17.83751367,17.56646008,67.73022238,10.85267955,1.129784907,0.189125046,4.07218374,17.70014583,17.51421801,17.51195771,1009.123843,0,0,155.5803864,2.230273423,169.7528254,0.036456435,0.002592052,0.051039008,0,0,22.97557419,48.87823551,11.60393729,22.61356179,9.060689027,1.1717716,0.019310973,227.447685,99.4713817,15.86222222,15.99331019,15.73039352,71.93819444,10.11907407,3.675,0.613865741,6.961273148,15.7962037,15.74131944,15.67509259,1009.626273,0.004032407,0.409930556,182.4303241,2.615141204,195.0060185,0.158148148,0.011284722,0.182314815,0,0,21.35208333,52.74444444,11.22569444,20.89444444,9.777634259,1.179106991,0.022712963,221.7655093,97.14708333,17.26907074,17.38973648,17.15048544,78.26213592,13.06477115,3.159500693,0.52778086,6.202080444,17.25381415,17.41636616,17.40124827,1007.800416,0.000693481,0,192.70319,2.762454924,211.5797503,0.323023578,0.023106796,0.379056865,0,0,23.16920943,55.47295423,13.71539528,23.15117892,10.1589043,1.167115534,0.022468793,225.3495146,98.72662968,671
40.4,0.466671272,1304.867223,0.395,0.761,0.684,0.648,0.644,0.441,0.71,0.729,0.846,17.70236967,17.83751367,17.56646008,67.73022238,10.85267955,1.129784907,0.189125046,4.07218374,17.70014583,17.51421801,17.51195771,1009.123843,0,0,155.5803864,2.230273423,169.7528254,0.036456435,0.002592052,0.051039008,0,0,22.97557419,48.87823551,11.60393729,22.61356179,9.060689027,1.1717716,0.019310973,227.447685,99.4713817,15.86222222,15.99331019,15.73039352,71.93819444,10.11907407,3.675,0.613865741,6.961273148,15.7962037,15.74131944,15.67509259,1009.626273,0.004032407,0.409930556,182.4303241,2.615141204,195.0060185,0.158148148,0.011284722,0.182314815,0,0,21.35208333,52.74444444,11.22569444,20.89444444,9.777634259,1.179106991,0.022712963,221.7655093,97.14708333,17.26907074,17.38973648,17.15048544,78.26213592,13.06477115,3.159500693,0.52778086,6.202080444,17.25381415,17.41636616,17.40124827,1007.800416,0.000693481,0,192.70319,2.762454924,211.5797503,0.323023578,0.023106796,0.379056865,0,0,23.16920943,55.47295423,13.71539528,23.15117892,10.1589043,1.167115534,0.022468793,225.3495146,98.72662968,672
42.4,0.466671272,1304.867223,0.474,0.807,0.644,0.581,0.675,0.521,0.717,0.737,0.842,17.70236967,17.83751367,17.56646008,67.73022238,10.85267955,1.129784907,0.189125046,4.07218374,17.70014583,17.51421801,17.51195771,1009.123843,0,0,155.5803864,2.230273423,169.7528254,0.036456435,0.002592052,0.051039008,0,0,22.97557419,48.87823551,11.60393729,22.61356179,9.060689027,1.1717716,0.019310973,227.447685,99.4713817,15.86222222,15.99331019,15.73039352,71.93819444,10.11907407,3.675,0.613865741,6.961273148,15.7962037,15.74131944,15.67509259,1009.626273,0.004032407,0.409930556,182.4303241,2.615141204,195.0060185,0.158148148,0.011284722,0.182314815,0,0,21.35208333,52.74444444,11.22569444,20.89444444,9.777634259,1.179106991,0.022712963,221.7655093,97.14708333,17.26907074,17.38973648,17.15048544,78.26213592,13.06477115,3.159500693,0.52778086,6.202080444,17.25381415,17.41636616,17.40124827,1007.800416,0.000693481,0,192.70319,2.762454924,211.5797503,0.323023578,0.023106796,0.379056865,0,0,23.16920943,55.47295423,13.71539528,23.15117892,10.1589043,1.167115534,0.022468793,225.3495146,98.72662968,721
44.2,0.466671272,1304.867223,0.599,0.782,0.681,0.598,0.695,0.488,0.716,0.739,0.868,17.70236967,17.83751367,17.56646008,67.73022238,10.85267955,1.129784907,0.189125046,4.07218374,17.70014583,17.51421801,17.51195771,1009.123843,0,0,155.5803864,2.230273423,169.7528254,0.036456435,0.002592052,0.051039008,0,0,22.97557419,48.87823551,11.60393729,22.61356179,9.060689027,1.1717716,0.019310973,227.447685,99.4713817,15.86222222,15.99331019,15.73039352,71.93819444,10.11907407,3.675,0.613865741,6.961273148,15.7962037,15.74131944,15.67509259,1009.626273,0.004032407,0.409930556,182.4303241,2.615141204,195.0060185,0.158148148,0.011284722,0.182314815,0,0,21.35208333,52.74444444,11.22569444,20.89444444,9.777634259,1.179106991,0.022712963,221.7655093,97.14708333,17.26907074,17.38973648,17.15048544,78.26213592,13.06477115,3.159500693,0.52778086,6.202080444,17.25381415,17.41636616,17.40124827,1007.800416,0.000693481,0,192.70319,2.762454924,211.5797503,0.323023578,0.023106796,0.379056865,0,0,23.16920943,55.47295423,13.71539528,23.15117892,10.1589043,1.167115534,0.022468793,225.3495146,98.72662968,778
41.3,0.466671272,1304.867223,0.436,0.728,0.621,0.602,0.634,0.478,0.697,0.709,0.843,17.70236967,17.83751367,17.56646008,67.73022238,10.85267955,1.129784907,0.189125046,4.07218374,17.70014583,17.51421801,17.51195771,1009.123843,0,0,155.5803864,2.230273423,169.7528254,0.036456435,0.002592052,0.051039008,0,0,22.97557419,48.87823551,11.60393729,22.61356179,9.060689027,1.1717716,0.019310973,227.447685,99.4713817,15.86222222,15.99331019,15.73039352,71.93819444,10.11907407,3.675,0.613865741,6.961273148,15.7962037,15.74131944,15.67509259,1009.626273,0.004032407,0.409930556,182.4303241,2.615141204,195.0060185,0.158148148,0.011284722,0.182314815,0,0,21.35208333,52.74444444,11.22569444,20.89444444,9.777634259,1.179106991,0.022712963,221.7655093,97.14708333,17.26907074,17.38973648,17.15048544,78.26213592,13.06477115,3.159500693,0.52778086,6.202080444,17.25381415,17.41636616,17.40124827,1007.800416,0.000693481,0,192.70319,2.762454924,211.5797503,0.323023578,0.023106796,0.379056865,0,0,23.16920943,55.47295423,13.71539528,23.15117892,10.1589043,1.167115534,0.022468793,225.3495146,98.72662968,709
45.7,0.47,1681,0.288058647,0.756,0.716,0.649,0.703,0.578,0.718,0.738,0.865,17.70236967,17.83751367,17.56646008,67.73022238,10.85267955,1.129784907,0.189125046,4.07218374,17.70014583,17.51421801,17.51195771,1009.123843,0,0,155.5803864,2.230273423,169.7528254,0.036456435,0.002592052,0.051039008,0,0,22.97557419,48.87823551,11.60393729,22.61356179,9.060689027,1.1717716,0.019310973,227.447685,99.4713817,15.86222222,15.99331019,15.73039352,71.93819444,10.11907407,3.675,0.613865741,6.961273148,15.7962037,15.74131944,15.67509259,1009.626273,0.004032407,0.409930556,182.4303241,2.615141204,195.0060185,0.158148148,0.011284722,0.182314815,0,0,21.35208333,52.74444444,11.22569444,20.89444444,9.777634259,1.179106991,0.022712963,221.7655093,97.14708333,17.26907074,17.38973648,17.15048544,78.26213592,13.06477115,3.159500693,0.52778086,6.202080444,17.25381415,17.41636616,17.40124827,1007.800416,0.000693481,0,192.70319,2.762454924,211.5797503,0.323023578,0.023106796,0.379056865,0,0,23.16920943,55.47295423,13.71539528,23.15117892,10.1589043,1.167115534,0.022468793,225.3495146,98.72662968,783
49,0.466671272,1304.867223,0.288058647,0.793,0.648,0.625,0.688,0.514,0.712,0.722,0.839,17.70236967,17.83751367,17.56646008,67.73022238,10.85267955,1.129784907,0.189125046,4.07218374,17.70014583,17.51421801,17.51195771,1009.123843,0,0,155.5803864,2.230273423,169.7528254,0.036456435,0.002592052,0.051039008,0,0,22.97557419,48.87823551,11.60393729,22.61356179,9.060689027,1.1717716,0.019310973,227.447685,99.4713817,15.86222222,15.99331019,15.73039352,71.93819444,10.11907407,3.675,0.613865741,6.961273148,15.7962037,15.74131944,15.67509259,1009.626273,0.004032407,0.409930556,182.4303241,2.615141204,195.0060185,0.158148148,0.011284722,0.182314815,0,0,21.35208333,52.74444444,11.22569444,20.89444444,9.777634259,1.179106991,0.022712963,221.7655093,97.14708333,17.26907074,17.38973648,17.15048544,78.26213592,13.06477115,3.159500693,0.52778086,6.202080444,17.25381415,17.41636616,17.40124827,1007.800416,0.000693481,0,192.70319,2.762454924,211.5797503,0.323023578,0.023106796,0.379056865,0,0,23.16920943,55.47295423,13.71539528,23.15117892,10.1589043,1.167115534,0.022468793,225.3495146,98.72662968,724
40.8,0.47,1222,0.614,0.724,0.73,0.61,0.584,0.428,0.708,0.706,0.841,17.70236967,17.83751367,17.56646008,67.73022238,10.85267955,1.129784907,0.189125046,4.07218374,17.70014583,17.51421801,17.51195771,1009.123843,0,0,155.5803864,2.230273423,169.7528254,0.036456435,0.002592052,0.051039008,0,0,22.97557419,48.87823551,11.60393729,22.61356179,9.060689027,1.1717716,0.019310973,227.447685,99.4713817,15.86222222,15.99331019,15.73039352,71.93819444,10.11907407,3.675,0.613865741,6.961273148,15.7962037,15.74131944,15.67509259,1009.626273,0.004032407,0.409930556,182.4303241,2.615141204,195.0060185,0.158148148,0.011284722,0.182314815,0,0,21.35208333,52.74444444,11.22569444,20.89444444,9.777634259,1.179106991,0.022712963,221.7655093,97.14708333,17.26907074,17.38973648,17.15048544,78.26213592,13.06477115,3.159500693,0.52778086,6.202080444,17.25381415,17.41636616,17.40124827,1007.800416,0.000693481,0,192.70319,2.762454924,211.5797503,0.323023578,0.023106796,0.379056865,0,0,23.16920943,55.47295423,13.71539528,23.15117892,10.1589043,1.167115534,0.022468793,225.3495146,98.72662968,589
38.3,0.466671272,1304.867223,0.424,0.787,0.644,0.551,0.594,0.459,0.685,0.687,0.809,17.70236967,17.83751367,17.56646008,67.73022238,10.85267955,1.129784907,0.189125046,4.07218374,17.70014583,17.51421801,17.51195771,1009.123843,0,0,155.5803864,2.230273423,169.7528254,0.036456435,0.002592052,0.051039008,0,0,22.97557419,48.87823551,11.60393729,22.61356179,9.060689027,1.1717716,0.019310973,227.447685,99.4713817,15.86222222,15.99331019,15.73039352,71.93819444,10.11907407,3.675,0.613865741,6.961273148,15.7962037,15.74131944,15.67509259,1009.626273,0.004032407,0.409930556,182.4303241,2.615141204,195.0060185,0.158148148,0.011284722,0.182314815,0,0,21.35208333,52.74444444,11.22569444,20.89444444,9.777634259,1.179106991,0.022712963,221.7655093,97.14708333,17.26907074,17.38973648,17.15048544,78.26213592,13.06477115,3.159500693,0.52778086,6.202080444,17.25381415,17.41636616,17.40124827,1007.800416,0.000693481,0,192.70319,2.762454924,211.5797503,0.323023578,0.023106796,0.379056865,0,0,23.16920943,55.47295423,13.71539528,23.15117892,10.1589043,1.167115534,0.022468793,225.3495146,98.72662968,517
34.2,0.466671272,1304.867223,0.276,0.765,0.674,0.602,0.607,0.456,0.708,0.716,0.852,17.70236967,17.83751367,17.56646008,67.73022238,10.85267955,1.129784907,0.189125046,4.07218374,17.70014583,17.51421801,17.51195771,1009.123843,0,0,155.5803864,2.230273423,169.7528254,0.036456435,0.002592052,0.051039008,0,0,22.97557419,48.87823551,11.60393729,22.61356179,9.060689027,1.1717716,0.019310973,227.447685,99.4713817,15.86222222,15.99331019,15.73039352,71.93819444,10.11907407,3.675,0.613865741,6.961273148,15.7962037,15.74131944,15.67509259,1009.626273,0.004032407,0.409930556,182.4303241,2.615141204,195.0060185,0.158148148,0.011284722,0.182314815,0,0,21.35208333,52.74444444,11.22569444,20.89444444,9.777634259,1.179106991,0.022712963,221.7655093,97.14708333,17.26907074,17.38973648,17.15048544,78.26213592,13.06477115,3.159500693,0.52778086,6.202080444,17.25381415,17.41636616,17.40124827,1007.800416,0.000693481,0,192.70319,2.762454924,211.5797503,0.323023578,0.023106796,0.379056865,0,0,23.16920943,55.47295423,13.71539528,23.15117892,10.1589043,1.167115534,0.022468793,225.3495146,98.72662968,643
35.9,0.466671272,1304.867223,0.255,0.764,0.662,0.58,0.62,0.455,0.72,0.727,0.861,17.70236967,17.83751367,17.56646008,67.73022238,10.85267955,1.129784907,0.189125046,4.07218374,17.70014583,17.51421801,17.51195771,1009.123843,0,0,155.5803864,2.230273423,169.7528254,0.036456435,0.002592052,0.051039008,0,0,22.97557419,48.87823551,11.60393729,22.61356179,9.060689027,1.1717716,0.019310973,227.447685,99.4713817,15.86222222,15.99331019,15.73039352,71.93819444,10.11907407,3.675,0.613865741,6.961273148,15.7962037,15.74131944,15.67509259,1009.626273,0.004032407,0.409930556,182.4303241,2.615141204,195.0060185,0.158148148,0.011284722,0.182314815,0,0,21.35208333,52.74444444,11.22569444,20.89444444,9.777634259,1.179106991,0.022712963,221.7655093,97.14708333,17.26907074,17.38973648,17.15048544,78.26213592,13.06477115,3.159500693,0.52778086,6.202080444,17.25381415,17.41636616,17.40124827,1007.800416,0.000693481,0,192.70319,2.762454924,211.5797503,0.323023578,0.023106796,0.379056865,0,0,23.16920943,55.47295423,13.71539528,23.15117892,10.1589043,1.167115534,0.022468793,225.3495146,98.72662968,632
40,0.466671272,1304.867223,0.449,0.755,0.618,0.559,0.628,0.443,0.705,0.738,0.859,17.70236967,17.83751367,17.56646008,67.73022238,10.85267955,1.129784907,0.189125046,4.07218374,17.70014583,17.51421801,17.51195771,1009.123843,0,0,155.5803864,2.230273423,169.7528254,0.036456435,0.002592052,0.051039008,0,0,22.97557419,48.87823551,11.60393729,22.61356179,9.060689027,1.1717716,0.019310973,227.447685,99.4713817,15.86222222,15.99331019,15.73039352,71.93819444,10.11907407,3.675,0.613865741,6.961273148,15.7962037,15.74131944,15.67509259,1009.626273,0.004032407,0.409930556,182.4303241,2.615141204,195.0060185,0.158148148,0.011284722,0.182314815,0,0,21.35208333,52.74444444,11.22569444,20.89444444,9.777634259,1.179106991,0.022712963,221.7655093,97.14708333,17.26907074,17.38973648,17.15048544,78.26213592,13.06477115,3.159500693,0.52778086,6.202080444,17.25381415,17.41636616,17.40124827,1007.800416,0.000693481,0,192.70319,2.762454924,211.5797503,0.323023578,0.023106796,0.379056865,0,0,23.16920943,55.47295423,13.71539528,23.15117892,10.1589043,1.167115534,0.022468793,225.3495146,98.72662968,592
40.1,0.466671272,1304.867223,0.29,0.779,0.611,0.568,0.642,0.453,0.698,0.689,0.812,17.70236967,17.83751367,17.56646008,67.73022238,10.85267955,1.129784907,0.189125046,4.07218374,17.70014583,17.51421801,17.51195771,1009.123843,0,0,155.5803864,2.230273423,169.7528254,0.036456435,0.002592052,0.051039008,0,0,22.97557419,48.87823551,11.60393729,22.61356179,9.060689027,1.1717716,0.019310973,227.447685,99.4713817,15.86222222,15.99331019,15.73039352,71.93819444,10.11907407,3.675,0.613865741,6.961273148,15.7962037,15.74131944,15.67509259,1009.626273,0.004032407,0.409930556,182.4303241,2.615141204,195.0060185,0.158148148,0.011284722,0.182314815,0,0,21.35208333,52.74444444,11.22569444,20.89444444,9.777634259,1.179106991,0.022712963,221.7655093,97.14708333,17.26907074,17.38973648,17.15048544,78.26213592,13.06477115,3.159500693,0.52778086,6.202080444,17.25381415,17.41636616,17.40124827,1007.800416,0.000693481,0,192.70319,2.762454924,211.5797503,0.323023578,0.023106796,0.379056865,0,0,23.16920943,55.47295423,13.71539528,23.15117892,10.1589043,1.167115534,0.022468793,225.3495146,98.72662968,584
42.5,0.466671272,1304.867223,0.454,0.759,0.688,0.631,0.625,0.406,0.69,0.665,0.797,17.70236967,17.83751367,17.56646008,67.73022238,10.85267955,1.129784907,0.189125046,4.07218374,17.70014583,17.51421801,17.51195771,1009.123843,0,0,155.5803864,2.230273423,169.7528254,0.036456435,0.002592052,0.051039008,0,0,22.97557419,48.87823551,11.60393729,22.61356179,9.060689027,1.1717716,0.019310973,227.447685,99.4713817,15.86222222,15.99331019,15.73039352,71.93819444,10.11907407,3.675,0.613865741,6.961273148,15.7962037,15.74131944,15.67509259,1009.626273,0.004032407,0.409930556,182.4303241,2.615141204,195.0060185,0.158148148,0.011284722,0.182314815,0,0,21.35208333,52.74444444,11.22569444,20.89444444,9.777634259,1.179106991,0.022712963,221.7655093,97.14708333,17.26907074,17.38973648,17.15048544,78.26213592,13.06477115,3.159500693,0.52778086,6.202080444,17.25381415,17.41636616,17.40124827,1007.800416,0.000693481,0,192.70319,2.762454924,211.5797503,0.323023578,0.023106796,0.379056865,0,0,23.16920943,55.47295423,13.71539528,23.15117892,10.1589043,1.167115534,0.022468793,225.3495146,98.72662968,654
43.5,0.466671272,1304.867223,0.317,0.785,0.527,0.482,0.633,0.45,0.693,0.707,0.837,17.70236967,17.83751367,17.56646008,67.73022238,10.85267955,1.129784907,0.189125046,4.07218374,17.70014583,17.51421801,17.51195771,1009.123843,0,0,155.5803864,2.230273423,169.7528254,0.036456435,0.002592052,0.051039008,0,0,22.97557419,48.87823551,11.60393729,22.61356179,9.060689027,1.1717716,0.019310973,227.447685,99.4713817,15.86222222,15.99331019,15.73039352,71.93819444,10.11907407,3.675,0.613865741,6.961273148,15.7962037,15.74131944,15.67509259,1009.626273,0.004032407,0.409930556,182.4303241,2.615141204,195.0060185,0.158148148,0.011284722,0.182314815,0,0,21.35208333,52.74444444,11.22569444,20.89444444,9.777634259,1.179106991,0.022712963,221.7655093,97.14708333,17.26907074,17.38973648,17.15048544,78.26213592,13.06477115,3.159500693,0.52778086,6.202080444,17.25381415,17.41636616,17.40124827,1007.800416,0.000693481,0,192.70319,2.762454924,211.5797503,0.323023578,0.023106796,0.379056865,0,0,23.16920943,55.47295423,13.71539528,23.15117892,10.1589043,1.167115534,0.022468793,225.3495146,98.72662968,616
43.6,0.466671272,1304.867223,0.288058647,0.821,0.696,0.589,0.612,0.5,0.694,0.708,0.843,17.70236967,17.83751367,17.56646008,67.73022238,10.85267955,1.129784907,0.189125046,4.07218374,17.70014583,17.51421801,17.51195771,1009.123843,0,0,155.5803864,2.230273423,169.7528254,0.036456435,0.002592052,0.051039008,0,0,22.97557419,48.87823551,11.60393729,22.61356179,9.060689027,1.1717716,0.019310973,227.447685,99.4713817,15.86222222,15.99331019,15.73039352,71.93819444,10.11907407,3.675,0.613865741,6.961273148,15.7962037,15.74131944,15.67509259,1009.626273,0.004032407,0.409930556,182.4303241,2.615141204,195.0060185,0.158148148,0.011284722,0.182314815,0,0,21.35208333,52.74444444,11.22569444,20.89444444,9.777634259,1.179106991,0.022712963,221.7655093,97.14708333,17.26907074,17.38973648,17.15048544,78.26213592,13.06477115,3.159500693,0.52778086,6.202080444,17.25381415,17.41636616,17.40124827,1007.800416,0.000693481,0,192.70319,2.762454924,211.5797503,0.323023578,0.023106796,0.379056865,0,0,23.16920943,55.47295423,13.71539528,23.15117892,10.1589043,1.167115534,0.022468793,225.3495146,98.72662968,632
45.7,0.466671272,1304.867223,0.48,0.783,0.601,0.486,0.532,0.466,0.705,0.726,0.851,17.70236967,17.83751367,17.56646008,67.73022238,10.85267955,1.129784907,0.189125046,4.07218374,17.70014583,17.51421801,17.51195771,1009.123843,0,0,155.5803864,2.230273423,169.7528254,0.036456435,0.002592052,0.051039008,0,0,22.97557419,48.87823551,11.60393729,22.61356179,9.060689027,1.1717716,0.019310973,227.447685,99.4713817,15.86222222,15.99331019,15.73039352,71.93819444,10.11907407,3.675,0.613865741,6.961273148,15.7962037,15.74131944,15.67509259,1009.626273,0.004032407,0.409930556,182.4303241,2.615141204,195.0060185,0.158148148,0.011284722,0.182314815,0,0,21.35208333,52.74444444,11.22569444,20.89444444,9.777634259,1.179106991,0.022712963,221.7655093,97.14708333,17.26907074,17.38973648,17.15048544,78.26213592,13.06477115,3.159500693,0.52778086,6.202080444,17.25381415,17.41636616,17.40124827,1007.800416,0.000693481,0,192.70319,2.762454924,211.5797503,0.323023578,0.023106796,0.379056865,0,0,23.16920943,55.47295423,13.71539528,23.15117892,10.1589043,1.167115534,0.022468793,225.3495146,98.72662968,666
39.7,0.466671272,1304.867223,0.185,0.772,0.625,0.54,0.612,0.494,0.687,0.713,0.848,17.70236967,17.83751367,17.56646008,67.73022238,10.85267955,1.129784907,0.189125046,4.07218374,17.70014583,17.51421801,17.51195771,1009.123843,0,0,155.5803864,2.230273423,169.7528254,0.036456435,0.002592052,0.051039008,0,0,22.97557419,48.87823551,11.60393729,22.61356179,9.060689027,1.1717716,0.019310973,227.447685,99.4713817,15.86222222,15.99331019,15.73039352,71.93819444,10.11907407,3.675,0.613865741,6.961273148,15.7962037,15.74131944,15.67509259,1009.626273,0.004032407,0.409930556,182.4303241,2.615141204,195.0060185,0.158148148,0.011284722,0.182314815,0,0,21.35208333,52.74444444,11.22569444,20.89444444,9.777634259,1.179106991,0.022712963,221.7655093,97.14708333,17.26907074,17.38973648,17.15048544,78.26213592,13.06477115,3.159500693,0.52778086,6.202080444,17.25381415,17.41636616,17.40124827,1007.800416,0.000693481,0,192.70319,2.762454924,211.5797503,0.323023578,0.023106796,0.379056865,0,0,23.16920943,55.47295423,13.71539528,23.15117892,10.1589043,1.167115534,0.022468793,225.3495146,98.72662968,553
33.1,0.466671272,1304.867223,0.774,0.739,0.574,0.583,0.659,0.491,0.699,0.724,0.857,17.70236967,17.83751367,17.56646008,67.73022238,10.85267955,1.129784907,0.189125046,4.07218374,17.70014583,17.51421801,17.51195771,1009.123843,0,0,155.5803864,2.230273423,169.7528254,0.036456435,0.002592052,0.051039008,0,0,22.97557419,48.87823551,11.60393729,22.61356179,9.060689027,1.1717716,0.019310973,227.447685,99.4713817,15.86222222,15.99331019,15.73039352,71.93819444,10.11907407,3.675,0.613865741,6.961273148,15.7962037,15.74131944,15.67509259,1009.626273,0.004032407,0.409930556,182.4303241,2.615141204,195.0060185,0.158148148,0.011284722,0.182314815,0,0,21.35208333,52.74444444,11.22569444,20.89444444,9.777634259,1.179106991,0.022712963,221.7655093,97.14708333,17.26907074,17.38973648,17.15048544,78.26213592,13.06477115,3.159500693,0.52778086,6.202080444,17.25381415,17.41636616,17.40124827,1007.800416,0.000693481,0,192.70319,2.762454924,211.5797503,0.323023578,0.023106796,0.379056865,0,0,23.16920943,55.47295423,13.71539528,23.15117892,10.1589043,1.167115534,0.022468793,225.3495146,98.72662968,638
37.7,0.466671272,1304.867223,0.262,0.789,0.602,0.598,0.623,0.435,0.7,0.723,0.823,17.70236967,17.83751367,17.56646008,67.73022238,10.85267955,1.129784907,0.189125046,4.07218374,17.70014583,17.51421801,17.51195771,1009.123843,0,0,155.5803864,2.230273423,169.7528254,0.036456435,0.002592052,0.051039008,0,0,22.97557419,48.87823551,11.60393729,22.61356179,9.060689027,1.1717716,0.019310973,227.447685,99.4713817,15.86222222,15.99331019,15.73039352,71.93819444,10.11907407,3.675,0.613865741,6.961273148,15.7962037,15.74131944,15.67509259,1009.626273,0.004032407,0.409930556,182.4303241,2.615141204,195.0060185,0.158148148,0.011284722,0.182314815,0,0,21.35208333,52.74444444,11.22569444,20.89444444,9.777634259,1.179106991,0.022712963,221.7655093,97.14708333,17.26907074,17.38973648,17.15048544,78.26213592,13.06477115,3.159500693,0.52778086,6.202080444,17.25381415,17.41636616,17.40124827,1007.800416,0.000693481,0,192.70319,2.762454924,211.5797503,0.323023578,0.023106796,0.379056865,0,0,23.16920943,55.47295423,13.71539528,23.15117892,10.1589043,1.167115534,0.022468793,225.3495146,98.72662968,669
38,0.466671272,1304.867223,0.288058647,0.769,0.665,0.599,0.666,0.475,0.708,0.734,0.853,17.70236967,17.83751367,17.56646008,67.73022238,10.85267955,1.129784907,0.189125046,4.07218374,17.70014583,17.51421801,17.51195771,1009.123843,0,0,155.5803864,2.230273423,169.7528254,0.036456435,0.002592052,0.051039008,0,0,22.97557419,48.87823551,11.60393729,22.61356179,9.060689027,1.1717716,0.019310973,227.447685,99.4713817,15.86222222,15.99331019,15.73039352,71.93819444,10.11907407,3.675,0.613865741,6.961273148,15.7962037,15.74131944,15.67509259,1009.626273,0.004032407,0.409930556,182.4303241,2.615141204,195.0060185,0.158148148,0.011284722,0.182314815,0,0,21.35208333,52.74444444,11.22569444,20.89444444,9.777634259,1.179106991,0.022712963,221.7655093,97.14708333,17.26907074,17.38973648,17.15048544,78.26213592,13.06477115,3.159500693,0.52778086,6.202080444,17.25381415,17.41636616,17.40124827,1007.800416,0.000693481,0,192.70319,2.762454924,211.5797503,0.323023578,0.023106796,0.379056865,0,0,23.16920943,55.47295423,13.71539528,23.15117892,10.1589043,1.167115534,0.022468793,225.3495146,98.72662968,603
32.2,0.466671272,1304.867223,0.43,0.779,0.687,0.506,0.52,0.353,0.717,0.729,0.854,17.70236967,17.83751367,17.56646008,67.73022238,10.85267955,1.129784907,0.189125046,4.07218374,17.70014583,17.51421801,17.51195771,1009.123843,0,0,155.5803864,2.230273423,169.7528254,0.036456435,0.002592052,0.051039008,0,0,22.97557419,48.87823551,11.60393729,22.61356179,9.060689027,1.1717716,0.019310973,227.447685,99.4713817,15.86222222,15.99331019,15.73039352,71.93819444,10.11907407,3.675,0.613865741,6.961273148,15.7962037,15.74131944,15.67509259,1009.626273,0.004032407,0.409930556,182.4303241,2.615141204,195.0060185,0.158148148,0.011284722,0.182314815,0,0,21.35208333,52.74444444,11.22569444,20.89444444,9.777634259,1.179106991,0.022712963,221.7655093,97.14708333,17.26907074,17.38973648,17.15048544,78.26213592,13.06477115,3.159500693,0.52778086,6.202080444,17.25381415,17.41636616,17.40124827,1007.800416,0.000693481,0,192.70319,2.762454924,211.5797503,0.323023578,0.023106796,0.379056865,0,0,23.16920943,55.47295423,13.71539528,23.15117892,10.1589043,1.167115534,0.022468793,225.3495146,98.72662968,606
42,0.466671272,1304.867223,0.271,0.792,0.707,0.66,0.64,0.497,0.717,0.723,0.845,17.70236967,17.83751367,17.56646008,67.73022238,10.85267955,1.129784907,0.189125046,4.07218374,17.70014583,17.51421801,17.51195771,1009.123843,0,0,155.5803864,2.230273423,169.7528254,0.036456435,0.002592052,0.051039008,0,0,22.97557419,48.87823551,11.60393729,22.61356179,9.060689027,1.1717716,0.019310973,227.447685,99.4713817,15.86222222,15.99331019,15.73039352,71.93819444,10.11907407,3.675,0.613865741,6.961273148,15.7962037,15.74131944,15.67509259,1009.626273,0.004032407,0.409930556,182.4303241,2.615141204,195.0060185,0.158148148,0.011284722,0.182314815,0,0,21.35208333,52.74444444,11.22569444,20.89444444,9.777634259,1.179106991,0.022712963,221.7655093,97.14708333,17.26907074,17.38973648,17.15048544,78.26213592,13.06477115,3.159500693,0.52778086,6.202080444,17.25381415,17.41636616,17.40124827,1007.800416,0.000693481,0,192.70319,2.762454924,211.5797503,0.323023578,0.023106796,0.379056865,0,0,23.16920943,55.47295423,13.71539528,23.15117892,10.1589043,1.167115534,0.022468793,225.3495146,98.72662968,738
44.3,0.466671272,1304.867223,0.351,0.775,0.621,0.531,0.622,0.461,0.695,0.699,0.815,17.70236967,17.83751367,17.56646008,67.73022238,10.85267955,1.129784907,0.189125046,4.07218374,17.70014583,17.51421801,17.51195771,1009.123843,0,0,155.5803864,2.230273423,169.7528254,0.036456435,0.002592052,0.051039008,0,0,22.97557419,48.87823551,11.60393729,22.61356179,9.060689027,1.1717716,0.019310973,227.447685,99.4713817,15.86222222,15.99331019,15.73039352,71.93819444,10.11907407,3.675,0.613865741,6.961273148,15.7962037,15.74131944,15.67509259,1009.626273,0.004032407,0.409930556,182.4303241,2.615141204,195.0060185,0.158148148,0.011284722,0.182314815,0,0,21.35208333,52.74444444,11.22569444,20.89444444,9.777634259,1.179106991,0.022712963,221.7655093,97.14708333,17.26907074,17.38973648,17.15048544,78.26213592,13.06477115,3.159500693,0.52778086,6.202080444,17.25381415,17.41636616,17.40124827,1007.800416,0.000693481,0,192.70319,2.762454924,211.5797503,0.323023578,0.023106796,0.379056865,0,0,23.16920943,55.47295423,13.71539528,23.15117892,10.1589043,1.167115534,0.022468793,225.3495146,98.72662968,663
40.3,0.466671272,1304.867223,0.327,0.79,0.71,0.657,0.676,0.564,0.7,0.711,0.848,17.70236967,17.83751367,17.56646008,67.73022238,10.85267955,1.129784907,0.189125046,4.07218374,17.70014583,17.51421801,17.51195771,1009.123843,0,0,155.5803864,2.230273423,169.7528254,0.036456435,0.002592052,0.051039008,0,0,22.97557419,48.87823551,11.60393729,22.61356179,9.060689027,1.1717716,0.019310973,227.447685,99.4713817,15.86222222,15.99331019,15.73039352,71.93819444,10.11907407,3.675,0.613865741,6.961273148,15.7962037,15.74131944,15.67509259,1009.626273,0.004032407,0.409930556,182.4303241,2.615141204,195.0060185,0.158148148,0.011284722,0.182314815,0,0,21.35208333,52.74444444,11.22569444,20.89444444,9.777634259,1.179106991,0.022712963,221.7655093,97.14708333,17.26907074,17.38973648,17.15048544,78.26213592,13.06477115,3.159500693,0.52778086,6.202080444,17.25381415,17.41636616,17.40124827,1007.800416,0.000693481,0,192.70319,2.762454924,211.5797503,0.323023578,0.023106796,0.379056865,0,0,23.16920943,55.47295423,13.71539528,23.15117892,10.1589043,1.167115534,0.022468793,225.3495146,98.72662968,723
43.8,0.466671272,1304.867223,0.466,0.799,0.61,0.584,0.643,0.446,0.697,0.717,0.846,17.70236967,17.83751367,17.56646008,67.73022238,10.85267955,1.129784907,0.189125046,4.07218374,17.70014583,17.51421801,17.51195771,1009.123843,0,0,155.5803864,2.230273423,169.7528254,0.036456435,0.002592052,0.051039008,0,0,22.97557419,48.87823551,11.60393729,22.61356179,9.060689027,1.1717716,0.019310973,227.447685,99.4713817,15.86222222,15.99331019,15.73039352,71.93819444,10.11907407,3.675,0.613865741,6.961273148,15.7962037,15.74131944,15.67509259,1009.626273,0.004032407,0.409930556,182.4303241,2.615141204,195.0060185,0.158148148,0.011284722,0.182314815,0,0,21.35208333,52.74444444,11.22569444,20.89444444,9.777634259,1.179106991,0.022712963,221.7655093,97.14708333,17.26907074,17.38973648,17.15048544,78.26213592,13.06477115,3.159500693,0.52778086,6.202080444,17.25381415,17.41636616,17.40124827,1007.800416,0.000693481,0,192.70319,2.762454924,211.5797503,0.323023578,0.023106796,0.379056865,0,0,23.16920943,55.47295423,13.71539528,23.15117892,10.1589043,1.167115534,0.022468793,225.3495146,98.72662968,622
37,0.466671272,1304.867223,0.288058647,0.774,0.609,0.538,0.596,0.462,0.706,0.722,0.843,17.70236967,17.83751367,17.56646008,67.73022238,10.85267955,1.129784907,0.189125046,4.07218374,17.70014583,17.51421801,17.51195771,1009.123843,0,0,155.5803864,2.230273423,169.7528254,0.036456435,0.002592052,0.051039008,0,0,22.97557419,48.87823551,11.60393729,22.61356179,9.060689027,1.1717716,0.019310973,227.447685,99.4713817,15.86222222,15.99331019,15.73039352,71.93819444,10.11907407,3.675,0.613865741,6.961273148,15.7962037,15.74131944,15.67509259,1009.626273,0.004032407,0.409930556,182.4303241,2.615141204,195.0060185,0.158148148,0.011284722,0.182314815,0,0,21.35208333,52.74444444,11.22569444,20.89444444,9.777634259,1.179106991,0.022712963,221.7655093,97.14708333,17.26907074,17.38973648,17.15048544,78.26213592,13.06477115,3.159500693,0.52778086,6.202080444,17.25381415,17.41636616,17.40124827,1007.800416,0.000693481,0,192.70319,2.762454924,211.5797503,0.323023578,0.023106796,0.379056865,0,0,23.16920943,55.47295423,13.71539528,23.15117892,10.1589043,1.167115534,0.022468793,225.3495146,98.72662968,553
32.6,0.466671272,1304.867223,0.395,0.802,0.671,0.553,0.664,0.435,0.709,0.719,0.836,17.70236967,17.83751367,17.56646008,67.73022238,10.85267955,1.129784907,0.189125046,4.07218374,17.70014583,17.51421801,17.51195771,1009.123843,0,0,155.5803864,2.230273423,169.7528254,0.036456435,0.002592052,0.051039008,0,0,22.97557419,48.87823551,11.60393729,22.61356179,9.060689027,1.1717716,0.019310973,227.447685,99.4713817,15.86222222,15.99331019,15.73039352,71.93819444,10.11907407,3.675,0.613865741,6.961273148,15.7962037,15.74131944,15.67509259,1009.626273,0.004032407,0.409930556,182.4303241,2.615141204,195.0060185,0.158148148,0.011284722,0.182314815,0,0,21.35208333,52.74444444,11.22569444,20.89444444,9.777634259,1.179106991,0.022712963,221.7655093,97.14708333,17.26907074,17.38973648,17.15048544,78.26213592,13.06477115,3.159500693,0.52778086,6.202080444,17.25381415,17.41636616,17.40124827,1007.800416,0.000693481,0,192.70319,2.762454924,211.5797503,0.323023578,0.023106796,0.379056865,0,0,23.16920943,55.47295423,13.71539528,23.15117892,10.1589043,1.167115534,0.022468793,225.3495146,98.72662968,628
44,0.466671272,1304.867223,0.337,0.792,0.722,0.65,0.676,0.545,0.716,0.735,0.859,17.70236967,17.83751367,17.56646008,67.73022238,10.85267955,1.129784907,0.189125046,4.07218374,17.70014583,17.51421801,17.51195771,1009.123843,0,0,155.5803864,2.230273423,169.7528254,0.036456435,0.002592052,0.051039008,0,0,22.97557419,48.87823551,11.60393729,22.61356179,9.060689027,1.1717716,0.019310973,227.447685,99.4713817,15.86222222,15.99331019,15.73039352,71.93819444,10.11907407,3.675,0.613865741,6.961273148,15.7962037,15.74131944,15.67509259,1009.626273,0.004032407,0.409930556,182.4303241,2.615141204,195.0060185,0.158148148,0.011284722,0.182314815,0,0,21.35208333,52.74444444,11.22569444,20.89444444,9.777634259,1.179106991,0.022712963,221.7655093,97.14708333,17.26907074,17.38973648,17.15048544,78.26213592,13.06477115,3.159500693,0.52778086,6.202080444,17.25381415,17.41636616,17.40124827,1007.800416,0.000693481,0,192.70319,2.762454924,211.5797503,0.323023578,0.023106796,0.379056865,0,0,23.16920943,55.47295423,13.71539528,23.15117892,10.1589043,1.167115534,0.022468793,225.3495146,98.72662968,661
40.3,0.466671272,1304.867223,0.453,0.747,0.662,0.644,0.642,0.522,0.703,0.704,0.837,17.70236967,17.83751367,17.56646008,67.73022238,10.85267955,1.129784907,0.189125046,4.07218374,17.70014583,17.51421801,17.51195771,1009.123843,0,0,155.5803864,2.230273423,169.7528254,0.036456435,0.002592052,0.051039008,0,0,22.97557419,48.87823551,11.60393729,22.61356179,9.060689027,1.1717716,0.019310973,227.447685,99.4713817,15.86222222,15.99331019,15.73039352,71.93819444,10.11907407,3.675,0.613865741,6.961273148,15.7962037,15.74131944,15.67509259,1009.626273,0.004032407,0.409930556,182.4303241,2.615141204,195.0060185,0.158148148,0.011284722,0.182314815,0,0,21.35208333,52.74444444,11.22569444,20.89444444,9.777634259,1.179106991,0.022712963,221.7655093,97.14708333,17.26907074,17.38973648,17.15048544,78.26213592,13.06477115,3.159500693,0.52778086,6.202080444,17.25381415,17.41636616,17.40124827,1007.800416,0.000693481,0,192.70319,2.762454924,211.5797503,0.323023578,0.023106796,0.379056865,0,0,23.16920943,55.47295423,13.71539528,23.15117892,10.1589043,1.167115534,0.022468793,225.3495146,98.72662968,626
38.9,0.49,1378,0.501,0.773,0.678,0.616,0.652,0.498,0.711,0.717,0.837,17.70236967,17.83751367,17.56646008,67.73022238,10.85267955,1.129784907,0.189125046,4.07218374,17.70014583,17.51421801,17.51195771,1009.123843,0,0,155.5803864,2.230273423,169.7528254,0.036456435,0.002592052,0.051039008,0,0,22.97557419,48.87823551,11.60393729,22.61356179,9.060689027,1.1717716,0.019310973,227.447685,99.4713817,15.86222222,15.99331019,15.73039352,71.93819444,10.11907407,3.675,0.613865741,6.961273148,15.7962037,15.74131944,15.67509259,1009.626273,0.004032407,0.409930556,182.4303241,2.615141204,195.0060185,0.158148148,0.011284722,0.182314815,0,0,21.35208333,52.74444444,11.22569444,20.89444444,9.777634259,1.179106991,0.022712963,221.7655093,97.14708333,17.26907074,17.38973648,17.15048544,78.26213592,13.06477115,3.159500693,0.52778086,6.202080444,17.25381415,17.41636616,17.40124827,1007.800416,0.000693481,0,192.70319,2.762454924,211.5797503,0.323023578,0.023106796,0.379056865,0,0,23.16920943,55.47295423,13.71539528,23.15117892,10.1589043,1.167115534,0.022468793,225.3495146,98.72662968,694
46.4,0.49,1053,0.643,0.641,0.631,0.625,0.631,0.55,0.688,0.698,0.847,17.70236967,17.83751367,17.56646008,67.73022238,10.85267955,1.129784907,0.189125046,4.07218374,17.70014583,17.51421801,17.51195771,1009.123843,0,0,155.5803864,2.230273423,169.7528254,0.036456435,0.002592052,0.051039008,0,0,22.97557419,48.87823551,11.60393729,22.61356179,9.060689027,1.1717716,0.019310973,227.447685,99.4713817,15.86222222,15.99331019,15.73039352,71.93819444,10.11907407,3.675,0.613865741,6.961273148,15.7962037,15.74131944,15.67509259,1009.626273,0.004032407,0.409930556,182.4303241,2.615141204,195.0060185,0.158148148,0.011284722,0.182314815,0,0,21.35208333,52.74444444,11.22569444,20.89444444,9.777634259,1.179106991,0.022712963,221.7655093,97.14708333,17.26907074,17.38973648,17.15048544,78.26213592,13.06477115,3.159500693,0.52778086,6.202080444,17.25381415,17.41636616,17.40124827,1007.800416,0.000693481,0,192.70319,2.762454924,211.5797503,0.323023578,0.023106796,0.379056865,0,0,23.16920943,55.47295423,13.71539528,23.15117892,10.1589043,1.167115534,0.022468793,225.3495146,98.72662968,526
47.2,0.466671272,1304.867223,0.288058647,0.731,0.674,0.575,0.648,0.482,0.696,0.709,0.832,17.70236967,17.83751367,17.56646008,67.73022238,10.85267955,1.129784907,0.189125046,4.07218374,17.70014583,17.51421801,17.51195771,1009.123843,0,0,155.5803864,2.230273423,169.7528254,0.036456435,0.002592052,0.051039008,0,0,22.97557419,48.87823551,11.60393729,22.61356179,9.060689027,1.1717716,0.019310973,227.447685,99.4713817,15.86222222,15.99331019,15.73039352,71.93819444,10.11907407,3.675,0.613865741,6.961273148,15.7962037,15.74131944,15.67509259,1009.626273,0.004032407,0.409930556,182.4303241,2.615141204,195.0060185,0.158148148,0.011284722,0.182314815,0,0,21.35208333,52.74444444,11.22569444,20.89444444,9.777634259,1.179106991,0.022712963,221.7655093,97.14708333,17.26907074,17.38973648,17.15048544,78.26213592,13.06477115,3.159500693,0.52778086,6.202080444,17.25381415,17.41636616,17.40124827,1007.800416,0.000693481,0,192.70319,2.762454924,211.5797503,0.323023578,0.023106796,0.379056865,0,0,23.16920943,55.47295423,13.71539528,23.15117892,10.1589043,1.167115534,0.022468793,225.3495146,98.72662968,679
44.1,0.466671272,1304.867223,0.458,0.787,0.642,0.583,0.634,0.459,0.702,0.714,0.829,17.70236967,17.83751367,17.56646008,67.73022238,10.85267955,1.129784907,0.189125046,4.07218374,17.70014583,17.51421801,17.51195771,1009.123843,0,0,155.5803864,2.230273423,169.7528254,0.036456435,0.002592052,0.051039008,0,0,22.97557419,48.87823551,11.60393729,22.61356179,9.060689027,1.1717716,0.019310973,227.447685,99.4713817,15.86222222,15.99331019,15.73039352,71.93819444,10.11907407,3.675,0.613865741,6.961273148,15.7962037,15.74131944,15.67509259,1009.626273,0.004032407,0.409930556,182.4303241,2.615141204,195.0060185,0.158148148,0.011284722,0.182314815,0,0,21.35208333,52.74444444,11.22569444,20.89444444,9.777634259,1.179106991,0.022712963,221.7655093,97.14708333,17.26907074,17.38973648,17.15048544,78.26213592,13.06477115,3.159500693,0.52778086,6.202080444,17.25381415,17.41636616,17.40124827,1007.800416,0.000693481,0,192.70319,2.762454924,211.5797503,0.323023578,0.023106796,0.379056865,0,0,23.16920943,55.47295423,13.71539528,23.15117892,10.1589043,1.167115534,0.022468793,225.3495146,98.72662968,596
45.9,0.466671272,1304.867223,0.666,0.622,0.577,0.611,0.64,0.517,0.7,0.727,0.851,17.70236967,17.83751367,17.56646008,67.73022238,10.85267955,1.129784907,0.189125046,4.07218374,17.70014583,17.51421801,17.51195771,1009.123843,0,0,155.5803864,2.230273423,169.7528254,0.036456435,0.002592052,0.051039008,0,0,22.97557419,48.87823551,11.60393729,22.61356179,9.060689027,1.1717716,0.019310973,227.447685,99.4713817,15.86222222,15.99331019,15.73039352,71.93819444,10.11907407,3.675,0.613865741,6.961273148,15.7962037,15.74131944,15.67509259,1009.626273,0.004032407,0.409930556,182.4303241,2.615141204,195.0060185,0.158148148,0.011284722,0.182314815,0,0,21.35208333,52.74444444,11.22569444,20.89444444,9.777634259,1.179106991,0.022712963,221.7655093,97.14708333,17.26907074,17.38973648,17.15048544,78.26213592,13.06477115,3.159500693,0.52778086,6.202080444,17.25381415,17.41636616,17.40124827,1007.800416,0.000693481,0,192.70319,2.762454924,211.5797503,0.323023578,0.023106796,0.379056865,0,0,23.16920943,55.47295423,13.71539528,23.15117892,10.1589043,1.167115534,0.022468793,225.3495146,98.72662968,610
41.1,0.466671272,1304.867223,0.417,0.805,0.672,0.613,0.685,0.5,0.699,0.73,0.855,17.70236967,17.83751367,17.56646008,67.73022238,10.85267955,1.129784907,0.189125046,4.07218374,17.70014583,17.51421801,17.51195771,1009.123843,0,0,155.5803864,2.230273423,169.7528254,0.036456435,0.002592052,0.051039008,0,0,22.97557419,48.87823551,11.60393729,22.61356179,9.060689027,1.1717716,0.019310973,227.447685,99.4713817,15.86222222,15.99331019,15.73039352,71.93819444,10.11907407,3.675,0.613865741,6.961273148,15.7962037,15.74131944,15.67509259,1009.626273,0.004032407,0.409930556,182.4303241,2.615141204,195.0060185,0.158148148,0.011284722,0.182314815,0,0,21.35208333,52.74444444,11.22569444,20.89444444,9.777634259,1.179106991,0.022712963,221.7655093,97.14708333,17.26907074,17.38973648,17.15048544,78.26213592,13.06477115,3.159500693,0.52778086,6.202080444,17.25381415,17.41636616,17.40124827,1007.800416,0.000693481,0,192.70319,2.762454924,211.5797503,0.323023578,0.023106796,0.379056865,0,0,23.16920943,55.47295423,13.71539528,23.15117892,10.1589043,1.167115534,0.022468793,225.3495146,98.72662968,617
41.2,0.466671272,1304.867223,0.39,0.76,0.701,0.644,0.651,0.519,0.717,0.741,0.861,17.70236967,17.83751367,17.56646008,67.73022238,10.85267955,1.129784907,0.189125046,4.07218374,17.70014583,17.51421801,17.51195771,1009.123843,0,0,155.5803864,2.230273423,169.7528254,0.036456435,0.002592052,0.051039008,0,0,22.97557419,48.87823551,11.60393729,22.61356179,9.060689027,1.1717716,0.019310973,227.447685,99.4713817,15.86222222,15.99331019,15.73039352,71.93819444,10.11907407,3.675,0.613865741,6.961273148,15.7962037,15.74131944,15.67509259,1009.626273,0.004032407,0.409930556,182.4303241,2.615141204,195.0060185,0.158148148,0.011284722,0.182314815,0,0,21.35208333,52.74444444,11.22569444,20.89444444,9.777634259,1.179106991,0.022712963,221.7655093,97.14708333,17.26907074,17.38973648,17.15048544,78.26213592,13.06477115,3.159500693,0.52778086,6.202080444,17.25381415,17.41636616,17.40124827,1007.800416,0.000693481,0,192.70319,2.762454924,211.5797503,0.323023578,0.023106796,0.379056865,0,0,23.16920943,55.47295423,13.71539528,23.15117892,10.1589043,1.167115534,0.022468793,225.3495146,98.72662968,647
41.2,0.466671272,1304.867223,0.288058647,0.779,0.62,0.602,0.658,0.381,0.709,0.716,0.837,17.70236967,17.83751367,17.56646008,67.73022238,10.85267955,1.129784907,0.189125046,4.07218374,17.70014583,17.51421801,17.51195771,1009.123843,0,0,155.5803864,2.230273423,169.7528254,0.036456435,0.002592052,0.051039008,0,0,22.97557419,48.87823551,11.60393729,22.61356179,9.060689027,1.1717716,0.019310973,227.447685,99.4713817,15.86222222,15.99331019,15.73039352,71.93819444,10.11907407,3.675,0.613865741,6.961273148,15.7962037,15.74131944,15.67509259,1009.626273,0.004032407,0.409930556,182.4303241,2.615141204,195.0060185,0.158148148,0.011284722,0.182314815,0,0,21.35208333,52.74444444,11.22569444,20.89444444,9.777634259,1.179106991,0.022712963,221.7655093,97.14708333,17.26907074,17.38973648,17.15048544,78.26213592,13.06477115,3.159500693,0.52778086,6.202080444,17.25381415,17.41636616,17.40124827,1007.800416,0.000693481,0,192.70319,2.762454924,211.5797503,0.323023578,0.023106796,0.379056865,0,0,23.16920943,55.47295423,13.71539528,23.15117892,10.1589043,1.167115534,0.022468793,225.3495146,98.72662968,685
46.5,0.466671272,1304.867223,0.324,0.716,0.713,0.587,0.656,0.494,0.696,0.706,0.837,17.70236967,17.83751367,17.56646008,67.73022238,10.85267955,1.129784907,0.189125046,4.07218374,17.70014583,17.51421801,17.51195771,1009.123843,0,0,155.5803864,2.230273423,169.7528254,0.036456435,0.002592052,0.051039008,0,0,22.97557419,48.87823551,11.60393729,22.61356179,9.060689027,1.1717716,0.019310973,227.447685,99.4713817,15.86222222,15.99331019,15.73039352,71.93819444,10.11907407,3.675,0.613865741,6.961273148,15.7962037,15.74131944,15.67509259,1009.626273,0.004032407,0.409930556,182.4303241,2.615141204,195.0060185,0.158148148,0.011284722,0.182314815,0,0,21.35208333,52.74444444,11.22569444,20.89444444,9.777634259,1.179106991,0.022712963,221.7655093,97.14708333,17.26907074,17.38973648,17.15048544,78.26213592,13.06477115,3.159500693,0.52778086,6.202080444,17.25381415,17.41636616,17.40124827,1007.800416,0.000693481,0,192.70319,2.762454924,211.5797503,0.323023578,0.023106796,0.379056865,0,0,23.16920943,55.47295423,13.71539528,23.15117892,10.1589043,1.167115534,0.022468793,225.3495146,98.72662968,671
45.7,0.47,1113,0.262,0.76,0.664,0.621,0.643,0.515,0.7,0.715,0.84,17.70236967,17.83751367,17.56646008,67.73022238,10.85267955,1.129784907,0.189125046,4.07218374,17.70014583,17.51421801,17.51195771,1009.123843,0,0,155.5803864,2.230273423,169.7528254,0.036456435,0.002592052,0.051039008,0,0,22.97557419,48.87823551,11.60393729,22.61356179,9.060689027,1.1717716,0.019310973,227.447685,99.4713817,15.86222222,15.99331019,15.73039352,71.93819444,10.11907407,3.675,0.613865741,6.961273148,15.7962037,15.74131944,15.67509259,1009.626273,0.004032407,0.409930556,182.4303241,2.615141204,195.0060185,0.158148148,0.011284722,0.182314815,0,0,21.35208333,52.74444444,11.22569444,20.89444444,9.777634259,1.179106991,0.022712963,221.7655093,97.14708333,17.26907074,17.38973648,17.15048544,78.26213592,13.06477115,3.159500693,0.52778086,6.202080444,17.25381415,17.41636616,17.40124827,1007.800416,0.000693481,0,192.70319,2.762454924,211.5797503,0.323023578,0.023106796,0.379056865,0,0,23.16920943,55.47295423,13.71539528,23.15117892,10.1589043,1.167115534,0.022468793,225.3495146,98.72662968,515
41.8,0.466671272,1304.867223,0.213,0.654,0.671,0.629,0.586,0.452,0.694,0.711,0.851,17.70236967,17.83751367,17.56646008,67.73022238,10.85267955,1.129784907,0.189125046,4.07218374,17.70014583,17.51421801,17.51195771,1009.123843,0,0,155.5803864,2.230273423,169.7528254,0.036456435,0.002592052,0.051039008,0,0,22.97557419,48.87823551,11.60393729,22.61356179,9.060689027,1.1717716,0.019310973,227.447685,99.4713817,15.86222222,15.99331019,15.73039352,71.93819444,10.11907407,3.675,0.613865741,6.961273148,15.7962037,15.74131944,15.67509259,1009.626273,0.004032407,0.409930556,182.4303241,2.615141204,195.0060185,0.158148148,0.011284722,0.182314815,0,0,21.35208333,52.74444444,11.22569444,20.89444444,9.777634259,1.179106991,0.022712963,221.7655093,97.14708333,17.26907074,17.38973648,17.15048544,78.26213592,13.06477115,3.159500693,0.52778086,6.202080444,17.25381415,17.41636616,17.40124827,1007.800416,0.000693481,0,192.70319,2.762454924,211.5797503,0.323023578,0.023106796,0.379056865,0,0,23.16920943,55.47295423,13.71539528,23.15117892,10.1589043,1.167115534,0.022468793,225.3495146,98.72662968,500
37.7,0.49,1310,0.433,0.821,0.615,0.567,0.624,0.49,0.735,0.735,0.858,17.70236967,17.83751367,17.56646008,67.73022238,10.85267955,1.129784907,0.189125046,4.07218374,17.70014583,17.51421801,17.51195771,1009.123843,0,0,155.5803864,2.230273423,169.7528254,0.036456435,0.002592052,0.051039008,0,0,22.97557419,48.87823551,11.60393729,22.61356179,9.060689027,1.1717716,0.019310973,227.447685,99.4713817,15.86222222,15.99331019,15.73039352,71.93819444,10.11907407,3.675,0.613865741,6.961273148,15.7962037,15.74131944,15.67509259,1009.626273,0.004032407,0.409930556,182.4303241,2.615141204,195.0060185,0.158148148,0.011284722,0.182314815,0,0,21.35208333,52.74444444,11.22569444,20.89444444,9.777634259,1.179106991,0.022712963,221.7655093,97.14708333,17.26907074,17.38973648,17.15048544,78.26213592,13.06477115,3.159500693,0.52778086,6.202080444,17.25381415,17.41636616,17.40124827,1007.800416,0.000693481,0,192.70319,2.762454924,211.5797503,0.323023578,0.023106796,0.379056865,0,0,23.16920943,55.47295423,13.71539528,23.15117892,10.1589043,1.167115534,0.022468793,225.3495146,98.72662968,615
42.1,0.466671272,1304.867223,0.314,0.763,0.684,0.647,0.646,0.51,0.712,0.731,0.847,17.70236967,17.83751367,17.56646008,67.73022238,10.85267955,1.129784907,0.189125046,4.07218374,17.70014583,17.51421801,17.51195771,1009.123843,0,0,155.5803864,2.230273423,169.7528254,0.036456435,0.002592052,0.051039008,0,0,22.97557419,48.87823551,11.60393729,22.61356179,9.060689027,1.1717716,0.019310973,227.447685,99.4713817,15.86222222,15.99331019,15.73039352,71.93819444,10.11907407,3.675,0.613865741,6.961273148,15.7962037,15.74131944,15.67509259,1009.626273,0.004032407,0.409930556,182.4303241,2.615141204,195.0060185,0.158148148,0.011284722,0.182314815,0,0,21.35208333,52.74444444,11.22569444,20.89444444,9.777634259,1.179106991,0.022712963,221.7655093,97.14708333,17.26907074,17.38973648,17.15048544,78.26213592,13.06477115,3.159500693,0.52778086,6.202080444,17.25381415,17.41636616,17.40124827,1007.800416,0.000693481,0,192.70319,2.762454924,211.5797503,0.323023578,0.023106796,0.379056865,0,0,23.16920943,55.47295423,13.71539528,23.15117892,10.1589043,1.167115534,0.022468793,225.3495146,98.72662968,640
43.9,0.466671272,1304.867223,0.314,0.794,0.68,0.66,0.668,0.527,0.716,0.738,0.85,17.70236967,17.83751367,17.56646008,67.73022238,10.85267955,1.129784907,0.189125046,4.07218374,17.70014583,17.51421801,17.51195771,1009.123843,0,0,155.5803864,2.230273423,169.7528254,0.036456435,0.002592052,0.051039008,0,0,22.97557419,48.87823551,11.60393729,22.61356179,9.060689027,1.1717716,0.019310973,227.447685,99.4713817,15.86222222,15.99331019,15.73039352,71.93819444,10.11907407,3.675,0.613865741,6.961273148,15.7962037,15.74131944,15.67509259,1009.626273,0.004032407,0.409930556,182.4303241,2.615141204,195.0060185,0.158148148,0.011284722,0.182314815,0,0,21.35208333,52.74444444,11.22569444,20.89444444,9.777634259,1.179106991,0.022712963,221.7655093,97.14708333,17.26907074,17.38973648,17.15048544,78.26213592,13.06477115,3.159500693,0.52778086,6.202080444,17.25381415,17.41636616,17.40124827,1007.800416,0.000693481,0,192.70319,2.762454924,211.5797503,0.323023578,0.023106796,0.379056865,0,0,23.16920943,55.47295423,13.71539528,23.15117892,10.1589043,1.167115534,0.022468793,225.3495146,98.72662968,683
46.9,0.46,1565,0.383,0.819,0.769,0.671,0.619,0.505,0.732,0.754,0.87,17.70236967,17.83751367,17.56646008,67.73022238,10.85267955,1.129784907,0.189125046,4.07218374,17.70014583,17.51421801,17.51195771,1009.123843,0,0,155.5803864,2.230273423,169.7528254,0.036456435,0.002592052,0.051039008,0,0,22.97557419,48.87823551,11.60393729,22.61356179,9.060689027,1.1717716,0.019310973,227.447685,99.4713817,15.86222222,15.99331019,15.73039352,71.93819444,10.11907407,3.675,0.613865741,6.961273148,15.7962037,15.74131944,15.67509259,1009.626273,0.004032407,0.409930556,182.4303241,2.615141204,195.0060185,0.158148148,0.011284722,0.182314815,0,0,21.35208333,52.74444444,11.22569444,20.89444444,9.777634259,1.179106991,0.022712963,221.7655093,97.14708333,17.26907074,17.38973648,17.15048544,78.26213592,13.06477115,3.159500693,0.52778086,6.202080444,17.25381415,17.41636616,17.40124827,1007.800416,0.000693481,0,192.70319,2.762454924,211.5797503,0.323023578,0.023106796,0.379056865,0,0,23.16920943,55.47295423,13.71539528,23.15117892,10.1589043,1.167115534,0.022468793,225.3495146,98.72662968,707
41.5,0.466671272,1304.867223,0.358,0.794,0.715,0.515,0.625,0.455,0.724,0.741,0.855,17.70236967,17.83751367,17.56646008,67.73022238,10.85267955,1.129784907,0.189125046,4.07218374,17.70014583,17.51421801,17.51195771,1009.123843,0,0,155.5803864,2.230273423,169.7528254,0.036456435,0.002592052,0.051039008,0,0,22.97557419,48.87823551,11.60393729,22.61356179,9.060689027,1.1717716,0.019310973,227.447685,99.4713817,15.86222222,15.99331019,15.73039352,71.93819444,10.11907407,3.675,0.613865741,6.961273148,15.7962037,15.74131944,15.67509259,1009.626273,0.004032407,0.409930556,182.4303241,2.615141204,195.0060185,0.158148148,0.011284722,0.182314815,0,0,21.35208333,52.74444444,11.22569444,20.89444444,9.777634259,1.179106991,0.022712963,221.7655093,97.14708333,17.26907074,17.38973648,17.15048544,78.26213592,13.06477115,3.159500693,0.52778086,6.202080444,17.25381415,17.41636616,17.40124827,1007.800416,0.000693481,0,192.70319,2.762454924,211.5797503,0.323023578,0.023106796,0.379056865,0,0,23.16920943,55.47295423,13.71539528,23.15117892,10.1589043,1.167115534,0.022468793,225.3495146,98.72662968,750
46.9,0.466671272,1304.867223,0.401,0.802,0.703,0.599,0.644,0.542,0.723,0.734,0.864,17.70236967,17.83751367,17.56646008,67.73022238,10.85267955,1.129784907,0.189125046,4.07218374,17.70014583,17.51421801,17.51195771,1009.123843,0,0,155.5803864,2.230273423,169.7528254,0.036456435,0.002592052,0.051039008,0,0,22.97557419,48.87823551,11.60393729,22.61356179,9.060689027,1.1717716,0.019310973,227.447685,99.4713817,15.86222222,15.99331019,15.73039352,71.93819444,10.11907407,3.675,0.613865741,6.961273148,15.7962037,15.74131944,15.67509259,1009.626273,0.004032407,0.409930556,182.4303241,2.615141204,195.0060185,0.158148148,0.011284722,0.182314815,0,0,21.35208333,52.74444444,11.22569444,20.89444444,9.777634259,1.179106991,0.022712963,221.7655093,97.14708333,17.26907074,17.38973648,17.15048544,78.26213592,13.06477115,3.159500693,0.52778086,6.202080444,17.25381415,17.41636616,17.40124827,1007.800416,0.000693481,0,192.70319,2.762454924,211.5797503,0.323023578,0.023106796,0.379056865,0,0,23.16920943,55.47295423,13.71539528,23.15117892,10.1589043,1.167115534,0.022468793,225.3495146,98.72662968,675
48.2,0.45,1665,0.311,0.812,0.704,0.627,0.597,0.555,0.725,0.742,0.869,17.70236967,17.83751367,17.56646008,67.73022238,10.85267955,1.129784907,0.189125046,4.07218374,17.70014583,17.51421801,17.51195771,1009.123843,0,0,155.5803864,2.230273423,169.7528254,0.036456435,0.002592052,0.051039008,0,0,22.97557419,48.87823551,11.60393729,22.61356179,9.060689027,1.1717716,0.019310973,227.447685,99.4713817,15.86222222,15.99331019,15.73039352,71.93819444,10.11907407,3.675,0.613865741,6.961273148,15.7962037,15.74131944,15.67509259,1009.626273,0.004032407,0.409930556,182.4303241,2.615141204,195.0060185,0.158148148,0.011284722,0.182314815,0,0,21.35208333,52.74444444,11.22569444,20.89444444,9.777634259,1.179106991,0.022712963,221.7655093,97.14708333,17.26907074,17.38973648,17.15048544,78.26213592,13.06477115,3.159500693,0.52778086,6.202080444,17.25381415,17.41636616,17.40124827,1007.800416,0.000693481,0,192.70319,2.762454924,211.5797503,0.323023578,0.023106796,0.379056865,0,0,23.16920943,55.47295423,13.71539528,23.15117892,10.1589043,1.167115534,0.022468793,225.3495146,98.72662968,731
43,0.466671272,1304.867223,0.336,0.781,0.738,0.657,0.655,0.55,0.716,0.737,0.854,17.70236967,17.83751367,17.56646008,67.73022238,10.85267955,1.129784907,0.189125046,4.07218374,17.70014583,17.51421801,17.51195771,1009.123843,0,0,155.5803864,2.230273423,169.7528254,0.036456435,0.002592052,0.051039008,0,0,22.97557419,48.87823551,11.60393729,22.61356179,9.060689027,1.1717716,0.019310973,227.447685,99.4713817,15.86222222,15.99331019,15.73039352,71.93819444,10.11907407,3.675,0.613865741,6.961273148,15.7962037,15.74131944,15.67509259,1009.626273,0.004032407,0.409930556,182.4303241,2.615141204,195.0060185,0.158148148,0.011284722,0.182314815,0,0,21.35208333,52.74444444,11.22569444,20.89444444,9.777634259,1.179106991,0.022712963,221.7655093,97.14708333,17.26907074,17.38973648,17.15048544,78.26213592,13.06477115,3.159500693,0.52778086,6.202080444,17.25381415,17.41636616,17.40124827,1007.800416,0.000693481,0,192.70319,2.762454924,211.5797503,0.323023578,0.023106796,0.379056865,0,0,23.16920943,55.47295423,13.71539528,23.15117892,10.1589043,1.167115534,0.022468793,225.3495146,98.72662968,710
42.6,0.466671272,1304.867223,0.377,0.809,0.712,0.633,0.658,0.597,0.723,0.744,0.865,17.70236967,17.83751367,17.56646008,67.73022238,10.85267955,1.129784907,0.189125046,4.07218374,17.70014583,17.51421801,17.51195771,1009.123843,0,0,155.5803864,2.230273423,169.7528254,0.036456435,0.002592052,0.051039008,0,0,22.97557419,48.87823551,11.60393729,22.61356179,9.060689027,1.1717716,0.019310973,227.447685,99.4713817,15.86222222,15.99331019,15.73039352,71.93819444,10.11907407,3.675,0.613865741,6.961273148,15.7962037,15.74131944,15.67509259,1009.626273,0.004032407,0.409930556,182.4303241,2.615141204,195.0060185,0.158148148,0.011284722,0.182314815,0,0,21.35208333,52.74444444,11.22569444,20.89444444,9.777634259,1.179106991,0.022712963,221.7655093,97.14708333,17.26907074,17.38973648,17.15048544,78.26213592,13.06477115,3.159500693,0.52778086,6.202080444,17.25381415,17.41636616,17.40124827,1007.800416,0.000693481,0,192.70319,2.762454924,211.5797503,0.323023578,0.023106796,0.379056865,0,0,23.16920943,55.47295423,13.71539528,23.15117892,10.1589043,1.167115534,0.022468793,225.3495146,98.72662968,726
43.2,0.466671272,1304.867223,0.435,0.798,0.702,0.654,0.71,0.558,0.712,0.716,0.83,17.70236967,17.83751367,17.56646008,67.73022238,10.85267955,1.129784907,0.189125046,4.07218374,17.70014583,17.51421801,17.51195771,1009.123843,0,0,155.5803864,2.230273423,169.7528254,0.036456435,0.002592052,0.051039008,0,0,22.97557419,48.87823551,11.60393729,22.61356179,9.060689027,1.1717716,0.019310973,227.447685,99.4713817,15.86222222,15.99331019,15.73039352,71.93819444,10.11907407,3.675,0.613865741,6.961273148,15.7962037,15.74131944,15.67509259,1009.626273,0.004032407,0.409930556,182.4303241,2.615141204,195.0060185,0.158148148,0.011284722,0.182314815,0,0,21.35208333,52.74444444,11.22569444,20.89444444,9.777634259,1.179106991,0.022712963,221.7655093,97.14708333,17.26907074,17.38973648,17.15048544,78.26213592,13.06477115,3.159500693,0.52778086,6.202080444,17.25381415,17.41636616,17.40124827,1007.800416,0.000693481,0,192.70319,2.762454924,211.5797503,0.323023578,0.023106796,0.379056865,0,0,23.16920943,55.47295423,13.71539528,23.15117892,10.1589043,1.167115534,0.022468793,225.3495146,98.72662968,811
42.2,0.466671272,1304.867223,0.414,0.819,0.735,0.65,0.686,0.501,0.712,0.72,0.834,17.70236967,17.83751367,17.56646008,67.73022238,10.85267955,1.129784907,0.189125046,4.07218374,17.70014583,17.51421801,17.51195771,1009.123843,0,0,155.5803864,2.230273423,169.7528254,0.036456435,0.002592052,0.051039008,0,0,22.97557419,48.87823551,11.60393729,22.61356179,9.060689027,1.1717716,0.019310973,227.447685,99.4713817,15.86222222,15.99331019,15.73039352,71.93819444,10.11907407,3.675,0.613865741,6.961273148,15.7962037,15.74131944,15.67509259,1009.626273,0.004032407,0.409930556,182.4303241,2.615141204,195.0060185,0.158148148,0.011284722,0.182314815,0,0,21.35208333,52.74444444,11.22569444,20.89444444,9.777634259,1.179106991,0.022712963,221.7655093,97.14708333,17.26907074,17.38973648,17.15048544,78.26213592,13.06477115,3.159500693,0.52778086,6.202080444,17.25381415,17.41636616,17.40124827,1007.800416,0.000693481,0,192.70319,2.762454924,211.5797503,0.323023578,0.023106796,0.379056865,0,0,23.16920943,55.47295423,13.71539528,23.15117892,10.1589043,1.167115534,0.022468793,225.3495146,98.72662968,804
43,0.466671272,1304.867223,0.412,0.805,0.697,0.675,0.701,0.596,0.721,0.738,0.854,17.70236967,17.83751367,17.56646008,67.73022238,10.85267955,1.129784907,0.189125046,4.07218374,17.70014583,17.51421801,17.51195771,1009.123843,0,0,155.5803864,2.230273423,169.7528254,0.036456435,0.002592052,0.051039008,0,0,22.97557419,48.87823551,11.60393729,22.61356179,9.060689027,1.1717716,0.019310973,227.447685,99.4713817,15.86222222,15.99331019,15.73039352,71.93819444,10.11907407,3.675,0.613865741,6.961273148,15.7962037,15.74131944,15.67509259,1009.626273,0.004032407,0.409930556,182.4303241,2.615141204,195.0060185,0.158148148,0.011284722,0.182314815,0,0,21.35208333,52.74444444,11.22569444,20.89444444,9.777634259,1.179106991,0.022712963,221.7655093,97.14708333,17.26907074,17.38973648,17.15048544,78.26213592,13.06477115,3.159500693,0.52778086,6.202080444,17.25381415,17.41636616,17.40124827,1007.800416,0.000693481,0,192.70319,2.762454924,211.5797503,0.323023578,0.023106796,0.379056865,0,0,23.16920943,55.47295423,13.71539528,23.15117892,10.1589043,1.167115534,0.022468793,225.3495146,98.72662968,748
41.1,0.466671272,1304.867223,0.363,0.752,0.698,0.553,0.62,0.512,0.711,0.728,0.853,17.70236967,17.83751367,17.56646008,67.73022238,10.85267955,1.129784907,0.189125046,4.07218374,17.70014583,17.51421801,17.51195771,1009.123843,0,0,155.5803864,2.230273423,169.7528254,0.036456435,0.002592052,0.051039008,0,0,22.97557419,48.87823551,11.60393729,22.61356179,9.060689027,1.1717716,0.019310973,227.447685,99.4713817,15.86222222,15.99331019,15.73039352,71.93819444,10.11907407,3.675,0.613865741,6.961273148,15.7962037,15.74131944,15.67509259,1009.626273,0.004032407,0.409930556,182.4303241,2.615141204,195.0060185,0.158148148,0.011284722,0.182314815,0,0,21.35208333,52.74444444,11.22569444,20.89444444,9.777634259,1.179106991,0.022712963,221.7655093,97.14708333,17.26907074,17.38973648,17.15048544,78.26213592,13.06477115,3.159500693,0.52778086,6.202080444,17.25381415,17.41636616,17.40124827,1007.800416,0.000693481,0,192.70319,2.762454924,211.5797503,0.323023578,0.023106796,0.379056865,0,0,23.16920943,55.47295423,13.71539528,23.15117892,10.1589043,1.167115534,0.022468793,225.3495146,98.72662968,633
45.3,0.466671272,1304.867223,0.398,0.79,0.736,0.595,0.646,0.472,0.699,0.722,0.818,17.70236967,17.83751367,17.56646008,67.73022238,10.85267955,1.129784907,0.189125046,4.07218374,17.70014583,17.51421801,17.51195771,1009.123843,0,0,155.5803864,2.230273423,169.7528254,0.036456435,0.002592052,0.051039008,0,0,22.97557419,48.87823551,11.60393729,22.61356179,9.060689027,1.1717716,0.019310973,227.447685,99.4713817,15.86222222,15.99331019,15.73039352,71.93819444,10.11907407,3.675,0.613865741,6.961273148,15.7962037,15.74131944,15.67509259,1009.626273,0.004032407,0.409930556,182.4303241,2.615141204,195.0060185,0.158148148,0.011284722,0.182314815,0,0,21.35208333,52.74444444,11.22569444,20.89444444,9.777634259,1.179106991,0.022712963,221.7655093,97.14708333,17.26907074,17.38973648,17.15048544,78.26213592,13.06477115,3.159500693,0.52778086,6.202080444,17.25381415,17.41636616,17.40124827,1007.800416,0.000693481,0,192.70319,2.762454924,211.5797503,0.323023578,0.023106796,0.379056865,0,0,23.16920943,55.47295423,13.71539528,23.15117892,10.1589043,1.167115534,0.022468793,225.3495146,98.72662968,665
32.3,0.466671272,1304.867223,0.483,0.755,0.711,0.465,0.581,0.448,0.703,0.713,0.845,17.70236967,17.83751367,17.56646008,67.73022238,10.85267955,1.129784907,0.189125046,4.07218374,17.70014583,17.51421801,17.51195771,1009.123843,0,0,155.5803864,2.230273423,169.7528254,0.036456435,0.002592052,0.051039008,0,0,22.97557419,48.87823551,11.60393729,22.61356179,9.060689027,1.1717716,0.019310973,227.447685,99.4713817,15.86222222,15.99331019,15.73039352,71.93819444,10.11907407,3.675,0.613865741,6.961273148,15.7962037,15.74131944,15.67509259,1009.626273,0.004032407,0.409930556,182.4303241,2.615141204,195.0060185,0.158148148,0.011284722,0.182314815,0,0,21.35208333,52.74444444,11.22569444,20.89444444,9.777634259,1.179106991,0.022712963,221.7655093,97.14708333,17.26907074,17.38973648,17.15048544,78.26213592,13.06477115,3.159500693,0.52778086,6.202080444,17.25381415,17.41636616,17.40124827,1007.800416,0.000693481,0,192.70319,2.762454924,211.5797503,0.323023578,0.023106796,0.379056865,0,0,23.16920943,55.47295423,13.71539528,23.15117892,10.1589043,1.167115534,0.022468793,225.3495146,98.72662968,622
49.6,0.466671272,1304.867223,0.416,0.811,0.714,0.588,0.582,0.41,0.686,0.7,0.822,17.70236967,17.83751367,17.56646008,67.73022238,10.85267955,1.129784907,0.189125046,4.07218374,17.70014583,17.51421801,17.51195771,1009.123843,0,0,155.5803864,2.230273423,169.7528254,0.036456435,0.002592052,0.051039008,0,0,22.97557419,48.87823551,11.60393729,22.61356179,9.060689027,1.1717716,0.019310973,227.447685,99.4713817,15.86222222,15.99331019,15.73039352,71.93819444,10.11907407,3.675,0.613865741,6.961273148,15.7962037,15.74131944,15.67509259,1009.626273,0.004032407,0.409930556,182.4303241,2.615141204,195.0060185,0.158148148,0.011284722,0.182314815,0,0,21.35208333,52.74444444,11.22569444,20.89444444,9.777634259,1.179106991,0.022712963,221.7655093,97.14708333,17.26907074,17.38973648,17.15048544,78.26213592,13.06477115,3.159500693,0.52778086,6.202080444,17.25381415,17.41636616,17.40124827,1007.800416,0.000693481,0,192.70319,2.762454924,211.5797503,0.323023578,0.023106796,0.379056865,0,0,23.16920943,55.47295423,13.71539528,23.15117892,10.1589043,1.167115534,0.022468793,225.3495146,98.72662968,682
44.5,0.466671272,1304.867223,0.367,0.772,0.697,0.648,0.646,0.552,0.718,0.73,0.846,17.70236967,17.83751367,17.56646008,67.73022238,10.85267955,1.129784907,0.189125046,4.07218374,17.70014583,17.51421801,17.51195771,1009.123843,0,0,155.5803864,2.230273423,169.7528254,0.036456435,0.002592052,0.051039008,0,0,22.97557419,48.87823551,11.60393729,22.61356179,9.060689027,1.1717716,0.019310973,227.447685,99.4713817,15.86222222,15.99331019,15.73039352,71.93819444,10.11907407,3.675,0.613865741,6.961273148,15.7962037,15.74131944,15.67509259,1009.626273,0.004032407,0.409930556,182.4303241,2.615141204,195.0060185,0.158148148,0.011284722,0.182314815,0,0,21.35208333,52.74444444,11.22569444,20.89444444,9.777634259,1.179106991,0.022712963,221.7655093,97.14708333,17.26907074,17.38973648,17.15048544,78.26213592,13.06477115,3.159500693,0.52778086,6.202080444,17.25381415,17.41636616,17.40124827,1007.800416,0.000693481,0,192.70319,2.762454924,211.5797503,0.323023578,0.023106796,0.379056865,0,0,23.16920943,55.47295423,13.71539528,23.15117892,10.1589043,1.167115534,0.022468793,225.3495146,98.72662968,656
46.6,0.466671272,1304.867223,0.416,0.786,0.718,0.59,0.654,0.448,0.708,0.719,0.845,17.70236967,17.83751367,17.56646008,67.73022238,10.85267955,1.129784907,0.189125046,4.07218374,17.70014583,17.51421801,17.51195771,1009.123843,0,0,155.5803864,2.230273423,169.7528254,0.036456435,0.002592052,0.051039008,0,0,22.97557419,48.87823551,11.60393729,22.61356179,9.060689027,1.1717716,0.019310973,227.447685,99.4713817,15.86222222,15.99331019,15.73039352,71.93819444,10.11907407,3.675,0.613865741,6.961273148,15.7962037,15.74131944,15.67509259,1009.626273,0.004032407,0.409930556,182.4303241,2.615141204,195.0060185,0.158148148,0.011284722,0.182314815,0,0,21.35208333,52.74444444,11.22569444,20.89444444,9.777634259,1.179106991,0.022712963,221.7655093,97.14708333,17.26907074,17.38973648,17.15048544,78.26213592,13.06477115,3.159500693,0.52778086,6.202080444,17.25381415,17.41636616,17.40124827,1007.800416,0.000693481,0,192.70319,2.762454924,211.5797503,0.323023578,0.023106796,0.379056865,0,0,23.16920943,55.47295423,13.71539528,23.15117892,10.1589043,1.167115534,0.022468793,225.3495146,98.72662968,720
46.6,0.466671272,1304.867223,0.302,0.583,0.7,0.636,0.659,0.502,0.71,0.735,0.856,17.70236967,17.83751367,17.56646008,67.73022238,10.85267955,1.129784907,0.189125046,4.07218374,17.70014583,17.51421801,17.51195771,1009.123843,0,0,155.5803864,2.230273423,169.7528254,0.036456435,0.002592052,0.051039008,0,0,22.97557419,48.87823551,11.60393729,22.61356179,9.060689027,1.1717716,0.019310973,227.447685,99.4713817,15.86222222,15.99331019,15.73039352,71.93819444,10.11907407,3.675,0.613865741,6.961273148,15.7962037,15.74131944,15.67509259,1009.626273,0.004032407,0.409930556,182.4303241,2.615141204,195.0060185,0.158148148,0.011284722,0.182314815,0,0,21.35208333,52.74444444,11.22569444,20.89444444,9.777634259,1.179106991,0.022712963,221.7655093,97.14708333,17.26907074,17.38973648,17.15048544,78.26213592,13.06477115,3.159500693,0.52778086,6.202080444,17.25381415,17.41636616,17.40124827,1007.800416,0.000693481,0,192.70319,2.762454924,211.5797503,0.323023578,0.023106796,0.379056865,0,0,23.16920943,55.47295423,13.71539528,23.15117892,10.1589043,1.167115534,0.022468793,225.3495146,98.72662968,714
41.5,0.466671272,1304.867223,0.363,0.799,0.702,0.578,0.61,0.527,0.709,0.725,0.842,17.70236967,17.83751367,17.56646008,67.73022238,10.85267955,1.129784907,0.189125046,4.07218374,17.70014583,17.51421801,17.51195771,1009.123843,0,0,155.5803864,2.230273423,169.7528254,0.036456435,0.002592052,0.051039008,0,0,22.97557419,48.87823551,11.60393729,22.61356179,9.060689027,1.1717716,0.019310973,227.447685,99.4713817,15.86222222,15.99331019,15.73039352,71.93819444,10.11907407,3.675,0.613865741,6.961273148,15.7962037,15.74131944,15.67509259,1009.626273,0.004032407,0.409930556,182.4303241,2.615141204,195.0060185,0.158148148,0.011284722,0.182314815,0,0,21.35208333,52.74444444,11.22569444,20.89444444,9.777634259,1.179106991,0.022712963,221.7655093,97.14708333,17.26907074,17.38973648,17.15048544,78.26213592,13.06477115,3.159500693,0.52778086,6.202080444,17.25381415,17.41636616,17.40124827,1007.800416,0.000693481,0,192.70319,2.762454924,211.5797503,0.323023578,0.023106796,0.379056865,0,0,23.16920943,55.47295423,13.71539528,23.15117892,10.1589043,1.167115534,0.022468793,225.3495146,98.72662968,663
48.3,0.466671272,1304.867223,0.435,0.793,0.705,0.625,0.65,0.486,0.697,0.712,0.836,17.70236967,17.83751367,17.56646008,67.73022238,10.85267955,1.129784907,0.189125046,4.07218374,17.70014583,17.51421801,17.51195771,1009.123843,0,0,155.5803864,2.230273423,169.7528254,0.036456435,0.002592052,0.051039008,0,0,22.97557419,48.87823551,11.60393729,22.61356179,9.060689027,1.1717716,0.019310973,227.447685,99.4713817,15.86222222,15.99331019,15.73039352,71.93819444,10.11907407,3.675,0.613865741,6.961273148,15.7962037,15.74131944,15.67509259,1009.626273,0.004032407,0.409930556,182.4303241,2.615141204,195.0060185,0.158148148,0.011284722,0.182314815,0,0,21.35208333,52.74444444,11.22569444,20.89444444,9.777634259,1.179106991,0.022712963,221.7655093,97.14708333,17.26907074,17.38973648,17.15048544,78.26213592,13.06477115,3.159500693,0.52778086,6.202080444,17.25381415,17.41636616,17.40124827,1007.800416,0.000693481,0,192.70319,2.762454924,211.5797503,0.323023578,0.023106796,0.379056865,0,0,23.16920943,55.47295423,13.71539528,23.15117892,10.1589043,1.167115534,0.022468793,225.3495146,98.72662968,713
47.5,0.466671272,1304.867223,0.327,0.792,0.662,0.568,0.633,0.462,0.704,0.713,0.843,17.70236967,17.83751367,17.56646008,67.73022238,10.85267955,1.129784907,0.189125046,4.07218374,17.70014583,17.51421801,17.51195771,1009.123843,0,0,155.5803864,2.230273423,169.7528254,0.036456435,0.002592052,0.051039008,0,0,22.97557419,48.87823551,11.60393729,22.61356179,9.060689027,1.1717716,0.019310973,227.447685,99.4713817,15.86222222,15.99331019,15.73039352,71.93819444,10.11907407,3.675,0.613865741,6.961273148,15.7962037,15.74131944,15.67509259,1009.626273,0.004032407,0.409930556,182.4303241,2.615141204,195.0060185,0.158148148,0.011284722,0.182314815,0,0,21.35208333,52.74444444,11.22569444,20.89444444,9.777634259,1.179106991,0.022712963,221.7655093,97.14708333,17.26907074,17.38973648,17.15048544,78.26213592,13.06477115,3.159500693,0.52778086,6.202080444,17.25381415,17.41636616,17.40124827,1007.800416,0.000693481,0,192.70319,2.762454924,211.5797503,0.323023578,0.023106796,0.379056865,0,0,23.16920943,55.47295423,13.71539528,23.15117892,10.1589043,1.167115534,0.022468793,225.3495146,98.72662968,637
44.8,0.5,1480,0.346,0.821,0.725,0.626,0.601,0.477,0.713,0.722,0.83,17.70236967,17.83751367,17.56646008,67.73022238,10.85267955,1.129784907,0.189125046,4.07218374,17.70014583,17.51421801,17.51195771,1009.123843,0,0,155.5803864,2.230273423,169.7528254,0.036456435,0.002592052,0.051039008,0,0,22.97557419,48.87823551,11.60393729,22.61356179,9.060689027,1.1717716,0.019310973,227.447685,99.4713817,15.86222222,15.99331019,15.73039352,71.93819444,10.11907407,3.675,0.613865741,6.961273148,15.7962037,15.74131944,15.67509259,1009.626273,0.004032407,0.409930556,182.4303241,2.615141204,195.0060185,0.158148148,0.011284722,0.182314815,0,0,21.35208333,52.74444444,11.22569444,20.89444444,9.777634259,1.179106991,0.022712963,221.7655093,97.14708333,17.26907074,17.38973648,17.15048544,78.26213592,13.06477115,3.159500693,0.52778086,6.202080444,17.25381415,17.41636616,17.40124827,1007.800416,0.000693481,0,192.70319,2.762454924,211.5797503,0.323023578,0.023106796,0.379056865,0,0,23.16920943,55.47295423,13.71539528,23.15117892,10.1589043,1.167115534,0.022468793,225.3495146,98.72662968,735
43.7,0.466671272,1304.867223,0.216,0.804,0.632,0.556,0.602,0.465,0.695,0.714,0.851,17.70236967,17.83751367,17.56646008,67.73022238,10.85267955,1.129784907,0.189125046,4.07218374,17.70014583,17.51421801,17.51195771,1009.123843,0,0,155.5803864,2.230273423,169.7528254,0.036456435,0.002592052,0.051039008,0,0,22.97557419,48.87823551,11.60393729,22.61356179,9.060689027,1.1717716,0.019310973,227.447685,99.4713817,15.86222222,15.99331019,15.73039352,71.93819444,10.11907407,3.675,0.613865741,6.961273148,15.7962037,15.74131944,15.67509259,1009.626273,0.004032407,0.409930556,182.4303241,2.615141204,195.0060185,0.158148148,0.011284722,0.182314815,0,0,21.35208333,52.74444444,11.22569444,20.89444444,9.777634259,1.179106991,0.022712963,221.7655093,97.14708333,17.26907074,17.38973648,17.15048544,78.26213592,13.06477115,3.159500693,0.52778086,6.202080444,17.25381415,17.41636616,17.40124827,1007.800416,0.000693481,0,192.70319,2.762454924,211.5797503,0.323023578,0.023106796,0.379056865,0,0,23.16920943,55.47295423,13.71539528,23.15117892,10.1589043,1.167115534,0.022468793,225.3495146,98.72662968,602
49.6,0.5,1413,0.264,0.798,0.704,0.634,0.625,0.535,0.706,0.722,0.845,17.70236967,17.83751367,17.56646008,67.73022238,10.85267955,1.129784907,0.189125046,4.07218374,17.70014583,17.51421801,17.51195771,1009.123843,0,0,155.5803864,2.230273423,169.7528254,0.036456435,0.002592052,0.051039008,0,0,22.97557419,48.87823551,11.60393729,22.61356179,9.060689027,1.1717716,0.019310973,227.447685,99.4713817,15.86222222,15.99331019,15.73039352,71.93819444,10.11907407,3.675,0.613865741,6.961273148,15.7962037,15.74131944,15.67509259,1009.626273,0.004032407,0.409930556,182.4303241,2.615141204,195.0060185,0.158148148,0.011284722,0.182314815,0,0,21.35208333,52.74444444,11.22569444,20.89444444,9.777634259,1.179106991,0.022712963,221.7655093,97.14708333,17.26907074,17.38973648,17.15048544,78.26213592,13.06477115,3.159500693,0.52778086,6.202080444,17.25381415,17.41636616,17.40124827,1007.800416,0.000693481,0,192.70319,2.762454924,211.5797503,0.323023578,0.023106796,0.379056865,0,0,23.16920943,55.47295423,13.71539528,23.15117892,10.1589043,1.167115534,0.022468793,225.3495146,98.72662968,723
42.8,0.466671272,1304.867223,0.356,0.802,0.735,0.62,0.617,0.527,0.713,0.725,0.84,17.70236967,17.83751367,17.56646008,67.73022238,10.85267955,1.129784907,0.189125046,4.07218374,17.70014583,17.51421801,17.51195771,1009.123843,0,0,155.5803864,2.230273423,169.7528254,0.036456435,0.002592052,0.051039008,0,0,22.97557419,48.87823551,11.60393729,22.61356179,9.060689027,1.1717716,0.019310973,227.447685,99.4713817,15.86222222,15.99331019,15.73039352,71.93819444,10.11907407,3.675,0.613865741,6.961273148,15.7962037,15.74131944,15.67509259,1009.626273,0.004032407,0.409930556,182.4303241,2.615141204,195.0060185,0.158148148,0.011284722,0.182314815,0,0,21.35208333,52.74444444,11.22569444,20.89444444,9.777634259,1.179106991,0.022712963,221.7655093,97.14708333,17.26907074,17.38973648,17.15048544,78.26213592,13.06477115,3.159500693,0.52778086,6.202080444,17.25381415,17.41636616,17.40124827,1007.800416,0.000693481,0,192.70319,2.762454924,211.5797503,0.323023578,0.023106796,0.379056865,0,0,23.16920943,55.47295423,13.71539528,23.15117892,10.1589043,1.167115534,0.022468793,225.3495146,98.72662968,693
52.5,0.466671272,1304.867223,0.358,0.771,0.723,0.653,0.647,0.499,0.709,0.736,0.861,17.70236967,17.83751367,17.56646008,67.73022238,10.85267955,1.129784907,0.189125046,4.07218374,17.70014583,17.51421801,17.51195771,1009.123843,0,0,155.5803864,2.230273423,169.7528254,0.036456435,0.002592052,0.051039008,0,0,22.97557419,48.87823551,11.60393729,22.61356179,9.060689027,1.1717716,0.019310973,227.447685,99.4713817,15.86222222,15.99331019,15.73039352,71.93819444,10.11907407,3.675,0.613865741,6.961273148,15.7962037,15.74131944,15.67509259,1009.626273,0.004032407,0.409930556,182.4303241,2.615141204,195.0060185,0.158148148,0.011284722,0.182314815,0,0,21.35208333,52.74444444,11.22569444,20.89444444,9.777634259,1.179106991,0.022712963,221.7655093,97.14708333,17.26907074,17.38973648,17.15048544,78.26213592,13.06477115,3.159500693,0.52778086,6.202080444,17.25381415,17.41636616,17.40124827,1007.800416,0.000693481,0,192.70319,2.762454924,211.5797503,0.323023578,0.023106796,0.379056865,0,0,23.16920943,55.47295423,13.71539528,23.15117892,10.1589043,1.167115534,0.022468793,225.3495146,98.72662968,700
40.2,0.466671272,1304.867223,0.316,0.739,0.711,0.584,0.601,0.465,0.724,0.724,0.842,17.70236967,17.83751367,17.56646008,67.73022238,10.85267955,1.129784907,0.189125046,4.07218374,17.70014583,17.51421801,17.51195771,1009.123843,0,0,155.5803864,2.230273423,169.7528254,0.036456435,0.002592052,0.051039008,0,0,22.97557419,48.87823551,11.60393729,22.61356179,9.060689027,1.1717716,0.019310973,227.447685,99.4713817,15.86222222,15.99331019,15.73039352,71.93819444,10.11907407,3.675,0.613865741,6.961273148,15.7962037,15.74131944,15.67509259,1009.626273,0.004032407,0.409930556,182.4303241,2.615141204,195.0060185,0.158148148,0.011284722,0.182314815,0,0,21.35208333,52.74444444,11.22569444,20.89444444,9.777634259,1.179106991,0.022712963,221.7655093,97.14708333,17.26907074,17.38973648,17.15048544,78.26213592,13.06477115,3.159500693,0.52778086,6.202080444,17.25381415,17.41636616,17.40124827,1007.800416,0.000693481,0,192.70319,2.762454924,211.5797503,0.323023578,0.023106796,0.379056865,0,0,23.16920943,55.47295423,13.71539528,23.15117892,10.1589043,1.167115534,0.022468793,225.3495146,98.72662968,598
48.4,0.466671272,1304.867223,0.367,0.734,0.57,0.627,0.69,0.467,0.681,0.689,0.822,17.70236967,17.83751367,17.56646008,67.73022238,10.85267955,1.129784907,0.189125046,4.07218374,17.70014583,17.51421801,17.51195771,1009.123843,0,0,155.5803864,2.230273423,169.7528254,0.036456435,0.002592052,0.051039008,0,0,22.97557419,48.87823551,11.60393729,22.61356179,9.060689027,1.1717716,0.019310973,227.447685,99.4713817,15.86222222,15.99331019,15.73039352,71.93819444,10.11907407,3.675,0.613865741,6.961273148,15.7962037,15.74131944,15.67509259,1009.626273,0.004032407,0.409930556,182.4303241,2.615141204,195.0060185,0.158148148,0.011284722,0.182314815,0,0,21.35208333,52.74444444,11.22569444,20.89444444,9.777634259,1.179106991,0.022712963,221.7655093,97.14708333,17.26907074,17.38973648,17.15048544,78.26213592,13.06477115,3.159500693,0.52778086,6.202080444,17.25381415,17.41636616,17.40124827,1007.800416,0.000693481,0,192.70319,2.762454924,211.5797503,0.323023578,0.023106796,0.379056865,0,0,23.16920943,55.47295423,13.71539528,23.15117892,10.1589043,1.167115534,0.022468793,225.3495146,98.72662968,532
46.7,0.466671272,1304.867223,0.368,0.803,0.573,0.484,0.619,0.444,0.682,0.658,0.784,17.70236967,17.83751367,17.56646008,67.73022238,10.85267955,1.129784907,0.189125046,4.07218374,17.70014583,17.51421801,17.51195771,1009.123843,0,0,155.5803864,2.230273423,169.7528254,0.036456435,0.002592052,0.051039008,0,0,22.97557419,48.87823551,11.60393729,22.61356179,9.060689027,1.1717716,0.019310973,227.447685,99.4713817,15.86222222,15.99331019,15.73039352,71.93819444,10.11907407,3.675,0.613865741,6.961273148,15.7962037,15.74131944,15.67509259,1009.626273,0.004032407,0.409930556,182.4303241,2.615141204,195.0060185,0.158148148,0.011284722,0.182314815,0,0,21.35208333,52.74444444,11.22569444,20.89444444,9.777634259,1.179106991,0.022712963,221.7655093,97.14708333,17.26907074,17.38973648,17.15048544,78.26213592,13.06477115,3.159500693,0.52778086,6.202080444,17.25381415,17.41636616,17.40124827,1007.800416,0.000693481,0,192.70319,2.762454924,211.5797503,0.323023578,0.023106796,0.379056865,0,0,23.16920943,55.47295423,13.71539528,23.15117892,10.1589043,1.167115534,0.022468793,225.3495146,98.72662968,586
50.2,0.45,1595,0.443,0.791,0.68,0.602,0.65,0.534,0.701,0.709,0.842,17.70236967,17.83751367,17.56646008,67.73022238,10.85267955,1.129784907,0.189125046,4.07218374,17.70014583,17.51421801,17.51195771,1009.123843,0,0,155.5803864,2.230273423,169.7528254,0.036456435,0.002592052,0.051039008,0,0,22.97557419,48.87823551,11.60393729,22.61356179,9.060689027,1.1717716,0.019310973,227.447685,99.4713817,15.86222222,15.99331019,15.73039352,71.93819444,10.11907407,3.675,0.613865741,6.961273148,15.7962037,15.74131944,15.67509259,1009.626273,0.004032407,0.409930556,182.4303241,2.615141204,195.0060185,0.158148148,0.011284722,0.182314815,0,0,21.35208333,52.74444444,11.22569444,20.89444444,9.777634259,1.179106991,0.022712963,221.7655093,97.14708333,17.26907074,17.38973648,17.15048544,78.26213592,13.06477115,3.159500693,0.52778086,6.202080444,17.25381415,17.41636616,17.40124827,1007.800416,0.000693481,0,192.70319,2.762454924,211.5797503,0.323023578,0.023106796,0.379056865,0,0,23.16920943,55.47295423,13.71539528,23.15117892,10.1589043,1.167115534,0.022468793,225.3495146,98.72662968,704
42,0.466671272,1304.867223,0.317,0.776,0.672,0.626,0.632,0.609,0.717,0.727,0.868,17.70236967,17.83751367,17.56646008,67.73022238,10.85267955,1.129784907,0.189125046,4.07218374,17.70014583,17.51421801,17.51195771,1009.123843,0,0,155.5803864,2.230273423,169.7528254,0.036456435,0.002592052,0.051039008,0,0,22.97557419,48.87823551,11.60393729,22.61356179,9.060689027,1.1717716,0.019310973,227.447685,99.4713817,15.86222222,15.99331019,15.73039352,71.93819444,10.11907407,3.675,0.613865741,6.961273148,15.7962037,15.74131944,15.67509259,1009.626273,0.004032407,0.409930556,182.4303241,2.615141204,195.0060185,0.158148148,0.011284722,0.182314815,0,0,21.35208333,52.74444444,11.22569444,20.89444444,9.777634259,1.179106991,0.022712963,221.7655093,97.14708333,17.26907074,17.38973648,17.15048544,78.26213592,13.06477115,3.159500693,0.52778086,6.202080444,17.25381415,17.41636616,17.40124827,1007.800416,0.000693481,0,192.70319,2.762454924,211.5797503,0.323023578,0.023106796,0.379056865,0,0,23.16920943,55.47295423,13.71539528,23.15117892,10.1589043,1.167115534,0.022468793,225.3495146,98.72662968,637
33.7,0.46,1324,0.343,0.815,0.748,0.597,0.686,0.541,0.728,0.739,0.862,17.70236967,17.83751367,17.56646008,67.73022238,10.85267955,1.129784907,0.189125046,4.07218374,17.70014583,17.51421801,17.51195771,1009.123843,0,0,155.5803864,2.230273423,169.7528254,0.036456435,0.002592052,0.051039008,0,0,22.97557419,48.87823551,11.60393729,22.61356179,9.060689027,1.1717716,0.019310973,227.447685,99.4713817,15.86222222,15.99331019,15.73039352,71.93819444,10.11907407,3.675,0.613865741,6.961273148,15.7962037,15.74131944,15.67509259,1009.626273,0.004032407,0.409930556,182.4303241,2.615141204,195.0060185,0.158148148,0.011284722,0.182314815,0,0,21.35208333,52.74444444,11.22569444,20.89444444,9.777634259,1.179106991,0.022712963,221.7655093,97.14708333,17.26907074,17.38973648,17.15048544,78.26213592,13.06477115,3.159500693,0.52778086,6.202080444,17.25381415,17.41636616,17.40124827,1007.800416,0.000693481,0,192.70319,2.762454924,211.5797503,0.323023578,0.023106796,0.379056865,0,0,23.16920943,55.47295423,13.71539528,23.15117892,10.1589043,1.167115534,0.022468793,225.3495146,98.72662968,612
36.6,0.466671272,1304.867223,0.4,0.792,0.608,0.588,0.681,0.582,0.732,0.748,0.881,17.70236967,17.83751367,17.56646008,67.73022238,10.85267955,1.129784907,0.189125046,4.07218374,17.70014583,17.51421801,17.51195771,1009.123843,0,0,155.5803864,2.230273423,169.7528254,0.036456435,0.002592052,0.051039008,0,0,22.97557419,48.87823551,11.60393729,22.61356179,9.060689027,1.1717716,0.019310973,227.447685,99.4713817,15.86222222,15.99331019,15.73039352,71.93819444,10.11907407,3.675,0.613865741,6.961273148,15.7962037,15.74131944,15.67509259,1009.626273,0.004032407,0.409930556,182.4303241,2.615141204,195.0060185,0.158148148,0.011284722,0.182314815,0,0,21.35208333,52.74444444,11.22569444,20.89444444,9.777634259,1.179106991,0.022712963,221.7655093,97.14708333,17.26907074,17.38973648,17.15048544,78.26213592,13.06477115,3.159500693,0.52778086,6.202080444,17.25381415,17.41636616,17.40124827,1007.800416,0.000693481,0,192.70319,2.762454924,211.5797503,0.323023578,0.023106796,0.379056865,0,0,23.16920943,55.47295423,13.71539528,23.15117892,10.1589043,1.167115534,0.022468793,225.3495146,98.72662968,583
44.2,0.466671272,1304.867223,0.443,0.773,0.643,0.622,0.63,0.482,0.706,0.716,0.835,17.70236967,17.83751367,17.56646008,67.73022238,10.85267955,1.129784907,0.189125046,4.07218374,17.70014583,17.51421801,17.51195771,1009.123843,0,0,155.5803864,2.230273423,169.7528254,0.036456435,0.002592052,0.051039008,0,0,22.97557419,48.87823551,11.60393729,22.61356179,9.060689027,1.1717716,0.019310973,227.447685,99.4713817,15.86222222,15.99331019,15.73039352,71.93819444,10.11907407,3.675,0.613865741,6.961273148,15.7962037,15.74131944,15.67509259,1009.626273,0.004032407,0.409930556,182.4303241,2.615141204,195.0060185,0.158148148,0.011284722,0.182314815,0,0,21.35208333,52.74444444,11.22569444,20.89444444,9.777634259,1.179106991,0.022712963,221.7655093,97.14708333,17.26907074,17.38973648,17.15048544,78.26213592,13.06477115,3.159500693,0.52778086,6.202080444,17.25381415,17.41636616,17.40124827,1007.800416,0.000693481,0,192.70319,2.762454924,211.5797503,0.323023578,0.023106796,0.379056865,0,0,23.16920943,55.47295423,13.71539528,23.15117892,10.1589043,1.167115534,0.022468793,225.3495146,98.72662968,605
35,0.48,914,0.472,0.723,0.669,0.576,0.643,0.593,0.725,0.748,0.873,17.70236967,17.83751367,17.56646008,67.73022238,10.85267955,1.129784907,0.189125046,4.07218374,17.70014583,17.51421801,17.51195771,1009.123843,0,0,155.5803864,2.230273423,169.7528254,0.036456435,0.002592052,0.051039008,0,0,22.97557419,48.87823551,11.60393729,22.61356179,9.060689027,1.1717716,0.019310973,227.447685,99.4713817,15.86222222,15.99331019,15.73039352,71.93819444,10.11907407,3.675,0.613865741,6.961273148,15.7962037,15.74131944,15.67509259,1009.626273,0.004032407,0.409930556,182.4303241,2.615141204,195.0060185,0.158148148,0.011284722,0.182314815,0,0,21.35208333,52.74444444,11.22569444,20.89444444,9.777634259,1.179106991,0.022712963,221.7655093,97.14708333,17.26907074,17.38973648,17.15048544,78.26213592,13.06477115,3.159500693,0.52778086,6.202080444,17.25381415,17.41636616,17.40124827,1007.800416,0.000693481,0,192.70319,2.762454924,211.5797503,0.323023578,0.023106796,0.379056865,0,0,23.16920943,55.47295423,13.71539528,23.15117892,10.1589043,1.167115534,0.022468793,225.3495146,98.72662968,446
41.6,0.46,1544,0.613,0.788,0.697,0.662,0.699,0.601,0.721,0.737,0.867,17.70236967,17.83751367,17.56646008,67.73022238,10.85267955,1.129784907,0.189125046,4.07218374,17.70014583,17.51421801,17.51195771,1009.123843,0,0,155.5803864,2.230273423,169.7528254,0.036456435,0.002592052,0.051039008,0,0,22.97557419,48.87823551,11.60393729,22.61356179,9.060689027,1.1717716,0.019310973,227.447685,99.4713817,15.86222222,15.99331019,15.73039352,71.93819444,10.11907407,3.675,0.613865741,6.961273148,15.7962037,15.74131944,15.67509259,1009.626273,0.004032407,0.409930556,182.4303241,2.615141204,195.0060185,0.158148148,0.011284722,0.182314815,0,0,21.35208333,52.74444444,11.22569444,20.89444444,9.777634259,1.179106991,0.022712963,221.7655093,97.14708333,17.26907074,17.38973648,17.15048544,78.26213592,13.06477115,3.159500693,0.52778086,6.202080444,17.25381415,17.41636616,17.40124827,1007.800416,0.000693481,0,192.70319,2.762454924,211.5797503,0.323023578,0.023106796,0.379056865,0,0,23.16920943,55.47295423,13.71539528,23.15117892,10.1589043,1.167115534,0.022468793,225.3495146,98.72662968,709
34.9,0.466671272,1304.867223,0.391,0.777,0.622,0.662,0.719,0.573,0.743,0.758,0.89,17.70236967,17.83751367,17.56646008,67.73022238,10.85267955,1.129784907,0.189125046,4.07218374,17.70014583,17.51421801,17.51195771,1009.123843,0,0,155.5803864,2.230273423,169.7528254,0.036456435,0.002592052,0.051039008,0,0,22.97557419,48.87823551,11.60393729,22.61356179,9.060689027,1.1717716,0.019310973,227.447685,99.4713817,15.86222222,15.99331019,15.73039352,71.93819444,10.11907407,3.675,0.613865741,6.961273148,15.7962037,15.74131944,15.67509259,1009.626273,0.004032407,0.409930556,182.4303241,2.615141204,195.0060185,0.158148148,0.011284722,0.182314815,0,0,21.35208333,52.74444444,11.22569444,20.89444444,9.777634259,1.179106991,0.022712963,221.7655093,97.14708333,17.26907074,17.38973648,17.15048544,78.26213592,13.06477115,3.159500693,0.52778086,6.202080444,17.25381415,17.41636616,17.40124827,1007.800416,0.000693481,0,192.70319,2.762454924,211.5797503,0.323023578,0.023106796,0.379056865,0,0,23.16920943,55.47295423,13.71539528,23.15117892,10.1589043,1.167115534,0.022468793,225.3495146,98.72662968,603
37.8,0.466671272,1304.867223,0.469,0.735,0.661,0.586,0.637,0.476,0.712,0.746,0.868,17.70236967,17.83751367,17.56646008,67.73022238,10.85267955,1.129784907,0.189125046,4.07218374,17.70014583,17.51421801,17.51195771,1009.123843,0,0,155.5803864,2.230273423,169.7528254,0.036456435,0.002592052,0.051039008,0,0,22.97557419,48.87823551,11.60393729,22.61356179,9.060689027,1.1717716,0.019310973,227.447685,99.4713817,15.86222222,15.99331019,15.73039352,71.93819444,10.11907407,3.675,0.613865741,6.961273148,15.7962037,15.74131944,15.67509259,1009.626273,0.004032407,0.409930556,182.4303241,2.615141204,195.0060185,0.158148148,0.011284722,0.182314815,0,0,21.35208333,52.74444444,11.22569444,20.89444444,9.777634259,1.179106991,0.022712963,221.7655093,97.14708333,17.26907074,17.38973648,17.15048544,78.26213592,13.06477115,3.159500693,0.52778086,6.202080444,17.25381415,17.41636616,17.40124827,1007.800416,0.000693481,0,192.70319,2.762454924,211.5797503,0.323023578,0.023106796,0.379056865,0,0,23.16920943,55.47295423,13.71539528,23.15117892,10.1589043,1.167115534,0.022468793,225.3495146,98.72662968,633
43.7,0.466671272,1304.867223,0.356,0.65,0.61,0.603,0.634,0.501,0.7,0.716,0.848,17.70236967,17.83751367,17.56646008,67.73022238,10.85267955,1.129784907,0.189125046,4.07218374,17.70014583,17.51421801,17.51195771,1009.123843,0,0,155.5803864,2.230273423,169.7528254,0.036456435,0.002592052,0.051039008,0,0,22.97557419,48.87823551,11.60393729,22.61356179,9.060689027,1.1717716,0.019310973,227.447685,99.4713817,15.86222222,15.99331019,15.73039352,71.93819444,10.11907407,3.675,0.613865741,6.961273148,15.7962037,15.74131944,15.67509259,1009.626273,0.004032407,0.409930556,182.4303241,2.615141204,195.0060185,0.158148148,0.011284722,0.182314815,0,0,21.35208333,52.74444444,11.22569444,20.89444444,9.777634259,1.179106991,0.022712963,221.7655093,97.14708333,17.26907074,17.38973648,17.15048544,78.26213592,13.06477115,3.159500693,0.52778086,6.202080444,17.25381415,17.41636616,17.40124827,1007.800416,0.000693481,0,192.70319,2.762454924,211.5797503,0.323023578,0.023106796,0.379056865,0,0,23.16920943,55.47295423,13.71539528,23.15117892,10.1589043,1.167115534,0.022468793,225.3495146,98.72662968,639
39.7,0.51,1403,0.248,0.68,0.683,0.611,0.699,0.579,0.71,0.739,0.873,17.70236967,17.83751367,17.56646008,67.73022238,10.85267955,1.129784907,0.189125046,4.07218374,17.70014583,17.51421801,17.51195771,1009.123843,0,0,155.5803864,2.230273423,169.7528254,0.036456435,0.002592052,0.051039008,0,0,22.97557419,48.87823551,11.60393729,22.61356179,9.060689027,1.1717716,0.019310973,227.447685,99.4713817,15.86222222,15.99331019,15.73039352,71.93819444,10.11907407,3.675,0.613865741,6.961273148,15.7962037,15.74131944,15.67509259,1009.626273,0.004032407,0.409930556,182.4303241,2.615141204,195.0060185,0.158148148,0.011284722,0.182314815,0,0,21.35208333,52.74444444,11.22569444,20.89444444,9.777634259,1.179106991,0.022712963,221.7655093,97.14708333,17.26907074,17.38973648,17.15048544,78.26213592,13.06477115,3.159500693,0.52778086,6.202080444,17.25381415,17.41636616,17.40124827,1007.800416,0.000693481,0,192.70319,2.762454924,211.5797503,0.323023578,0.023106796,0.379056865,0,0,23.16920943,55.47295423,13.71539528,23.15117892,10.1589043,1.167115534,0.022468793,225.3495146,98.72662968,726
34.6,0.46,1112,0.314,0.781,0.632,0.561,0.646,0.512,0.705,0.728,0.851,17.70236967,17.83751367,17.56646008,67.73022238,10.85267955,1.129784907,0.189125046,4.07218374,17.70014583,17.51421801,17.51195771,1009.123843,0,0,155.5803864,2.230273423,169.7528254,0.036456435,0.002592052,0.051039008,0,0,22.97557419,48.87823551,11.60393729,22.61356179,9.060689027,1.1717716,0.019310973,227.447685,99.4713817,15.86222222,15.99331019,15.73039352,71.93819444,10.11907407,3.675,0.613865741,6.961273148,15.7962037,15.74131944,15.67509259,1009.626273,0.004032407,0.409930556,182.4303241,2.615141204,195.0060185,0.158148148,0.011284722,0.182314815,0,0,21.35208333,52.74444444,11.22569444,20.89444444,9.777634259,1.179106991,0.022712963,221.7655093,97.14708333,17.26907074,17.38973648,17.15048544,78.26213592,13.06477115,3.159500693,0.52778086,6.202080444,17.25381415,17.41636616,17.40124827,1007.800416,0.000693481,0,192.70319,2.762454924,211.5797503,0.323023578,0.023106796,0.379056865,0,0,23.16920943,55.47295423,13.71539528,23.15117892,10.1589043,1.167115534,0.022468793,225.3495146,98.72662968,478
50.5,0.47,1467,0.993,0.769,0.682,0.633,0.68,0.466,0.711,0.728,0.853,17.70236967,17.83751367,17.56646008,67.73022238,10.85267955,1.129784907,0.189125046,4.07218374,17.70014583,17.51421801,17.51195771,1009.123843,0,0,155.5803864,2.230273423,169.7528254,0.036456435,0.002592052,0.051039008,0,0,22.97557419,48.87823551,11.60393729,22.61356179,9.060689027,1.1717716,0.019310973,227.447685,99.4713817,15.86222222,15.99331019,15.73039352,71.93819444,10.11907407,3.675,0.613865741,6.961273148,15.7962037,15.74131944,15.67509259,1009.626273,0.004032407,0.409930556,182.4303241,2.615141204,195.0060185,0.158148148,0.011284722,0.182314815,0,0,21.35208333,52.74444444,11.22569444,20.89444444,9.777634259,1.179106991,0.022712963,221.7655093,97.14708333,17.26907074,17.38973648,17.15048544,78.26213592,13.06477115,3.159500693,0.52778086,6.202080444,17.25381415,17.41636616,17.40124827,1007.800416,0.000693481,0,192.70319,2.762454924,211.5797503,0.323023578,0.023106796,0.379056865,0,0,23.16920943,55.47295423,13.71539528,23.15117892,10.1589043,1.167115534,0.022468793,225.3495146,98.72662968,679
41.8,0.466671272,1304.867223,0.428,0.773,0.627,0.62,0.677,0.528,0.707,0.728,0.842,17.70236967,17.83751367,17.56646008,67.73022238,10.85267955,1.129784907,0.189125046,4.07218374,17.70014583,17.51421801,17.51195771,1009.123843,0,0,155.5803864,2.230273423,169.7528254,0.036456435,0.002592052,0.051039008,0,0,22.97557419,48.87823551,11.60393729,22.61356179,9.060689027,1.1717716,0.019310973,227.447685,99.4713817,15.86222222,15.99331019,15.73039352,71.93819444,10.11907407,3.675,0.613865741,6.961273148,15.7962037,15.74131944,15.67509259,1009.626273,0.004032407,0.409930556,182.4303241,2.615141204,195.0060185,0.158148148,0.011284722,0.182314815,0,0,21.35208333,52.74444444,11.22569444,20.89444444,9.777634259,1.179106991,0.022712963,221.7655093,97.14708333,17.26907074,17.38973648,17.15048544,78.26213592,13.06477115,3.159500693,0.52778086,6.202080444,17.25381415,17.41636616,17.40124827,1007.800416,0.000693481,0,192.70319,2.762454924,211.5797503,0.323023578,0.023106796,0.379056865,0,0,23.16920943,55.47295423,13.71539528,23.15117892,10.1589043,1.167115534,0.022468793,225.3495146,98.72662968,721
40.3,0.466671272,1304.867223,0.393,0.751,0.665,0.582,0.726,0.485,0.702,0.721,0.859,17.70236967,17.83751367,17.56646008,67.73022238,10.85267955,1.129784907,0.189125046,4.07218374,17.70014583,17.51421801,17.51195771,1009.123843,0,0,155.5803864,2.230273423,169.7528254,0.036456435,0.002592052,0.051039008,0,0,22.97557419,48.87823551,11.60393729,22.61356179,9.060689027,1.1717716,0.019310973,227.447685,99.4713817,15.86222222,15.99331019,15.73039352,71.93819444,10.11907407,3.675,0.613865741,6.961273148,15.7962037,15.74131944,15.67509259,1009.626273,0.004032407,0.409930556,182.4303241,2.615141204,195.0060185,0.158148148,0.011284722,0.182314815,0,0,21.35208333,52.74444444,11.22569444,20.89444444,9.777634259,1.179106991,0.022712963,221.7655093,97.14708333,17.26907074,17.38973648,17.15048544,78.26213592,13.06477115,3.159500693,0.52778086,6.202080444,17.25381415,17.41636616,17.40124827,1007.800416,0.000693481,0,192.70319,2.762454924,211.5797503,0.323023578,0.023106796,0.379056865,0,0,23.16920943,55.47295423,13.71539528,23.15117892,10.1589043,1.167115534,0.022468793,225.3495146,98.72662968,592
38.2,0.466671272,1304.867223,0.424,0.785,0.682,0.582,0.643,0.504,0.712,0.716,0.834,17.70236967,17.83751367,17.56646008,67.73022238,10.85267955,1.129784907,0.189125046,4.07218374,17.70014583,17.51421801,17.51195771,1009.123843,0,0,155.5803864,2.230273423,169.7528254,0.036456435,0.002592052,0.051039008,0,0,22.97557419,48.87823551,11.60393729,22.61356179,9.060689027,1.1717716,0.019310973,227.447685,99.4713817,15.86222222,15.99331019,15.73039352,71.93819444,10.11907407,3.675,0.613865741,6.961273148,15.7962037,15.74131944,15.67509259,1009.626273,0.004032407,0.409930556,182.4303241,2.615141204,195.0060185,0.158148148,0.011284722,0.182314815,0,0,21.35208333,52.74444444,11.22569444,20.89444444,9.777634259,1.179106991,0.022712963,221.7655093,97.14708333,17.26907074,17.38973648,17.15048544,78.26213592,13.06477115,3.159500693,0.52778086,6.202080444,17.25381415,17.41636616,17.40124827,1007.800416,0.000693481,0,192.70319,2.762454924,211.5797503,0.323023578,0.023106796,0.379056865,0,0,23.16920943,55.47295423,13.71539528,23.15117892,10.1589043,1.167115534,0.022468793,225.3495146,98.72662968,766
32.1,0.466671272,1304.867223,0.37,0.794,0.742,0.61,0.622,0.463,0.719,0.723,0.87,17.70236967,17.83751367,17.56646008,67.73022238,10.85267955,1.129784907,0.189125046,4.07218374,17.70014583,17.51421801,17.51195771,1009.123843,0,0,155.5803864,2.230273423,169.7528254,0.036456435,0.002592052,0.051039008,0,0,22.97557419,48.87823551,11.60393729,22.61356179,9.060689027,1.1717716,0.019310973,227.447685,99.4713817,15.86222222,15.99331019,15.73039352,71.93819444,10.11907407,3.675,0.613865741,6.961273148,15.7962037,15.74131944,15.67509259,1009.626273,0.004032407,0.409930556,182.4303241,2.615141204,195.0060185,0.158148148,0.011284722,0.182314815,0,0,21.35208333,52.74444444,11.22569444,20.89444444,9.777634259,1.179106991,0.022712963,221.7655093,97.14708333,17.26907074,17.38973648,17.15048544,78.26213592,13.06477115,3.159500693,0.52778086,6.202080444,17.25381415,17.41636616,17.40124827,1007.800416,0.000693481,0,192.70319,2.762454924,211.5797503,0.323023578,0.023106796,0.379056865,0,0,23.16920943,55.47295423,13.71539528,23.15117892,10.1589043,1.167115534,0.022468793,225.3495146,98.72662968,533
36.9,0.45,1063,1.012,0.77,0.534,0.552,0.663,0.485,0.695,0.722,0.864,17.70236967,17.83751367,17.56646008,67.73022238,10.85267955,1.129784907,0.189125046,4.07218374,17.70014583,17.51421801,17.51195771,1009.123843,0,0,155.5803864,2.230273423,169.7528254,0.036456435,0.002592052,0.051039008,0,0,22.97557419,48.87823551,11.60393729,22.61356179,9.060689027,1.1717716,0.019310973,227.447685,99.4713817,15.86222222,15.99331019,15.73039352,71.93819444,10.11907407,3.675,0.613865741,6.961273148,15.7962037,15.74131944,15.67509259,1009.626273,0.004032407,0.409930556,182.4303241,2.615141204,195.0060185,0.158148148,0.011284722,0.182314815,0,0,21.35208333,52.74444444,11.22569444,20.89444444,9.777634259,1.179106991,0.022712963,221.7655093,97.14708333,17.26907074,17.38973648,17.15048544,78.26213592,13.06477115,3.159500693,0.52778086,6.202080444,17.25381415,17.41636616,17.40124827,1007.800416,0.000693481,0,192.70319,2.762454924,211.5797503,0.323023578,0.023106796,0.379056865,0,0,23.16920943,55.47295423,13.71539528,23.15117892,10.1589043,1.167115534,0.022468793,225.3495146,98.72662968,470
33.8,0.39,1652,0.469,0.737,0.675,0.619,0.66,0.524,0.713,0.701,0.847,17.70236967,17.83751367,17.56646008,67.73022238,10.85267955,1.129784907,0.189125046,4.07218374,17.70014583,17.51421801,17.51195771,1009.123843,0,0,155.5803864,2.230273423,169.7528254,0.036456435,0.002592052,0.051039008,0,0,22.97557419,48.87823551,11.60393729,22.61356179,9.060689027,1.1717716,0.019310973,227.447685,99.4713817,15.86222222,15.99331019,15.73039352,71.93819444,10.11907407,3.675,0.613865741,6.961273148,15.7962037,15.74131944,15.67509259,1009.626273,0.004032407,0.409930556,182.4303241,2.615141204,195.0060185,0.158148148,0.011284722,0.182314815,0,0,21.35208333,52.74444444,11.22569444,20.89444444,9.777634259,1.179106991,0.022712963,221.7655093,97.14708333,17.26907074,17.38973648,17.15048544,78.26213592,13.06477115,3.159500693,0.52778086,6.202080444,17.25381415,17.41636616,17.40124827,1007.800416,0.000693481,0,192.70319,2.762454924,211.5797503,0.323023578,0.023106796,0.379056865,0,0,23.16920943,55.47295423,13.71539528,23.15117892,10.1589043,1.167115534,0.022468793,225.3495146,98.72662968,625
37.3,0.47,1490,0.41,0.79,0.646,0.563,0.686,0.534,0.729,0.747,0.864,17.70236967,17.83751367,17.56646008,67.73022238,10.85267955,1.129784907,0.189125046,4.07218374,17.70014583,17.51421801,17.51195771,1009.123843,0,0,155.5803864,2.230273423,169.7528254,0.036456435,0.002592052,0.051039008,0,0,22.97557419,48.87823551,11.60393729,22.61356179,9.060689027,1.1717716,0.019310973,227.447685,99.4713817,15.86222222,15.99331019,15.73039352,71.93819444,10.11907407,3.675,0.613865741,6.961273148,15.7962037,15.74131944,15.67509259,1009.626273,0.004032407,0.409930556,182.4303241,2.615141204,195.0060185,0.158148148,0.011284722,0.182314815,0,0,21.35208333,52.74444444,11.22569444,20.89444444,9.777634259,1.179106991,0.022712963,221.7655093,97.14708333,17.26907074,17.38973648,17.15048544,78.26213592,13.06477115,3.159500693,0.52778086,6.202080444,17.25381415,17.41636616,17.40124827,1007.800416,0.000693481,0,192.70319,2.762454924,211.5797503,0.323023578,0.023106796,0.379056865,0,0,23.16920943,55.47295423,13.71539528,23.15117892,10.1589043,1.167115534,0.022468793,225.3495146,98.72662968,681
42.3,0.5,1410,0.502,0.779,0.689,0.643,0.686,0.571,0.721,0.729,0.85,17.70236967,17.83751367,17.56646008,67.73022238,10.85267955,1.129784907,0.189125046,4.07218374,17.70014583,17.51421801,17.51195771,1009.123843,0,0,155.5803864,2.230273423,169.7528254,0.036456435,0.002592052,0.051039008,0,0,22.97557419,48.87823551,11.60393729,22.61356179,9.060689027,1.1717716,0.019310973,227.447685,99.4713817,15.86222222,15.99331019,15.73039352,71.93819444,10.11907407,3.675,0.613865741,6.961273148,15.7962037,15.74131944,15.67509259,1009.626273,0.004032407,0.409930556,182.4303241,2.615141204,195.0060185,0.158148148,0.011284722,0.182314815,0,0,21.35208333,52.74444444,11.22569444,20.89444444,9.777634259,1.179106991,0.022712963,221.7655093,97.14708333,17.26907074,17.38973648,17.15048544,78.26213592,13.06477115,3.159500693,0.52778086,6.202080444,17.25381415,17.41636616,17.40124827,1007.800416,0.000693481,0,192.70319,2.762454924,211.5797503,0.323023578,0.023106796,0.379056865,0,0,23.16920943,55.47295423,13.71539528,23.15117892,10.1589043,1.167115534,0.022468793,225.3495146,98.72662968,670
42.2,0.45,1432,0.398,0.761,0.577,0.614,0.7,0.612,0.725,0.74,0.855,17.70236967,17.83751367,17.56646008,67.73022238,10.85267955,1.129784907,0.189125046,4.07218374,17.70014583,17.51421801,17.51195771,1009.123843,0,0,155.5803864,2.230273423,169.7528254,0.036456435,0.002592052,0.051039008,0,0,22.97557419,48.87823551,11.60393729,22.61356179,9.060689027,1.1717716,0.019310973,227.447685,99.4713817,15.86222222,15.99331019,15.73039352,71.93819444,10.11907407,3.675,0.613865741,6.961273148,15.7962037,15.74131944,15.67509259,1009.626273,0.004032407,0.409930556,182.4303241,2.615141204,195.0060185,0.158148148,0.011284722,0.182314815,0,0,21.35208333,52.74444444,11.22569444,20.89444444,9.777634259,1.179106991,0.022712963,221.7655093,97.14708333,17.26907074,17.38973648,17.15048544,78.26213592,13.06477115,3.159500693,0.52778086,6.202080444,17.25381415,17.41636616,17.40124827,1007.800416,0.000693481,0,192.70319,2.762454924,211.5797503,0.323023578,0.023106796,0.379056865,0,0,23.16920943,55.47295423,13.71539528,23.15117892,10.1589043,1.167115534,0.022468793,225.3495146,98.72662968,623
33.6,0.466671272,1304.867223,0.288058647,0.712,0.542,0.576,0.617,0.52,0.722,0.729,0.858,17.70236967,17.83751367,17.56646008,67.73022238,10.85267955,1.129784907,0.189125046,4.07218374,17.70014583,17.51421801,17.51195771,1009.123843,0,0,155.5803864,2.230273423,169.7528254,0.036456435,0.002592052,0.051039008,0,0,22.97557419,48.87823551,11.60393729,22.61356179,9.060689027,1.1717716,0.019310973,227.447685,99.4713817,15.86222222,15.99331019,15.73039352,71.93819444,10.11907407,3.675,0.613865741,6.961273148,15.7962037,15.74131944,15.67509259,1009.626273,0.004032407,0.409930556,182.4303241,2.615141204,195.0060185,0.158148148,0.011284722,0.182314815,0,0,21.35208333,52.74444444,11.22569444,20.89444444,9.777634259,1.179106991,0.022712963,221.7655093,97.14708333,17.26907074,17.38973648,17.15048544,78.26213592,13.06477115,3.159500693,0.52778086,6.202080444,17.25381415,17.41636616,17.40124827,1007.800416,0.000693481,0,192.70319,2.762454924,211.5797503,0.323023578,0.023106796,0.379056865,0,0,23.16920943,55.47295423,13.71539528,23.15117892,10.1589043,1.167115534,0.022468793,225.3495146,98.72662968,611
44.7,0.51,1362,0.406,0.778,0.707,0.564,0.603,0.497,0.709,0.724,0.856,17.70236967,17.83751367,17.56646008,67.73022238,10.85267955,1.129784907,0.189125046,4.07218374,17.70014583,17.51421801,17.51195771,1009.123843,0,0,155.5803864,2.230273423,169.7528254,0.036456435,0.002592052,0.051039008,0,0,22.97557419,48.87823551,11.60393729,22.61356179,9.060689027,1.1717716,0.019310973,227.447685,99.4713817,15.86222222,15.99331019,15.73039352,71.93819444,10.11907407,3.675,0.613865741,6.961273148,15.7962037,15.74131944,15.67509259,1009.626273,0.004032407,0.409930556,182.4303241,2.615141204,195.0060185,0.158148148,0.011284722,0.182314815,0,0,21.35208333,52.74444444,11.22569444,20.89444444,9.777634259,1.179106991,0.022712963,221.7655093,97.14708333,17.26907074,17.38973648,17.15048544,78.26213592,13.06477115,3.159500693,0.52778086,6.202080444,17.25381415,17.41636616,17.40124827,1007.800416,0.000693481,0,192.70319,2.762454924,211.5797503,0.323023578,0.023106796,0.379056865,0,0,23.16920943,55.47295423,13.71539528,23.15117892,10.1589043,1.167115534,0.022468793,225.3495146,98.72662968,688
37.5,0.466671272,1304.867223,0.337,0.806,0.627,0.612,0.642,0.511,0.714,0.722,0.858,17.70236967,17.83751367,17.56646008,67.73022238,10.85267955,1.129784907,0.189125046,4.07218374,17.70014583,17.51421801,17.51195771,1009.123843,0,0,155.5803864,2.230273423,169.7528254,0.036456435,0.002592052,0.051039008,0,0,22.97557419,48.87823551,11.60393729,22.61356179,9.060689027,1.1717716,0.019310973,227.447685,99.4713817,15.86222222,15.99331019,15.73039352,71.93819444,10.11907407,3.675,0.613865741,6.961273148,15.7962037,15.74131944,15.67509259,1009.626273,0.004032407,0.409930556,182.4303241,2.615141204,195.0060185,0.158148148,0.011284722,0.182314815,0,0,21.35208333,52.74444444,11.22569444,20.89444444,9.777634259,1.179106991,0.022712963,221.7655093,97.14708333,17.26907074,17.38973648,17.15048544,78.26213592,13.06477115,3.159500693,0.52778086,6.202080444,17.25381415,17.41636616,17.40124827,1007.800416,0.000693481,0,192.70319,2.762454924,211.5797503,0.323023578,0.023106796,0.379056865,0,0,23.16920943,55.47295423,13.71539528,23.15117892,10.1589043,1.167115534,0.022468793,225.3495146,98.72662968,638
45.2,0.466671272,1304.867223,0.477,0.813,0.739,0.667,0.66,0.551,0.724,0.738,0.852,17.70236967,17.83751367,17.56646008,67.73022238,10.85267955,1.129784907,0.189125046,4.07218374,17.70014583,17.51421801,17.51195771,1009.123843,0,0,155.5803864,2.230273423,169.7528254,0.036456435,0.002592052,0.051039008,0,0,22.97557419,48.87823551,11.60393729,22.61356179,9.060689027,1.1717716,0.019310973,227.447685,99.4713817,15.86222222,15.99331019,15.73039352,71.93819444,10.11907407,3.675,0.613865741,6.961273148,15.7962037,15.74131944,15.67509259,1009.626273,0.004032407,0.409930556,182.4303241,2.615141204,195.0060185,0.158148148,0.011284722,0.182314815,0,0,21.35208333,52.74444444,11.22569444,20.89444444,9.777634259,1.179106991,0.022712963,221.7655093,97.14708333,17.26907074,17.38973648,17.15048544,78.26213592,13.06477115,3.159500693,0.52778086,6.202080444,17.25381415,17.41636616,17.40124827,1007.800416,0.000693481,0,192.70319,2.762454924,211.5797503,0.323023578,0.023106796,0.379056865,0,0,23.16920943,55.47295423,13.71539528,23.15117892,10.1589043,1.167115534,0.022468793,225.3495146,98.72662968,714
34.5,0.466671272,1304.867223,0.286,0.739,0.605,0.585,0.673,0.59,0.721,0.733,0.865,17.70236967,17.83751367,17.56646008,67.73022238,10.85267955,1.129784907,0.189125046,4.07218374,17.70014583,17.51421801,17.51195771,1009.123843,0,0,155.5803864,2.230273423,169.7528254,0.036456435,0.002592052,0.051039008,0,0,22.97557419,48.87823551,11.60393729,22.61356179,9.060689027,1.1717716,0.019310973,227.447685,99.4713817,15.86222222,15.99331019,15.73039352,71.93819444,10.11907407,3.675,0.613865741,6.961273148,15.7962037,15.74131944,15.67509259,1009.626273,0.004032407,0.409930556,182.4303241,2.615141204,195.0060185,0.158148148,0.011284722,0.182314815,0,0,21.35208333,52.74444444,11.22569444,20.89444444,9.777634259,1.179106991,0.022712963,221.7655093,97.14708333,17.26907074,17.38973648,17.15048544,78.26213592,13.06477115,3.159500693,0.52778086,6.202080444,17.25381415,17.41636616,17.40124827,1007.800416,0.000693481,0,192.70319,2.762454924,211.5797503,0.323023578,0.023106796,0.379056865,0,0,23.16920943,55.47295423,13.71539528,23.15117892,10.1589043,1.167115534,0.022468793,225.3495146,98.72662968,548
39.7,0.466671272,1304.867223,0.502,0.766,0.721,0.669,0.654,0.549,0.723,0.742,0.862,17.70236967,17.83751367,17.56646008,67.73022238,10.85267955,1.129784907,0.189125046,4.07218374,17.70014583,17.51421801,17.51195771,1009.123843,0,0,155.5803864,2.230273423,169.7528254,0.036456435,0.002592052,0.051039008,0,0,22.97557419,48.87823551,11.60393729,22.61356179,9.060689027,1.1717716,0.019310973,227.447685,99.4713817,15.86222222,15.99331019,15.73039352,71.93819444,10.11907407,3.675,0.613865741,6.961273148,15.7962037,15.74131944,15.67509259,1009.626273,0.004032407,0.409930556,182.4303241,2.615141204,195.0060185,0.158148148,0.011284722,0.182314815,0,0,21.35208333,52.74444444,11.22569444,20.89444444,9.777634259,1.179106991,0.022712963,221.7655093,97.14708333,17.26907074,17.38973648,17.15048544,78.26213592,13.06477115,3.159500693,0.52778086,6.202080444,17.25381415,17.41636616,17.40124827,1007.800416,0.000693481,0,192.70319,2.762454924,211.5797503,0.323023578,0.023106796,0.379056865,0,0,23.16920943,55.47295423,13.71539528,23.15117892,10.1589043,1.167115534,0.022468793,225.3495146,98.72662968,654
37.3,0.466671272,1304.867223,0.453,0.798,0.686,0.563,0.68,0.551,0.725,0.747,0.867,17.70236967,17.83751367,17.56646008,67.73022238,10.85267955,1.129784907,0.189125046,4.07218374,17.70014583,17.51421801,17.51195771,1009.123843,0,0,155.5803864,2.230273423,169.7528254,0.036456435,0.002592052,0.051039008,0,0,22.97557419,48.87823551,11.60393729,22.61356179,9.060689027,1.1717716,0.019310973,227.447685,99.4713817,15.86222222,15.99331019,15.73039352,71.93819444,10.11907407,3.675,0.613865741,6.961273148,15.7962037,15.74131944,15.67509259,1009.626273,0.004032407,0.409930556,182.4303241,2.615141204,195.0060185,0.158148148,0.011284722,0.182314815,0,0,21.35208333,52.74444444,11.22569444,20.89444444,9.777634259,1.179106991,0.022712963,221.7655093,97.14708333,17.26907074,17.38973648,17.15048544,78.26213592,13.06477115,3.159500693,0.52778086,6.202080444,17.25381415,17.41636616,17.40124827,1007.800416,0.000693481,0,192.70319,2.762454924,211.5797503,0.323023578,0.023106796,0.379056865,0,0,23.16920943,55.47295423,13.71539528,23.15117892,10.1589043,1.167115534,0.022468793,225.3495146,98.72662968,659
37.9,0.466671272,1304.867223,0.54,0.759,0.637,0.634,0.659,0.528,0.72,0.738,0.863,17.70236967,17.83751367,17.56646008,67.73022238,10.85267955,1.129784907,0.189125046,4.07218374,17.70014583,17.51421801,17.51195771,1009.123843,0,0,155.5803864,2.230273423,169.7528254,0.036456435,0.002592052,0.051039008,0,0,22.97557419,48.87823551,11.60393729,22.61356179,9.060689027,1.1717716,0.019310973,227.447685,99.4713817,15.86222222,15.99331019,15.73039352,71.93819444,10.11907407,3.675,0.613865741,6.961273148,15.7962037,15.74131944,15.67509259,1009.626273,0.004032407,0.409930556,182.4303241,2.615141204,195.0060185,0.158148148,0.011284722,0.182314815,0,0,21.35208333,52.74444444,11.22569444,20.89444444,9.777634259,1.179106991,0.022712963,221.7655093,97.14708333,17.26907074,17.38973648,17.15048544,78.26213592,13.06477115,3.159500693,0.52778086,6.202080444,17.25381415,17.41636616,17.40124827,1007.800416,0.000693481,0,192.70319,2.762454924,211.5797503,0.323023578,0.023106796,0.379056865,0,0,23.16920943,55.47295423,13.71539528,23.15117892,10.1589043,1.167115534,0.022468793,225.3495146,98.72662968,700
35,0.466671272,1304.867223,0.449,0.77,0.663,0.721,0.719,0.638,0.731,0.753,0.872,17.70236967,17.83751367,17.56646008,67.73022238,10.85267955,1.129784907,0.189125046,4.07218374,17.70014583,17.51421801,17.51195771,1009.123843,0,0,155.5803864,2.230273423,169.7528254,0.036456435,0.002592052,0.051039008,0,0,22.97557419,48.87823551,11.60393729,22.61356179,9.060689027,1.1717716,0.019310973,227.447685,99.4713817,15.86222222,15.99331019,15.73039352,71.93819444,10.11907407,3.675,0.613865741,6.961273148,15.7962037,15.74131944,15.67509259,1009.626273,0.004032407,0.409930556,182.4303241,2.615141204,195.0060185,0.158148148,0.011284722,0.182314815,0,0,21.35208333,52.74444444,11.22569444,20.89444444,9.777634259,1.179106991,0.022712963,221.7655093,97.14708333,17.26907074,17.38973648,17.15048544,78.26213592,13.06477115,3.159500693,0.52778086,6.202080444,17.25381415,17.41636616,17.40124827,1007.800416,0.000693481,0,192.70319,2.762454924,211.5797503,0.323023578,0.023106796,0.379056865,0,0,23.16920943,55.47295423,13.71539528,23.15117892,10.1589043,1.167115534,0.022468793,225.3495146,98.72662968,709
38.4,0.466671272,1304.867223,0.407,0.789,0.719,0.662,0.666,0.589,0.724,0.73,0.852,17.70236967,17.83751367,17.56646008,67.73022238,10.85267955,1.129784907,0.189125046,4.07218374,17.70014583,17.51421801,17.51195771,1009.123843,0,0,155.5803864,2.230273423,169.7528254,0.036456435,0.002592052,0.051039008,0,0,22.97557419,48.87823551,11.60393729,22.61356179,9.060689027,1.1717716,0.019310973,227.447685,99.4713817,15.86222222,15.99331019,15.73039352,71.93819444,10.11907407,3.675,0.613865741,6.961273148,15.7962037,15.74131944,15.67509259,1009.626273,0.004032407,0.409930556,182.4303241,2.615141204,195.0060185,0.158148148,0.011284722,0.182314815,0,0,21.35208333,52.74444444,11.22569444,20.89444444,9.777634259,1.179106991,0.022712963,221.7655093,97.14708333,17.26907074,17.38973648,17.15048544,78.26213592,13.06477115,3.159500693,0.52778086,6.202080444,17.25381415,17.41636616,17.40124827,1007.800416,0.000693481,0,192.70319,2.762454924,211.5797503,0.323023578,0.023106796,0.379056865,0,0,23.16920943,55.47295423,13.71539528,23.15117892,10.1589043,1.167115534,0.022468793,225.3495146,98.72662968,728
37.8,0.5,1270,0.264,0.783,0.667,0.638,0.65,0.493,0.707,0.715,0.839,17.70236967,17.83751367,17.56646008,67.73022238,10.85267955,1.129784907,0.189125046,4.07218374,17.70014583,17.51421801,17.51195771,1009.123843,0,0,155.5803864,2.230273423,169.7528254,0.036456435,0.002592052,0.051039008,0,0,22.97557419,48.87823551,11.60393729,22.61356179,9.060689027,1.1717716,0.019310973,227.447685,99.4713817,15.86222222,15.99331019,15.73039352,71.93819444,10.11907407,3.675,0.613865741,6.961273148,15.7962037,15.74131944,15.67509259,1009.626273,0.004032407,0.409930556,182.4303241,2.615141204,195.0060185,0.158148148,0.011284722,0.182314815,0,0,21.35208333,52.74444444,11.22569444,20.89444444,9.777634259,1.179106991,0.022712963,221.7655093,97.14708333,17.26907074,17.38973648,17.15048544,78.26213592,13.06477115,3.159500693,0.52778086,6.202080444,17.25381415,17.41636616,17.40124827,1007.800416,0.000693481,0,192.70319,2.762454924,211.5797503,0.323023578,0.023106796,0.379056865,0,0,23.16920943,55.47295423,13.71539528,23.15117892,10.1589043,1.167115534,0.022468793,225.3495146,98.72662968,632
38,0.466671272,1304.867223,0.373,0.808,0.702,0.639,0.687,0.512,0.726,0.739,0.859,17.70236967,17.83751367,17.56646008,67.73022238,10.85267955,1.129784907,0.189125046,4.07218374,17.70014583,17.51421801,17.51195771,1009.123843,0,0,155.5803864,2.230273423,169.7528254,0.036456435,0.002592052,0.051039008,0,0,22.97557419,48.87823551,11.60393729,22.61356179,9.060689027,1.1717716,0.019310973,227.447685,99.4713817,15.86222222,15.99331019,15.73039352,71.93819444,10.11907407,3.675,0.613865741,6.961273148,15.7962037,15.74131944,15.67509259,1009.626273,0.004032407,0.409930556,182.4303241,2.615141204,195.0060185,0.158148148,0.011284722,0.182314815,0,0,21.35208333,52.74444444,11.22569444,20.89444444,9.777634259,1.179106991,0.022712963,221.7655093,97.14708333,17.26907074,17.38973648,17.15048544,78.26213592,13.06477115,3.159500693,0.52778086,6.202080444,17.25381415,17.41636616,17.40124827,1007.800416,0.000693481,0,192.70319,2.762454924,211.5797503,0.323023578,0.023106796,0.379056865,0,0,23.16920943,55.47295423,13.71539528,23.15117892,10.1589043,1.167115534,0.022468793,225.3495146,98.72662968,667
41.9,0.466671272,1304.867223,0.22,0.734,0.643,0.573,0.643,0.575,0.713,0.724,0.863,17.70236967,17.83751367,17.56646008,67.73022238,10.85267955,1.129784907,0.189125046,4.07218374,17.70014583,17.51421801,17.51195771,1009.123843,0,0,155.5803864,2.230273423,169.7528254,0.036456435,0.002592052,0.051039008,0,0,22.97557419,48.87823551,11.60393729,22.61356179,9.060689027,1.1717716,0.019310973,227.447685,99.4713817,15.86222222,15.99331019,15.73039352,71.93819444,10.11907407,3.675,0.613865741,6.961273148,15.7962037,15.74131944,15.67509259,1009.626273,0.004032407,0.409930556,182.4303241,2.615141204,195.0060185,0.158148148,0.011284722,0.182314815,0,0,21.35208333,52.74444444,11.22569444,20.89444444,9.777634259,1.179106991,0.022712963,221.7655093,97.14708333,17.26907074,17.38973648,17.15048544,78.26213592,13.06477115,3.159500693,0.52778086,6.202080444,17.25381415,17.41636616,17.40124827,1007.800416,0.000693481,0,192.70319,2.762454924,211.5797503,0.323023578,0.023106796,0.379056865,0,0,23.16920943,55.47295423,13.71539528,23.15117892,10.1589043,1.167115534,0.022468793,225.3495146,98.72662968,603
40.2,0.466671272,1304.867223,0.288058647,0.769,0.68,0.678,0.708,0.588,0.721,0.737,0.855,17.70236967,17.83751367,17.56646008,67.73022238,10.85267955,1.129784907,0.189125046,4.07218374,17.70014583,17.51421801,17.51195771,1009.123843,0,0,155.5803864,2.230273423,169.7528254,0.036456435,0.002592052,0.051039008,0,0,22.97557419,48.87823551,11.60393729,22.61356179,9.060689027,1.1717716,0.019310973,227.447685,99.4713817,15.86222222,15.99331019,15.73039352,71.93819444,10.11907407,3.675,0.613865741,6.961273148,15.7962037,15.74131944,15.67509259,1009.626273,0.004032407,0.409930556,182.4303241,2.615141204,195.0060185,0.158148148,0.011284722,0.182314815,0,0,21.35208333,52.74444444,11.22569444,20.89444444,9.777634259,1.179106991,0.022712963,221.7655093,97.14708333,17.26907074,17.38973648,17.15048544,78.26213592,13.06477115,3.159500693,0.52778086,6.202080444,17.25381415,17.41636616,17.40124827,1007.800416,0.000693481,0,192.70319,2.762454924,211.5797503,0.323023578,0.023106796,0.379056865,0,0,23.16920943,55.47295423,13.71539528,23.15117892,10.1589043,1.167115534,0.022468793,225.3495146,98.72662968,780
42.9,0.466671272,1304.867223,0.484,0.794,0.697,0.678,0.738,0.599,0.728,0.744,0.866,17.70236967,17.83751367,17.56646008,67.73022238,10.85267955,1.129784907,0.189125046,4.07218374,17.70014583,17.51421801,17.51195771,1009.123843,0,0,155.5803864,2.230273423,169.7528254,0.036456435,0.002592052,0.051039008,0,0,22.97557419,48.87823551,11.60393729,22.61356179,9.060689027,1.1717716,0.019310973,227.447685,99.4713817,15.86222222,15.99331019,15.73039352,71.93819444,10.11907407,3.675,0.613865741,6.961273148,15.7962037,15.74131944,15.67509259,1009.626273,0.004032407,0.409930556,182.4303241,2.615141204,195.0060185,0.158148148,0.011284722,0.182314815,0,0,21.35208333,52.74444444,11.22569444,20.89444444,9.777634259,1.179106991,0.022712963,221.7655093,97.14708333,17.26907074,17.38973648,17.15048544,78.26213592,13.06477115,3.159500693,0.52778086,6.202080444,17.25381415,17.41636616,17.40124827,1007.800416,0.000693481,0,192.70319,2.762454924,211.5797503,0.323023578,0.023106796,0.379056865,0,0,23.16920943,55.47295423,13.71539528,23.15117892,10.1589043,1.167115534,0.022468793,225.3495146,98.72662968,602
41,0.466671272,1304.867223,0.509,0.771,0.701,0.656,0.701,0.503,0.73,0.742,0.868,17.70236967,17.83751367,17.56646008,67.73022238,10.85267955,1.129784907,0.189125046,4.07218374,17.70014583,17.51421801,17.51195771,1009.123843,0,0,155.5803864,2.230273423,169.7528254,0.036456435,0.002592052,0.051039008,0,0,22.97557419,48.87823551,11.60393729,22.61356179,9.060689027,1.1717716,0.019310973,227.447685,99.4713817,15.86222222,15.99331019,15.73039352,71.93819444,10.11907407,3.675,0.613865741,6.961273148,15.7962037,15.74131944,15.67509259,1009.626273,0.004032407,0.409930556,182.4303241,2.615141204,195.0060185,0.158148148,0.011284722,0.182314815,0,0,21.35208333,52.74444444,11.22569444,20.89444444,9.777634259,1.179106991,0.022712963,221.7655093,97.14708333,17.26907074,17.38973648,17.15048544,78.26213592,13.06477115,3.159500693,0.52778086,6.202080444,17.25381415,17.41636616,17.40124827,1007.800416,0.000693481,0,192.70319,2.762454924,211.5797503,0.323023578,0.023106796,0.379056865,0,0,23.16920943,55.47295423,13.71539528,23.15117892,10.1589043,1.167115534,0.022468793,225.3495146,98.72662968,687
42.7,0.466671272,1304.867223,0.636,0.723,0.64,0.593,0.679,0.508,0.725,0.744,0.873,17.70236967,17.83751367,17.56646008,67.73022238,10.85267955,1.129784907,0.189125046,4.07218374,17.70014583,17.51421801,17.51195771,1009.123843,0,0,155.5803864,2.230273423,169.7528254,0.036456435,0.002592052,0.051039008,0,0,22.97557419,48.87823551,11.60393729,22.61356179,9.060689027,1.1717716,0.019310973,227.447685,99.4713817,15.86222222,15.99331019,15.73039352,71.93819444,10.11907407,3.675,0.613865741,6.961273148,15.7962037,15.74131944,15.67509259,1009.626273,0.004032407,0.409930556,182.4303241,2.615141204,195.0060185,0.158148148,0.011284722,0.182314815,0,0,21.35208333,52.74444444,11.22569444,20.89444444,9.777634259,1.179106991,0.022712963,221.7655093,97.14708333,17.26907074,17.38973648,17.15048544,78.26213592,13.06477115,3.159500693,0.52778086,6.202080444,17.25381415,17.41636616,17.40124827,1007.800416,0.000693481,0,192.70319,2.762454924,211.5797503,0.323023578,0.023106796,0.379056865,0,0,23.16920943,55.47295423,13.71539528,23.15117892,10.1589043,1.167115534,0.022468793,225.3495146,98.72662968,639
44.1,0.466671272,1304.867223,0.354,0.754,0.699,0.661,0.695,0.521,0.72,0.746,0.862,17.70236967,17.83751367,17.56646008,67.73022238,10.85267955,1.129784907,0.189125046,4.07218374,17.70014583,17.51421801,17.51195771,1009.123843,0,0,155.5803864,2.230273423,169.7528254,0.036456435,0.002592052,0.051039008,0,0,22.97557419,48.87823551,11.60393729,22.61356179,9.060689027,1.1717716,0.019310973,227.447685,99.4713817,15.86222222,15.99331019,15.73039352,71.93819444,10.11907407,3.675,0.613865741,6.961273148,15.7962037,15.74131944,15.67509259,1009.626273,0.004032407,0.409930556,182.4303241,2.615141204,195.0060185,0.158148148,0.011284722,0.182314815,0,0,21.35208333,52.74444444,11.22569444,20.89444444,9.777634259,1.179106991,0.022712963,221.7655093,97.14708333,17.26907074,17.38973648,17.15048544,78.26213592,13.06477115,3.159500693,0.52778086,6.202080444,17.25381415,17.41636616,17.40124827,1007.800416,0.000693481,0,192.70319,2.762454924,211.5797503,0.323023578,0.023106796,0.379056865,0,0,23.16920943,55.47295423,13.71539528,23.15117892,10.1589043,1.167115534,0.022468793,225.3495146,98.72662968,703
38.5,0.466671272,1304.867223,0.288058647,0.734,0.673,0.625,0.662,0.549,0.723,0.74,0.869,17.70236967,17.83751367,17.56646008,67.73022238,10.85267955,1.129784907,0.189125046,4.07218374,17.70014583,17.51421801,17.51195771,1009.123843,0,0,155.5803864,2.230273423,169.7528254,0.036456435,0.002592052,0.051039008,0,0,22.97557419,48.87823551,11.60393729,22.61356179,9.060689027,1.1717716,0.019310973,227.447685,99.4713817,15.86222222,15.99331019,15.73039352,71.93819444,10.11907407,3.675,0.613865741,6.961273148,15.7962037,15.74131944,15.67509259,1009.626273,0.004032407,0.409930556,182.4303241,2.615141204,195.0060185,0.158148148,0.011284722,0.182314815,0,0,21.35208333,52.74444444,11.22569444,20.89444444,9.777634259,1.179106991,0.022712963,221.7655093,97.14708333,17.26907074,17.38973648,17.15048544,78.26213592,13.06477115,3.159500693,0.52778086,6.202080444,17.25381415,17.41636616,17.40124827,1007.800416,0.000693481,0,192.70319,2.762454924,211.5797503,0.323023578,0.023106796,0.379056865,0,0,23.16920943,55.47295423,13.71539528,23.15117892,10.1589043,1.167115534,0.022468793,225.3495146,98.72662968,666
42.1,0.466671272,1304.867223,0.52,0.742,0.705,0.644,0.734,0.637,0.722,0.744,0.879,17.70236967,17.83751367,17.56646008,67.73022238,10.85267955,1.129784907,0.189125046,4.07218374,17.70014583,17.51421801,17.51195771,1009.123843,0,0,155.5803864,2.230273423,169.7528254,0.036456435,0.002592052,0.051039008,0,0,22.97557419,48.87823551,11.60393729,22.61356179,9.060689027,1.1717716,0.019310973,227.447685,99.4713817,15.86222222,15.99331019,15.73039352,71.93819444,10.11907407,3.675,0.613865741,6.961273148,15.7962037,15.74131944,15.67509259,1009.626273,0.004032407,0.409930556,182.4303241,2.615141204,195.0060185,0.158148148,0.011284722,0.182314815,0,0,21.35208333,52.74444444,11.22569444,20.89444444,9.777634259,1.179106991,0.022712963,221.7655093,97.14708333,17.26907074,17.38973648,17.15048544,78.26213592,13.06477115,3.159500693,0.52778086,6.202080444,17.25381415,17.41636616,17.40124827,1007.800416,0.000693481,0,192.70319,2.762454924,211.5797503,0.323023578,0.023106796,0.379056865,0,0,23.16920943,55.47295423,13.71539528,23.15117892,10.1589043,1.167115534,0.022468793,225.3495146,98.72662968,743
49,0.466671272,1304.867223,0.422,0.797,0.686,0.673,0.714,0.53,0.724,0.731,0.85,17.70236967,17.83751367,17.56646008,67.73022238,10.85267955,1.129784907,0.189125046,4.07218374,17.70014583,17.51421801,17.51195771,1009.123843,0,0,155.5803864,2.230273423,169.7528254,0.036456435,0.002592052,0.051039008,0,0,22.97557419,48.87823551,11.60393729,22.61356179,9.060689027,1.1717716,0.019310973,227.447685,99.4713817,15.86222222,15.99331019,15.73039352,71.93819444,10.11907407,3.675,0.613865741,6.961273148,15.7962037,15.74131944,15.67509259,1009.626273,0.004032407,0.409930556,182.4303241,2.615141204,195.0060185,0.158148148,0.011284722,0.182314815,0,0,21.35208333,52.74444444,11.22569444,20.89444444,9.777634259,1.179106991,0.022712963,221.7655093,97.14708333,17.26907074,17.38973648,17.15048544,78.26213592,13.06477115,3.159500693,0.52778086,6.202080444,17.25381415,17.41636616,17.40124827,1007.800416,0.000693481,0,192.70319,2.762454924,211.5797503,0.323023578,0.023106796,0.379056865,0,0,23.16920943,55.47295423,13.71539528,23.15117892,10.1589043,1.167115534,0.022468793,225.3495146,98.72662968,689
35.6,0.39,1599,0.281,0.774,0.7,0.645,0.693,0.551,0.734,0.751,0.872,17.70236967,17.83751367,17.56646008,67.73022238,10.85267955,1.129784907,0.189125046,4.07218374,17.70014583,17.51421801,17.51195771,1009.123843,0,0,155.5803864,2.230273423,169.7528254,0.036456435,0.002592052,0.051039008,0,0,22.97557419,48.87823551,11.60393729,22.61356179,9.060689027,1.1717716,0.019310973,227.447685,99.4713817,15.86222222,15.99331019,15.73039352,71.93819444,10.11907407,3.675,0.613865741,6.961273148,15.7962037,15.74131944,15.67509259,1009.626273,0.004032407,0.409930556,182.4303241,2.615141204,195.0060185,0.158148148,0.011284722,0.182314815,0,0,21.35208333,52.74444444,11.22569444,20.89444444,9.777634259,1.179106991,0.022712963,221.7655093,97.14708333,17.26907074,17.38973648,17.15048544,78.26213592,13.06477115,3.159500693,0.52778086,6.202080444,17.25381415,17.41636616,17.40124827,1007.800416,0.000693481,0,192.70319,2.762454924,211.5797503,0.323023578,0.023106796,0.379056865,0,0,23.16920943,55.47295423,13.71539528,23.15117892,10.1589043,1.167115534,0.022468793,225.3495146,98.72662968,614
39.6,0.5,1297,0.505,0.749,0.686,0.612,0.672,0.524,0.713,0.737,0.851,17.70236967,17.83751367,17.56646008,67.73022238,10.85267955,1.129784907,0.189125046,4.07218374,17.70014583,17.51421801,17.51195771,1009.123843,0,0,155.5803864,2.230273423,169.7528254,0.036456435,0.002592052,0.051039008,0,0,22.97557419,48.87823551,11.60393729,22.61356179,9.060689027,1.1717716,0.019310973,227.447685,99.4713817,15.86222222,15.99331019,15.73039352,71.93819444,10.11907407,3.675,0.613865741,6.961273148,15.7962037,15.74131944,15.67509259,1009.626273,0.004032407,0.409930556,182.4303241,2.615141204,195.0060185,0.158148148,0.011284722,0.182314815,0,0,21.35208333,52.74444444,11.22569444,20.89444444,9.777634259,1.179106991,0.022712963,221.7655093,97.14708333,17.26907074,17.38973648,17.15048544,78.26213592,13.06477115,3.159500693,0.52778086,6.202080444,17.25381415,17.41636616,17.40124827,1007.800416,0.000693481,0,192.70319,2.762454924,211.5797503,0.323023578,0.023106796,0.379056865,0,0,23.16920943,55.47295423,13.71539528,23.15117892,10.1589043,1.167115534,0.022468793,225.3495146,98.72662968,625
41.7,0.466671272,1304.867223,0.358,0.76,0.672,0.581,0.602,0.476,0.717,0.735,0.859,17.70236967,17.83751367,17.56646008,67.73022238,10.85267955,1.129784907,0.189125046,4.07218374,17.70014583,17.51421801,17.51195771,1009.123843,0,0,155.5803864,2.230273423,169.7528254,0.036456435,0.002592052,0.051039008,0,0,22.97557419,48.87823551,11.60393729,22.61356179,9.060689027,1.1717716,0.019310973,227.447685,99.4713817,15.86222222,15.99331019,15.73039352,71.93819444,10.11907407,3.675,0.613865741,6.961273148,15.7962037,15.74131944,15.67509259,1009.626273,0.004032407,0.409930556,182.4303241,2.615141204,195.0060185,0.158148148,0.011284722,0.182314815,0,0,21.35208333,52.74444444,11.22569444,20.89444444,9.777634259,1.179106991,0.022712963,221.7655093,97.14708333,17.26907074,17.38973648,17.15048544,78.26213592,13.06477115,3.159500693,0.52778086,6.202080444,17.25381415,17.41636616,17.40124827,1007.800416,0.000693481,0,192.70319,2.762454924,211.5797503,0.323023578,0.023106796,0.379056865,0,0,23.16920943,55.47295423,13.71539528,23.15117892,10.1589043,1.167115534,0.022468793,225.3495146,98.72662968,661
48.8,0.466671272,1304.867223,0.297,0.788,0.664,0.603,0.642,0.496,0.712,0.726,0.831,17.70236967,17.83751367,17.56646008,67.73022238,10.85267955,1.129784907,0.189125046,4.07218374,17.70014583,17.51421801,17.51195771,1009.123843,0,0,155.5803864,2.230273423,169.7528254,0.036456435,0.002592052,0.051039008,0,0,22.97557419,48.87823551,11.60393729,22.61356179,9.060689027,1.1717716,0.019310973,227.447685,99.4713817,15.86222222,15.99331019,15.73039352,71.93819444,10.11907407,3.675,0.613865741,6.961273148,15.7962037,15.74131944,15.67509259,1009.626273,0.004032407,0.409930556,182.4303241,2.615141204,195.0060185,0.158148148,0.011284722,0.182314815,0,0,21.35208333,52.74444444,11.22569444,20.89444444,9.777634259,1.179106991,0.022712963,221.7655093,97.14708333,17.26907074,17.38973648,17.15048544,78.26213592,13.06477115,3.159500693,0.52778086,6.202080444,17.25381415,17.41636616,17.40124827,1007.800416,0.000693481,0,192.70319,2.762454924,211.5797503,0.323023578,0.023106796,0.379056865,0,0,23.16920943,55.47295423,13.71539528,23.15117892,10.1589043,1.167115534,0.022468793,225.3495146,98.72662968,679
38.3,0.466671272,1304.867223,0.459,0.819,0.682,0.607,0.614,0.409,0.708,0.728,0.844,17.70236967,17.83751367,17.56646008,67.73022238,10.85267955,1.129784907,0.189125046,4.07218374,17.70014583,17.51421801,17.51195771,1009.123843,0,0,155.5803864,2.230273423,169.7528254,0.036456435,0.002592052,0.051039008,0,0,22.97557419,48.87823551,11.60393729,22.61356179,9.060689027,1.1717716,0.019310973,227.447685,99.4713817,15.86222222,15.99331019,15.73039352,71.93819444,10.11907407,3.675,0.613865741,6.961273148,15.7962037,15.74131944,15.67509259,1009.626273,0.004032407,0.409930556,182.4303241,2.615141204,195.0060185,0.158148148,0.011284722,0.182314815,0,0,21.35208333,52.74444444,11.22569444,20.89444444,9.777634259,1.179106991,0.022712963,221.7655093,97.14708333,17.26907074,17.38973648,17.15048544,78.26213592,13.06477115,3.159500693,0.52778086,6.202080444,17.25381415,17.41636616,17.40124827,1007.800416,0.000693481,0,192.70319,2.762454924,211.5797503,0.323023578,0.023106796,0.379056865,0,0,23.16920943,55.47295423,13.71539528,23.15117892,10.1589043,1.167115534,0.022468793,225.3495146,98.72662968,656
36.2,0.466671272,1304.867223,0.399,0.813,0.652,0.604,0.681,0.563,0.721,0.733,0.854,17.70236967,17.83751367,17.56646008,67.73022238,10.85267955,1.129784907,0.189125046,4.07218374,17.70014583,17.51421801,17.51195771,1009.123843,0,0,155.5803864,2.230273423,169.7528254,0.036456435,0.002592052,0.051039008,0,0,22.97557419,48.87823551,11.60393729,22.61356179,9.060689027,1.1717716,0.019310973,227.447685,99.4713817,15.86222222,15.99331019,15.73039352,71.93819444,10.11907407,3.675,0.613865741,6.961273148,15.7962037,15.74131944,15.67509259,1009.626273,0.004032407,0.409930556,182.4303241,2.615141204,195.0060185,0.158148148,0.011284722,0.182314815,0,0,21.35208333,52.74444444,11.22569444,20.89444444,9.777634259,1.179106991,0.022712963,221.7655093,97.14708333,17.26907074,17.38973648,17.15048544,78.26213592,13.06477115,3.159500693,0.52778086,6.202080444,17.25381415,17.41636616,17.40124827,1007.800416,0.000693481,0,192.70319,2.762454924,211.5797503,0.323023578,0.023106796,0.379056865,0,0,23.16920943,55.47295423,13.71539528,23.15117892,10.1589043,1.167115534,0.022468793,225.3495146,98.72662968,654
42.5,0.466671272,1304.867223,0.404,0.815,0.693,0.678,0.716,0.626,0.735,0.748,0.874,17.70236967,17.83751367,17.56646008,67.73022238,10.85267955,1.129784907,0.189125046,4.07218374,17.70014583,17.51421801,17.51195771,1009.123843,0,0,155.5803864,2.230273423,169.7528254,0.036456435,0.002592052,0.051039008,0,0,22.97557419,48.87823551,11.60393729,22.61356179,9.060689027,1.1717716,0.019310973,227.447685,99.4713817,15.86222222,15.99331019,15.73039352,71.93819444,10.11907407,3.675,0.613865741,6.961273148,15.7962037,15.74131944,15.67509259,1009.626273,0.004032407,0.409930556,182.4303241,2.615141204,195.0060185,0.158148148,0.011284722,0.182314815,0,0,21.35208333,52.74444444,11.22569444,20.89444444,9.777634259,1.179106991,0.022712963,221.7655093,97.14708333,17.26907074,17.38973648,17.15048544,78.26213592,13.06477115,3.159500693,0.52778086,6.202080444,17.25381415,17.41636616,17.40124827,1007.800416,0.000693481,0,192.70319,2.762454924,211.5797503,0.323023578,0.023106796,0.379056865,0,0,23.16920943,55.47295423,13.71539528,23.15117892,10.1589043,1.167115534,0.022468793,225.3495146,98.72662968,676
40.5,0.466671272,1304.867223,0.398,0.811,0.713,0.701,0.676,0.603,0.733,0.755,0.876,17.70236967,17.83751367,17.56646008,67.73022238,10.85267955,1.129784907,0.189125046,4.07218374,17.70014583,17.51421801,17.51195771,1009.123843,0,0,155.5803864,2.230273423,169.7528254,0.036456435,0.002592052,0.051039008,0,0,22.97557419,48.87823551,11.60393729,22.61356179,9.060689027,1.1717716,0.019310973,227.447685,99.4713817,15.86222222,15.99331019,15.73039352,71.93819444,10.11907407,3.675,0.613865741,6.961273148,15.7962037,15.74131944,15.67509259,1009.626273,0.004032407,0.409930556,182.4303241,2.615141204,195.0060185,0.158148148,0.011284722,0.182314815,0,0,21.35208333,52.74444444,11.22569444,20.89444444,9.777634259,1.179106991,0.022712963,221.7655093,97.14708333,17.26907074,17.38973648,17.15048544,78.26213592,13.06477115,3.159500693,0.52778086,6.202080444,17.25381415,17.41636616,17.40124827,1007.800416,0.000693481,0,192.70319,2.762454924,211.5797503,0.323023578,0.023106796,0.379056865,0,0,23.16920943,55.47295423,13.71539528,23.15117892,10.1589043,1.167115534,0.022468793,225.3495146,98.72662968,693
41.6,0.466671272,1304.867223,0.406,0.801,0.712,0.633,0.688,0.604,0.728,0.748,0.871,17.70236967,17.83751367,17.56646008,67.73022238,10.85267955,1.129784907,0.189125046,4.07218374,17.70014583,17.51421801,17.51195771,1009.123843,0,0,155.5803864,2.230273423,169.7528254,0.036456435,0.002592052,0.051039008,0,0,22.97557419,48.87823551,11.60393729,22.61356179,9.060689027,1.1717716,0.019310973,227.447685,99.4713817,15.86222222,15.99331019,15.73039352,71.93819444,10.11907407,3.675,0.613865741,6.961273148,15.7962037,15.74131944,15.67509259,1009.626273,0.004032407,0.409930556,182.4303241,2.615141204,195.0060185,0.158148148,0.011284722,0.182314815,0,0,21.35208333,52.74444444,11.22569444,20.89444444,9.777634259,1.179106991,0.022712963,221.7655093,97.14708333,17.26907074,17.38973648,17.15048544,78.26213592,13.06477115,3.159500693,0.52778086,6.202080444,17.25381415,17.41636616,17.40124827,1007.800416,0.000693481,0,192.70319,2.762454924,211.5797503,0.323023578,0.023106796,0.379056865,0,0,23.16920943,55.47295423,13.71539528,23.15117892,10.1589043,1.167115534,0.022468793,225.3495146,98.72662968,657
43.4,0.466671272,1304.867223,0.396,0.749,0.655,0.612,0.631,0.526,0.71,0.723,0.854,17.70236967,17.83751367,17.56646008,67.73022238,10.85267955,1.129784907,0.189125046,4.07218374,17.70014583,17.51421801,17.51195771,1009.123843,0,0,155.5803864,2.230273423,169.7528254,0.036456435,0.002592052,0.051039008,0,0,22.97557419,48.87823551,11.60393729,22.61356179,9.060689027,1.1717716,0.019310973,227.447685,99.4713817,15.86222222,15.99331019,15.73039352,71.93819444,10.11907407,3.675,0.613865741,6.961273148,15.7962037,15.74131944,15.67509259,1009.626273,0.004032407,0.409930556,182.4303241,2.615141204,195.0060185,0.158148148,0.011284722,0.182314815,0,0,21.35208333,52.74444444,11.22569444,20.89444444,9.777634259,1.179106991,0.022712963,221.7655093,97.14708333,17.26907074,17.38973648,17.15048544,78.26213592,13.06477115,3.159500693,0.52778086,6.202080444,17.25381415,17.41636616,17.40124827,1007.800416,0.000693481,0,192.70319,2.762454924,211.5797503,0.323023578,0.023106796,0.379056865,0,0,23.16920943,55.47295423,13.71539528,23.15117892,10.1589043,1.167115534,0.022468793,225.3495146,98.72662968,721
38.3,0.466671272,1304.867223,0.344,0.758,0.746,0.653,0.662,0.578,0.732,0.741,0.869,17.70236967,17.83751367,17.56646008,67.73022238,10.85267955,1.129784907,0.189125046,4.07218374,17.70014583,17.51421801,17.51195771,1009.123843,0,0,155.5803864,2.230273423,169.7528254,0.036456435,0.002592052,0.051039008,0,0,22.97557419,48.87823551,11.60393729,22.61356179,9.060689027,1.1717716,0.019310973,227.447685,99.4713817,15.86222222,15.99331019,15.73039352,71.93819444,10.11907407,3.675,0.613865741,6.961273148,15.7962037,15.74131944,15.67509259,1009.626273,0.004032407,0.409930556,182.4303241,2.615141204,195.0060185,0.158148148,0.011284722,0.182314815,0,0,21.35208333,52.74444444,11.22569444,20.89444444,9.777634259,1.179106991,0.022712963,221.7655093,97.14708333,17.26907074,17.38973648,17.15048544,78.26213592,13.06477115,3.159500693,0.52778086,6.202080444,17.25381415,17.41636616,17.40124827,1007.800416,0.000693481,0,192.70319,2.762454924,211.5797503,0.323023578,0.023106796,0.379056865,0,0,23.16920943,55.47295423,13.71539528,23.15117892,10.1589043,1.167115534,0.022468793,225.3495146,98.72662968,705
43.3,0.466671272,1304.867223,0.22,0.766,0.711,0.644,0.701,0.582,0.706,0.714,0.836,17.70236967,17.83751367,17.56646008,67.73022238,10.85267955,1.129784907,0.189125046,4.07218374,17.70014583,17.51421801,17.51195771,1009.123843,0,0,155.5803864,2.230273423,169.7528254,0.036456435,0.002592052,0.051039008,0,0,22.97557419,48.87823551,11.60393729,22.61356179,9.060689027,1.1717716,0.019310973,227.447685,99.4713817,15.86222222,15.99331019,15.73039352,71.93819444,10.11907407,3.675,0.613865741,6.961273148,15.7962037,15.74131944,15.67509259,1009.626273,0.004032407,0.409930556,182.4303241,2.615141204,195.0060185,0.158148148,0.011284722,0.182314815,0,0,21.35208333,52.74444444,11.22569444,20.89444444,9.777634259,1.179106991,0.022712963,221.7655093,97.14708333,17.26907074,17.38973648,17.15048544,78.26213592,13.06477115,3.159500693,0.52778086,6.202080444,17.25381415,17.41636616,17.40124827,1007.800416,0.000693481,0,192.70319,2.762454924,211.5797503,0.323023578,0.023106796,0.379056865,0,0,23.16920943,55.47295423,13.71539528,23.15117892,10.1589043,1.167115534,0.022468793,225.3495146,98.72662968,722
40.4,0.49,1387,0.356,0.792,0.673,0.637,0.703,0.594,0.726,0.738,0.863,17.70236967,17.83751367,17.56646008,67.73022238,10.85267955,1.129784907,0.189125046,4.07218374,17.70014583,17.51421801,17.51195771,1009.123843,0,0,155.5803864,2.230273423,169.7528254,0.036456435,0.002592052,0.051039008,0,0,22.97557419,48.87823551,11.60393729,22.61356179,9.060689027,1.1717716,0.019310973,227.447685,99.4713817,15.86222222,15.99331019,15.73039352,71.93819444,10.11907407,3.675,0.613865741,6.961273148,15.7962037,15.74131944,15.67509259,1009.626273,0.004032407,0.409930556,182.4303241,2.615141204,195.0060185,0.158148148,0.011284722,0.182314815,0,0,21.35208333,52.74444444,11.22569444,20.89444444,9.777634259,1.179106991,0.022712963,221.7655093,97.14708333,17.26907074,17.38973648,17.15048544,78.26213592,13.06477115,3.159500693,0.52778086,6.202080444,17.25381415,17.41636616,17.40124827,1007.800416,0.000693481,0,192.70319,2.762454924,211.5797503,0.323023578,0.023106796,0.379056865,0,0,23.16920943,55.47295423,13.71539528,23.15117892,10.1589043,1.167115534,0.022468793,225.3495146,98.72662968,673
40.7,0.466671272,1304.867223,0.334,0.75,0.638,0.626,0.68,0.517,0.714,0.735,0.854,17.70236967,17.83751367,17.56646008,67.73022238,10.85267955,1.129784907,0.189125046,4.07218374,17.70014583,17.51421801,17.51195771,1009.123843,0,0,155.5803864,2.230273423,169.7528254,0.036456435,0.002592052,0.051039008,0,0,22.97557419,48.87823551,11.60393729,22.61356179,9.060689027,1.1717716,0.019310973,227.447685,99.4713817,15.86222222,15.99331019,15.73039352,71.93819444,10.11907407,3.675,0.613865741,6.961273148,15.7962037,15.74131944,15.67509259,1009.626273,0.004032407,0.409930556,182.4303241,2.615141204,195.0060185,0.158148148,0.011284722,0.182314815,0,0,21.35208333,52.74444444,11.22569444,20.89444444,9.777634259,1.179106991,0.022712963,221.7655093,97.14708333,17.26907074,17.38973648,17.15048544,78.26213592,13.06477115,3.159500693,0.52778086,6.202080444,17.25381415,17.41636616,17.40124827,1007.800416,0.000693481,0,192.70319,2.762454924,211.5797503,0.323023578,0.023106796,0.379056865,0,0,23.16920943,55.47295423,13.71539528,23.15117892,10.1589043,1.167115534,0.022468793,225.3495146,98.72662968,729
41.3,0.466671272,1304.867223,0.485,0.797,0.698,0.618,0.672,0.529,0.713,0.737,0.86,17.70236967,17.83751367,17.56646008,67.73022238,10.85267955,1.129784907,0.189125046,4.07218374,17.70014583,17.51421801,17.51195771,1009.123843,0,0,155.5803864,2.230273423,169.7528254,0.036456435,0.002592052,0.051039008,0,0,22.97557419,48.87823551,11.60393729,22.61356179,9.060689027,1.1717716,0.019310973,227.447685,99.4713817,15.86222222,15.99331019,15.73039352,71.93819444,10.11907407,3.675,0.613865741,6.961273148,15.7962037,15.74131944,15.67509259,1009.626273,0.004032407,0.409930556,182.4303241,2.615141204,195.0060185,0.158148148,0.011284722,0.182314815,0,0,21.35208333,52.74444444,11.22569444,20.89444444,9.777634259,1.179106991,0.022712963,221.7655093,97.14708333,17.26907074,17.38973648,17.15048544,78.26213592,13.06477115,3.159500693,0.52778086,6.202080444,17.25381415,17.41636616,17.40124827,1007.800416,0.000693481,0,192.70319,2.762454924,211.5797503,0.323023578,0.023106796,0.379056865,0,0,23.16920943,55.47295423,13.71539528,23.15117892,10.1589043,1.167115534,0.022468793,225.3495146,98.72662968,713
44.5,0.5,1551,0.418,0.807,0.724,0.647,0.694,0.535,0.712,0.719,0.84,17.70236967,17.83751367,17.56646008,67.73022238,10.85267955,1.129784907,0.189125046,4.07218374,17.70014583,17.51421801,17.51195771,1009.123843,0,0,155.5803864,2.230273423,169.7528254,0.036456435,0.002592052,0.051039008,0,0,22.97557419,48.87823551,11.60393729,22.61356179,9.060689027,1.1717716,0.019310973,227.447685,99.4713817,15.86222222,15.99331019,15.73039352,71.93819444,10.11907407,3.675,0.613865741,6.961273148,15.7962037,15.74131944,15.67509259,1009.626273,0.004032407,0.409930556,182.4303241,2.615141204,195.0060185,0.158148148,0.011284722,0.182314815,0,0,21.35208333,52.74444444,11.22569444,20.89444444,9.777634259,1.179106991,0.022712963,221.7655093,97.14708333,17.26907074,17.38973648,17.15048544,78.26213592,13.06477115,3.159500693,0.52778086,6.202080444,17.25381415,17.41636616,17.40124827,1007.800416,0.000693481,0,192.70319,2.762454924,211.5797503,0.323023578,0.023106796,0.379056865,0,0,23.16920943,55.47295423,13.71539528,23.15117892,10.1589043,1.167115534,0.022468793,225.3495146,98.72662968,762
43,0.466671272,1304.867223,0.498,0.818,0.7,0.668,0.703,0.589,0.717,0.731,0.865,17.70236967,17.83751367,17.56646008,67.73022238,10.85267955,1.129784907,0.189125046,4.07218374,17.70014583,17.51421801,17.51195771,1009.123843,0,0,155.5803864,2.230273423,169.7528254,0.036456435,0.002592052,0.051039008,0,0,22.97557419,48.87823551,11.60393729,22.61356179,9.060689027,1.1717716,0.019310973,227.447685,99.4713817,15.86222222,15.99331019,15.73039352,71.93819444,10.11907407,3.675,0.613865741,6.961273148,15.7962037,15.74131944,15.67509259,1009.626273,0.004032407,0.409930556,182.4303241,2.615141204,195.0060185,0.158148148,0.011284722,0.182314815,0,0,21.35208333,52.74444444,11.22569444,20.89444444,9.777634259,1.179106991,0.022712963,221.7655093,97.14708333,17.26907074,17.38973648,17.15048544,78.26213592,13.06477115,3.159500693,0.52778086,6.202080444,17.25381415,17.41636616,17.40124827,1007.800416,0.000693481,0,192.70319,2.762454924,211.5797503,0.323023578,0.023106796,0.379056865,0,0,23.16920943,55.47295423,13.71539528,23.15117892,10.1589043,1.167115534,0.022468793,225.3495146,98.72662968,765
47.7,0.466671272,1304.867223,0.452,0.808,0.753,0.598,0.703,0.532,0.723,0.733,0.864,17.70236967,17.83751367,17.56646008,67.73022238,10.85267955,1.129784907,0.189125046,4.07218374,17.70014583,17.51421801,17.51195771,1009.123843,0,0,155.5803864,2.230273423,169.7528254,0.036456435,0.002592052,0.051039008,0,0,22.97557419,48.87823551,11.60393729,22.61356179,9.060689027,1.1717716,0.019310973,227.447685,99.4713817,15.86222222,15.99331019,15.73039352,71.93819444,10.11907407,3.675,0.613865741,6.961273148,15.7962037,15.74131944,15.67509259,1009.626273,0.004032407,0.409930556,182.4303241,2.615141204,195.0060185,0.158148148,0.011284722,0.182314815,0,0,21.35208333,52.74444444,11.22569444,20.89444444,9.777634259,1.179106991,0.022712963,221.7655093,97.14708333,17.26907074,17.38973648,17.15048544,78.26213592,13.06477115,3.159500693,0.52778086,6.202080444,17.25381415,17.41636616,17.40124827,1007.800416,0.000693481,0,192.70319,2.762454924,211.5797503,0.323023578,0.023106796,0.379056865,0,0,23.16920943,55.47295423,13.71539528,23.15117892,10.1589043,1.167115534,0.022468793,225.3495146,98.72662968,757
41.4,0.466671272,1304.867223,0.426,0.811,0.715,0.663,0.645,0.541,0.717,0.736,0.859,17.70236967,17.83751367,17.56646008,67.73022238,10.85267955,1.129784907,0.189125046,4.07218374,17.70014583,17.51421801,17.51195771,1009.123843,0,0,155.5803864,2.230273423,169.7528254,0.036456435,0.002592052,0.051039008,0,0,22.97557419,48.87823551,11.60393729,22.61356179,9.060689027,1.1717716,0.019310973,227.447685,99.4713817,15.86222222,15.99331019,15.73039352,71.93819444,10.11907407,3.675,0.613865741,6.961273148,15.7962037,15.74131944,15.67509259,1009.626273,0.004032407,0.409930556,182.4303241,2.615141204,195.0060185,0.158148148,0.011284722,0.182314815,0,0,21.35208333,52.74444444,11.22569444,20.89444444,9.777634259,1.179106991,0.022712963,221.7655093,97.14708333,17.26907074,17.38973648,17.15048544,78.26213592,13.06477115,3.159500693,0.52778086,6.202080444,17.25381415,17.41636616,17.40124827,1007.800416,0.000693481,0,192.70319,2.762454924,211.5797503,0.323023578,0.023106796,0.379056865,0,0,23.16920943,55.47295423,13.71539528,23.15117892,10.1589043,1.167115534,0.022468793,225.3495146,98.72662968,649
39.5,0.466671272,1304.867223,0.469,0.808,0.69,0.679,0.713,0.562,0.722,0.73,0.845,17.70236967,17.83751367,17.56646008,67.73022238,10.85267955,1.129784907,0.189125046,4.07218374,17.70014583,17.51421801,17.51195771,1009.123843,0,0,155.5803864,2.230273423,169.7528254,0.036456435,0.002592052,0.051039008,0,0,22.97557419,48.87823551,11.60393729,22.61356179,9.060689027,1.1717716,0.019310973,227.447685,99.4713817,15.86222222,15.99331019,15.73039352,71.93819444,10.11907407,3.675,0.613865741,6.961273148,15.7962037,15.74131944,15.67509259,1009.626273,0.004032407,0.409930556,182.4303241,2.615141204,195.0060185,0.158148148,0.011284722,0.182314815,0,0,21.35208333,52.74444444,11.22569444,20.89444444,9.777634259,1.179106991,0.022712963,221.7655093,97.14708333,17.26907074,17.38973648,17.15048544,78.26213592,13.06477115,3.159500693,0.52778086,6.202080444,17.25381415,17.41636616,17.40124827,1007.800416,0.000693481,0,192.70319,2.762454924,211.5797503,0.323023578,0.023106796,0.379056865,0,0,23.16920943,55.47295423,13.71539528,23.15117892,10.1589043,1.167115534,0.022468793,225.3495146,98.72662968,749
40.2,0.466671272,1304.867223,0.443,0.783,0.715,0.653,0.684,0.572,0.711,0.718,0.852,17.70236967,17.83751367,17.56646008,67.73022238,10.85267955,1.129784907,0.189125046,4.07218374,17.70014583,17.51421801,17.51195771,1009.123843,0,0,155.5803864,2.230273423,169.7528254,0.036456435,0.002592052,0.051039008,0,0,22.97557419,48.87823551,11.60393729,22.61356179,9.060689027,1.1717716,0.019310973,227.447685,99.4713817,15.86222222,15.99331019,15.73039352,71.93819444,10.11907407,3.675,0.613865741,6.961273148,15.7962037,15.74131944,15.67509259,1009.626273,0.004032407,0.409930556,182.4303241,2.615141204,195.0060185,0.158148148,0.011284722,0.182314815,0,0,21.35208333,52.74444444,11.22569444,20.89444444,9.777634259,1.179106991,0.022712963,221.7655093,97.14708333,17.26907074,17.38973648,17.15048544,78.26213592,13.06477115,3.159500693,0.52778086,6.202080444,17.25381415,17.41636616,17.40124827,1007.800416,0.000693481,0,192.70319,2.762454924,211.5797503,0.323023578,0.023106796,0.379056865,0,0,23.16920943,55.47295423,13.71539528,23.15117892,10.1589043,1.167115534,0.022468793,225.3495146,98.72662968,651
42.9,0.48,1357,0.255,0.756,0.721,0.622,0.671,0.566,0.718,0.721,0.853,17.70236967,17.83751367,17.56646008,67.73022238,10.85267955,1.129784907,0.189125046,4.07218374,17.70014583,17.51421801,17.51195771,1009.123843,0,0,155.5803864,2.230273423,169.7528254,0.036456435,0.002592052,0.051039008,0,0,22.97557419,48.87823551,11.60393729,22.61356179,9.060689027,1.1717716,0.019310973,227.447685,99.4713817,15.86222222,15.99331019,15.73039352,71.93819444,10.11907407,3.675,0.613865741,6.961273148,15.7962037,15.74131944,15.67509259,1009.626273,0.004032407,0.409930556,182.4303241,2.615141204,195.0060185,0.158148148,0.011284722,0.182314815,0,0,21.35208333,52.74444444,11.22569444,20.89444444,9.777634259,1.179106991,0.022712963,221.7655093,97.14708333,17.26907074,17.38973648,17.15048544,78.26213592,13.06477115,3.159500693,0.52778086,6.202080444,17.25381415,17.41636616,17.40124827,1007.800416,0.000693481,0,192.70319,2.762454924,211.5797503,0.323023578,0.023106796,0.379056865,0,0,23.16920943,55.47295423,13.71539528,23.15117892,10.1589043,1.167115534,0.022468793,225.3495146,98.72662968,661
43.8,0.5,1487,0.423,0.805,0.715,0.575,0.644,0.546,0.712,0.727,0.847,17.70236967,17.83751367,17.56646008,67.73022238,10.85267955,1.129784907,0.189125046,4.07218374,17.70014583,17.51421801,17.51195771,1009.123843,0,0,155.5803864,2.230273423,169.7528254,0.036456435,0.002592052,0.051039008,0,0,22.97557419,48.87823551,11.60393729,22.61356179,9.060689027,1.1717716,0.019310973,227.447685,99.4713817,15.86222222,15.99331019,15.73039352,71.93819444,10.11907407,3.675,0.613865741,6.961273148,15.7962037,15.74131944,15.67509259,1009.626273,0.004032407,0.409930556,182.4303241,2.615141204,195.0060185,0.158148148,0.011284722,0.182314815,0,0,21.35208333,52.74444444,11.22569444,20.89444444,9.777634259,1.179106991,0.022712963,221.7655093,97.14708333,17.26907074,17.38973648,17.15048544,78.26213592,13.06477115,3.159500693,0.52778086,6.202080444,17.25381415,17.41636616,17.40124827,1007.800416,0.000693481,0,192.70319,2.762454924,211.5797503,0.323023578,0.023106796,0.379056865,0,0,23.16920943,55.47295423,13.71539528,23.15117892,10.1589043,1.167115534,0.022468793,225.3495146,98.72662968,732
38.7,0.466671272,1304.867223,0.311,0.81,0.683,0.664,0.692,0.624,0.737,0.752,0.874,17.70236967,17.83751367,17.56646008,67.73022238,10.85267955,1.129784907,0.189125046,4.07218374,17.70014583,17.51421801,17.51195771,1009.123843,0,0,155.5803864,2.230273423,169.7528254,0.036456435,0.002592052,0.051039008,0,0,22.97557419,48.87823551,11.60393729,22.61356179,9.060689027,1.1717716,0.019310973,227.447685,99.4713817,15.86222222,15.99331019,15.73039352,71.93819444,10.11907407,3.675,0.613865741,6.961273148,15.7962037,15.74131944,15.67509259,1009.626273,0.004032407,0.409930556,182.4303241,2.615141204,195.0060185,0.158148148,0.011284722,0.182314815,0,0,21.35208333,52.74444444,11.22569444,20.89444444,9.777634259,1.179106991,0.022712963,221.7655093,97.14708333,17.26907074,17.38973648,17.15048544,78.26213592,13.06477115,3.159500693,0.52778086,6.202080444,17.25381415,17.41636616,17.40124827,1007.800416,0.000693481,0,192.70319,2.762454924,211.5797503,0.323023578,0.023106796,0.379056865,0,0,23.16920943,55.47295423,13.71539528,23.15117892,10.1589043,1.167115534,0.022468793,225.3495146,98.72662968,615
42.6,0.48,1592,0.431,0.841,0.754,0.604,0.656,0.579,0.721,0.74,0.858,17.70236967,17.83751367,17.56646008,67.73022238,10.85267955,1.129784907,0.189125046,4.07218374,17.70014583,17.51421801,17.51195771,1009.123843,0,0,155.5803864,2.230273423,169.7528254,0.036456435,0.002592052,0.051039008,0,0,22.97557419,48.87823551,11.60393729,22.61356179,9.060689027,1.1717716,0.019310973,227.447685,99.4713817,15.86222222,15.99331019,15.73039352,71.93819444,10.11907407,3.675,0.613865741,6.961273148,15.7962037,15.74131944,15.67509259,1009.626273,0.004032407,0.409930556,182.4303241,2.615141204,195.0060185,0.158148148,0.011284722,0.182314815,0,0,21.35208333,52.74444444,11.22569444,20.89444444,9.777634259,1.179106991,0.022712963,221.7655093,97.14708333,17.26907074,17.38973648,17.15048544,78.26213592,13.06477115,3.159500693,0.52778086,6.202080444,17.25381415,17.41636616,17.40124827,1007.800416,0.000693481,0,192.70319,2.762454924,211.5797503,0.323023578,0.023106796,0.379056865,0,0,23.16920943,55.47295423,13.71539528,23.15117892,10.1589043,1.167115534,0.022468793,225.3495146,98.72662968,772
40.3,0.466671272,1304.867223,0.562,0.812,0.701,0.648,0.681,0.52,0.72,0.736,0.861,17.70236967,17.83751367,17.56646008,67.73022238,10.85267955,1.129784907,0.189125046,4.07218374,17.70014583,17.51421801,17.51195771,1009.123843,0,0,155.5803864,2.230273423,169.7528254,0.036456435,0.002592052,0.051039008,0,0,22.97557419,48.87823551,11.60393729,22.61356179,9.060689027,1.1717716,0.019310973,227.447685,99.4713817,15.86222222,15.99331019,15.73039352,71.93819444,10.11907407,3.675,0.613865741,6.961273148,15.7962037,15.74131944,15.67509259,1009.626273,0.004032407,0.409930556,182.4303241,2.615141204,195.0060185,0.158148148,0.011284722,0.182314815,0,0,21.35208333,52.74444444,11.22569444,20.89444444,9.777634259,1.179106991,0.022712963,221.7655093,97.14708333,17.26907074,17.38973648,17.15048544,78.26213592,13.06477115,3.159500693,0.52778086,6.202080444,17.25381415,17.41636616,17.40124827,1007.800416,0.000693481,0,192.70319,2.762454924,211.5797503,0.323023578,0.023106796,0.379056865,0,0,23.16920943,55.47295423,13.71539528,23.15117892,10.1589043,1.167115534,0.022468793,225.3495146,98.72662968,657
43,0.466671272,1304.867223,0.341,0.787,0.705,0.651,0.699,0.578,0.731,0.738,0.865,17.70236967,17.83751367,17.56646008,67.73022238,10.85267955,1.129784907,0.189125046,4.07218374,17.70014583,17.51421801,17.51195771,1009.123843,0,0,155.5803864,2.230273423,169.7528254,0.036456435,0.002592052,0.051039008,0,0,22.97557419,48.87823551,11.60393729,22.61356179,9.060689027,1.1717716,0.019310973,227.447685,99.4713817,15.86222222,15.99331019,15.73039352,71.93819444,10.11907407,3.675,0.613865741,6.961273148,15.7962037,15.74131944,15.67509259,1009.626273,0.004032407,0.409930556,182.4303241,2.615141204,195.0060185,0.158148148,0.011284722,0.182314815,0,0,21.35208333,52.74444444,11.22569444,20.89444444,9.777634259,1.179106991,0.022712963,221.7655093,97.14708333,17.26907074,17.38973648,17.15048544,78.26213592,13.06477115,3.159500693,0.52778086,6.202080444,17.25381415,17.41636616,17.40124827,1007.800416,0.000693481,0,192.70319,2.762454924,211.5797503,0.323023578,0.023106796,0.379056865,0,0,23.16920943,55.47295423,13.71539528,23.15117892,10.1589043,1.167115534,0.022468793,225.3495146,98.72662968,724
43.1,0.466671272,1304.867223,0.386,0.805,0.724,0.658,0.661,0.497,0.714,0.739,0.86,17.70236967,17.83751367,17.56646008,67.73022238,10.85267955,1.129784907,0.189125046,4.07218374,17.70014583,17.51421801,17.51195771,1009.123843,0,0,155.5803864,2.230273423,169.7528254,0.036456435,0.002592052,0.051039008,0,0,22.97557419,48.87823551,11.60393729,22.61356179,9.060689027,1.1717716,0.019310973,227.447685,99.4713817,15.86222222,15.99331019,15.73039352,71.93819444,10.11907407,3.675,0.613865741,6.961273148,15.7962037,15.74131944,15.67509259,1009.626273,0.004032407,0.409930556,182.4303241,2.615141204,195.0060185,0.158148148,0.011284722,0.182314815,0,0,21.35208333,52.74444444,11.22569444,20.89444444,9.777634259,1.179106991,0.022712963,221.7655093,97.14708333,17.26907074,17.38973648,17.15048544,78.26213592,13.06477115,3.159500693,0.52778086,6.202080444,17.25381415,17.41636616,17.40124827,1007.800416,0.000693481,0,192.70319,2.762454924,211.5797503,0.323023578,0.023106796,0.379056865,0,0,23.16920943,55.47295423,13.71539528,23.15117892,10.1589043,1.167115534,0.022468793,225.3495146,98.72662968,743
41.4,0.48,1480,0.363,0.806,0.658,0.59,0.629,0.521,0.712,0.716,0.848,17.70236967,17.83751367,17.56646008,67.73022238,10.85267955,1.129784907,0.189125046,4.07218374,17.70014583,17.51421801,17.51195771,1009.123843,0,0,155.5803864,2.230273423,169.7528254,0.036456435,0.002592052,0.051039008,0,0,22.97557419,48.87823551,11.60393729,22.61356179,9.060689027,1.1717716,0.019310973,227.447685,99.4713817,15.86222222,15.99331019,15.73039352,71.93819444,10.11907407,3.675,0.613865741,6.961273148,15.7962037,15.74131944,15.67509259,1009.626273,0.004032407,0.409930556,182.4303241,2.615141204,195.0060185,0.158148148,0.011284722,0.182314815,0,0,21.35208333,52.74444444,11.22569444,20.89444444,9.777634259,1.179106991,0.022712963,221.7655093,97.14708333,17.26907074,17.38973648,17.15048544,78.26213592,13.06477115,3.159500693,0.52778086,6.202080444,17.25381415,17.41636616,17.40124827,1007.800416,0.000693481,0,192.70319,2.762454924,211.5797503,0.323023578,0.023106796,0.379056865,0,0,23.16920943,55.47295423,13.71539528,23.15117892,10.1589043,1.167115534,0.022468793,225.3495146,98.72662968,723
51.7,0.45,1516,0.427,0.811,0.74,0.601,0.616,0.57,0.72,0.735,0.862,17.70236967,17.83751367,17.56646008,67.73022238,10.85267955,1.129784907,0.189125046,4.07218374,17.70014583,17.51421801,17.51195771,1009.123843,0,0,155.5803864,2.230273423,169.7528254,0.036456435,0.002592052,0.051039008,0,0,22.97557419,48.87823551,11.60393729,22.61356179,9.060689027,1.1717716,0.019310973,227.447685,99.4713817,15.86222222,15.99331019,15.73039352,71.93819444,10.11907407,3.675,0.613865741,6.961273148,15.7962037,15.74131944,15.67509259,1009.626273,0.004032407,0.409930556,182.4303241,2.615141204,195.0060185,0.158148148,0.011284722,0.182314815,0,0,21.35208333,52.74444444,11.22569444,20.89444444,9.777634259,1.179106991,0.022712963,221.7655093,97.14708333,17.26907074,17.38973648,17.15048544,78.26213592,13.06477115,3.159500693,0.52778086,6.202080444,17.25381415,17.41636616,17.40124827,1007.800416,0.000693481,0,192.70319,2.762454924,211.5797503,0.323023578,0.023106796,0.379056865,0,0,23.16920943,55.47295423,13.71539528,23.15117892,10.1589043,1.167115534,0.022468793,225.3495146,98.72662968,680
41.4,0.466671272,1304.867223,0.356,0.808,0.697,0.634,0.651,0.53,0.708,0.715,0.837,17.70236967,17.83751367,17.56646008,67.73022238,10.85267955,1.129784907,0.189125046,4.07218374,17.70014583,17.51421801,17.51195771,1009.123843,0,0,155.5803864,2.230273423,169.7528254,0.036456435,0.002592052,0.051039008,0,0,22.97557419,48.87823551,11.60393729,22.61356179,9.060689027,1.1717716,0.019310973,227.447685,99.4713817,15.86222222,15.99331019,15.73039352,71.93819444,10.11907407,3.675,0.613865741,6.961273148,15.7962037,15.74131944,15.67509259,1009.626273,0.004032407,0.409930556,182.4303241,2.615141204,195.0060185,0.158148148,0.011284722,0.182314815,0,0,21.35208333,52.74444444,11.22569444,20.89444444,9.777634259,1.179106991,0.022712963,221.7655093,97.14708333,17.26907074,17.38973648,17.15048544,78.26213592,13.06477115,3.159500693,0.52778086,6.202080444,17.25381415,17.41636616,17.40124827,1007.800416,0.000693481,0,192.70319,2.762454924,211.5797503,0.323023578,0.023106796,0.379056865,0,0,23.16920943,55.47295423,13.71539528,23.15117892,10.1589043,1.167115534,0.022468793,225.3495146,98.72662968,692
41.6,0.466671272,1304.867223,0.215,0.697,0.667,0.65,0.672,0.551,0.713,0.737,0.864,17.70236967,17.83751367,17.56646008,67.73022238,10.85267955,1.129784907,0.189125046,4.07218374,17.70014583,17.51421801,17.51195771,1009.123843,0,0,155.5803864,2.230273423,169.7528254,0.036456435,0.002592052,0.051039008,0,0,22.97557419,48.87823551,11.60393729,22.61356179,9.060689027,1.1717716,0.019310973,227.447685,99.4713817,15.86222222,15.99331019,15.73039352,71.93819444,10.11907407,3.675,0.613865741,6.961273148,15.7962037,15.74131944,15.67509259,1009.626273,0.004032407,0.409930556,182.4303241,2.615141204,195.0060185,0.158148148,0.011284722,0.182314815,0,0,21.35208333,52.74444444,11.22569444,20.89444444,9.777634259,1.179106991,0.022712963,221.7655093,97.14708333,17.26907074,17.38973648,17.15048544,78.26213592,13.06477115,3.159500693,0.52778086,6.202080444,17.25381415,17.41636616,17.40124827,1007.800416,0.000693481,0,192.70319,2.762454924,211.5797503,0.323023578,0.023106796,0.379056865,0,0,23.16920943,55.47295423,13.71539528,23.15117892,10.1589043,1.167115534,0.022468793,225.3495146,98.72662968,685
40.4,0.466671272,1304.867223,0.365,0.785,0.678,0.646,0.683,0.603,0.711,0.724,0.859,17.70236967,17.83751367,17.56646008,67.73022238,10.85267955,1.129784907,0.189125046,4.07218374,17.70014583,17.51421801,17.51195771,1009.123843,0,0,155.5803864,2.230273423,169.7528254,0.036456435,0.002592052,0.051039008,0,0,22.97557419,48.87823551,11.60393729,22.61356179,9.060689027,1.1717716,0.019310973,227.447685,99.4713817,15.86222222,15.99331019,15.73039352,71.93819444,10.11907407,3.675,0.613865741,6.961273148,15.7962037,15.74131944,15.67509259,1009.626273,0.004032407,0.409930556,182.4303241,2.615141204,195.0060185,0.158148148,0.011284722,0.182314815,0,0,21.35208333,52.74444444,11.22569444,20.89444444,9.777634259,1.179106991,0.022712963,221.7655093,97.14708333,17.26907074,17.38973648,17.15048544,78.26213592,13.06477115,3.159500693,0.52778086,6.202080444,17.25381415,17.41636616,17.40124827,1007.800416,0.000693481,0,192.70319,2.762454924,211.5797503,0.323023578,0.023106796,0.379056865,0,0,23.16920943,55.47295423,13.71539528,23.15117892,10.1589043,1.167115534,0.022468793,225.3495146,98.72662968,716
42.4,0.52,1454,0.296,0.729,0.668,0.632,0.683,0.53,0.707,0.713,0.841,17.70236967,17.83751367,17.56646008,67.73022238,10.85267955,1.129784907,0.189125046,4.07218374,17.70014583,17.51421801,17.51195771,1009.123843,0,0,155.5803864,2.230273423,169.7528254,0.036456435,0.002592052,0.051039008,0,0,22.97557419,48.87823551,11.60393729,22.61356179,9.060689027,1.1717716,0.019310973,227.447685,99.4713817,15.86222222,15.99331019,15.73039352,71.93819444,10.11907407,3.675,0.613865741,6.961273148,15.7962037,15.74131944,15.67509259,1009.626273,0.004032407,0.409930556,182.4303241,2.615141204,195.0060185,0.158148148,0.011284722,0.182314815,0,0,21.35208333,52.74444444,11.22569444,20.89444444,9.777634259,1.179106991,0.022712963,221.7655093,97.14708333,17.26907074,17.38973648,17.15048544,78.26213592,13.06477115,3.159500693,0.52778086,6.202080444,17.25381415,17.41636616,17.40124827,1007.800416,0.000693481,0,192.70319,2.762454924,211.5797503,0.323023578,0.023106796,0.379056865,0,0,23.16920943,55.47295423,13.71539528,23.15117892,10.1589043,1.167115534,0.022468793,225.3495146,98.72662968,765
42.7,0.466671272,1304.867223,0.414,0.779,0.685,0.612,0.629,0.528,0.699,0.713,0.856,17.70236967,17.83751367,17.56646008,67.73022238,10.85267955,1.129784907,0.189125046,4.07218374,17.70014583,17.51421801,17.51195771,1009.123843,0,0,155.5803864,2.230273423,169.7528254,0.036456435,0.002592052,0.051039008,0,0,22.97557419,48.87823551,11.60393729,22.61356179,9.060689027,1.1717716,0.019310973,227.447685,99.4713817,15.86222222,15.99331019,15.73039352,71.93819444,10.11907407,3.675,0.613865741,6.961273148,15.7962037,15.74131944,15.67509259,1009.626273,0.004032407,0.409930556,182.4303241,2.615141204,195.0060185,0.158148148,0.011284722,0.182314815,0,0,21.35208333,52.74444444,11.22569444,20.89444444,9.777634259,1.179106991,0.022712963,221.7655093,97.14708333,17.26907074,17.38973648,17.15048544,78.26213592,13.06477115,3.159500693,0.52778086,6.202080444,17.25381415,17.41636616,17.40124827,1007.800416,0.000693481,0,192.70319,2.762454924,211.5797503,0.323023578,0.023106796,0.379056865,0,0,23.16920943,55.47295423,13.71539528,23.15117892,10.1589043,1.167115534,0.022468793,225.3495146,98.72662968,715
38.6,0.466671272,1304.867223,0.546,0.786,0.649,0.652,0.671,0.563,0.722,0.737,0.87,17.70236967,17.83751367,17.56646008,67.73022238,10.85267955,1.129784907,0.189125046,4.07218374,17.70014583,17.51421801,17.51195771,1009.123843,0,0,155.5803864,2.230273423,169.7528254,0.036456435,0.002592052,0.051039008,0,0,22.97557419,48.87823551,11.60393729,22.61356179,9.060689027,1.1717716,0.019310973,227.447685,99.4713817,15.86222222,15.99331019,15.73039352,71.93819444,10.11907407,3.675,0.613865741,6.961273148,15.7962037,15.74131944,15.67509259,1009.626273,0.004032407,0.409930556,182.4303241,2.615141204,195.0060185,0.158148148,0.011284722,0.182314815,0,0,21.35208333,52.74444444,11.22569444,20.89444444,9.777634259,1.179106991,0.022712963,221.7655093,97.14708333,17.26907074,17.38973648,17.15048544,78.26213592,13.06477115,3.159500693,0.52778086,6.202080444,17.25381415,17.41636616,17.40124827,1007.800416,0.000693481,0,192.70319,2.762454924,211.5797503,0.323023578,0.023106796,0.379056865,0,0,23.16920943,55.47295423,13.71539528,23.15117892,10.1589043,1.167115534,0.022468793,225.3495146,98.72662968,668
34.1,0.466671272,1304.867223,0.59,0.815,0.648,0.588,0.661,0.582,0.72,0.731,0.859,17.70236967,17.83751367,17.56646008,67.73022238,10.85267955,1.129784907,0.189125046,4.07218374,17.70014583,17.51421801,17.51195771,1009.123843,0,0,155.5803864,2.230273423,169.7528254,0.036456435,0.002592052,0.051039008,0,0,22.97557419,48.87823551,11.60393729,22.61356179,9.060689027,1.1717716,0.019310973,227.447685,99.4713817,15.86222222,15.99331019,15.73039352,71.93819444,10.11907407,3.675,0.613865741,6.961273148,15.7962037,15.74131944,15.67509259,1009.626273,0.004032407,0.409930556,182.4303241,2.615141204,195.0060185,0.158148148,0.011284722,0.182314815,0,0,21.35208333,52.74444444,11.22569444,20.89444444,9.777634259,1.179106991,0.022712963,221.7655093,97.14708333,17.26907074,17.38973648,17.15048544,78.26213592,13.06477115,3.159500693,0.52778086,6.202080444,17.25381415,17.41636616,17.40124827,1007.800416,0.000693481,0,192.70319,2.762454924,211.5797503,0.323023578,0.023106796,0.379056865,0,0,23.16920943,55.47295423,13.71539528,23.15117892,10.1589043,1.167115534,0.022468793,225.3495146,98.72662968,626
40.4,0.466671272,1304.867223,0.571,0.804,0.678,0.662,0.687,0.56,0.727,0.739,0.854,17.70236967,17.83751367,17.56646008,67.73022238,10.85267955,1.129784907,0.189125046,4.07218374,17.70014583,17.51421801,17.51195771,1009.123843,0,0,155.5803864,2.230273423,169.7528254,0.036456435,0.002592052,0.051039008,0,0,22.97557419,48.87823551,11.60393729,22.61356179,9.060689027,1.1717716,0.019310973,227.447685,99.4713817,15.86222222,15.99331019,15.73039352,71.93819444,10.11907407,3.675,0.613865741,6.961273148,15.7962037,15.74131944,15.67509259,1009.626273,0.004032407,0.409930556,182.4303241,2.615141204,195.0060185,0.158148148,0.011284722,0.182314815,0,0,21.35208333,52.74444444,11.22569444,20.89444444,9.777634259,1.179106991,0.022712963,221.7655093,97.14708333,17.26907074,17.38973648,17.15048544,78.26213592,13.06477115,3.159500693,0.52778086,6.202080444,17.25381415,17.41636616,17.40124827,1007.800416,0.000693481,0,192.70319,2.762454924,211.5797503,0.323023578,0.023106796,0.379056865,0,0,23.16920943,55.47295423,13.71539528,23.15117892,10.1589043,1.167115534,0.022468793,225.3495146,98.72662968,784
41.3,0.466671272,1304.867223,0.668,0.815,0.695,0.597,0.645,0.499,0.726,0.748,0.868,17.70236967,17.83751367,17.56646008,67.73022238,10.85267955,1.129784907,0.189125046,4.07218374,17.70014583,17.51421801,17.51195771,1009.123843,0,0,155.5803864,2.230273423,169.7528254,0.036456435,0.002592052,0.051039008,0,0,22.97557419,48.87823551,11.60393729,22.61356179,9.060689027,1.1717716,0.019310973,227.447685,99.4713817,15.86222222,15.99331019,15.73039352,71.93819444,10.11907407,3.675,0.613865741,6.961273148,15.7962037,15.74131944,15.67509259,1009.626273,0.004032407,0.409930556,182.4303241,2.615141204,195.0060185,0.158148148,0.011284722,0.182314815,0,0,21.35208333,52.74444444,11.22569444,20.89444444,9.777634259,1.179106991,0.022712963,221.7655093,97.14708333,17.26907074,17.38973648,17.15048544,78.26213592,13.06477115,3.159500693,0.52778086,6.202080444,17.25381415,17.41636616,17.40124827,1007.800416,0.000693481,0,192.70319,2.762454924,211.5797503,0.323023578,0.023106796,0.379056865,0,0,23.16920943,55.47295423,13.71539528,23.15117892,10.1589043,1.167115534,0.022468793,225.3495146,98.72662968,661
41.8,0.48,1373,0.314,0.819,0.705,0.655,0.641,0.517,0.723,0.73,0.843,17.70236967,17.83751367,17.56646008,67.73022238,10.85267955,1.129784907,0.189125046,4.07218374,17.70014583,17.51421801,17.51195771,1009.123843,0,0,155.5803864,2.230273423,169.7528254,0.036456435,0.002592052,0.051039008,0,0,22.97557419,48.87823551,11.60393729,22.61356179,9.060689027,1.1717716,0.019310973,227.447685,99.4713817,15.86222222,15.99331019,15.73039352,71.93819444,10.11907407,3.675,0.613865741,6.961273148,15.7962037,15.74131944,15.67509259,1009.626273,0.004032407,0.409930556,182.4303241,2.615141204,195.0060185,0.158148148,0.011284722,0.182314815,0,0,21.35208333,52.74444444,11.22569444,20.89444444,9.777634259,1.179106991,0.022712963,221.7655093,97.14708333,17.26907074,17.38973648,17.15048544,78.26213592,13.06477115,3.159500693,0.52778086,6.202080444,17.25381415,17.41636616,17.40124827,1007.800416,0.000693481,0,192.70319,2.762454924,211.5797503,0.323023578,0.023106796,0.379056865,0,0,23.16920943,55.47295423,13.71539528,23.15117892,10.1589043,1.167115534,0.022468793,225.3495146,98.72662968,683
40.6,0.466671272,1304.867223,0.353,0.802,0.634,0.632,0.702,0.524,0.733,0.754,0.869,17.70236967,17.83751367,17.56646008,67.73022238,10.85267955,1.129784907,0.189125046,4.07218374,17.70014583,17.51421801,17.51195771,1009.123843,0,0,155.5803864,2.230273423,169.7528254,0.036456435,0.002592052,0.051039008,0,0,22.97557419,48.87823551,11.60393729,22.61356179,9.060689027,1.1717716,0.019310973,227.447685,99.4713817,15.86222222,15.99331019,15.73039352,71.93819444,10.11907407,3.675,0.613865741,6.961273148,15.7962037,15.74131944,15.67509259,1009.626273,0.004032407,0.409930556,182.4303241,2.615141204,195.0060185,0.158148148,0.011284722,0.182314815,0,0,21.35208333,52.74444444,11.22569444,20.89444444,9.777634259,1.179106991,0.022712963,221.7655093,97.14708333,17.26907074,17.38973648,17.15048544,78.26213592,13.06477115,3.159500693,0.52778086,6.202080444,17.25381415,17.41636616,17.40124827,1007.800416,0.000693481,0,192.70319,2.762454924,211.5797503,0.323023578,0.023106796,0.379056865,0,0,23.16920943,55.47295423,13.71539528,23.15117892,10.1589043,1.167115534,0.022468793,225.3495146,98.72662968,645
44.8,0.466671272,1304.867223,0.421,0.746,0.672,0.662,0.711,0.558,0.718,0.741,0.86,17.70236967,17.83751367,17.56646008,67.73022238,10.85267955,1.129784907,0.189125046,4.07218374,17.70014583,17.51421801,17.51195771,1009.123843,0,0,155.5803864,2.230273423,169.7528254,0.036456435,0.002592052,0.051039008,0,0,22.97557419,48.87823551,11.60393729,22.61356179,9.060689027,1.1717716,0.019310973,227.447685,99.4713817,15.86222222,15.99331019,15.73039352,71.93819444,10.11907407,3.675,0.613865741,6.961273148,15.7962037,15.74131944,15.67509259,1009.626273,0.004032407,0.409930556,182.4303241,2.615141204,195.0060185,0.158148148,0.011284722,0.182314815,0,0,21.35208333,52.74444444,11.22569444,20.89444444,9.777634259,1.179106991,0.022712963,221.7655093,97.14708333,17.26907074,17.38973648,17.15048544,78.26213592,13.06477115,3.159500693,0.52778086,6.202080444,17.25381415,17.41636616,17.40124827,1007.800416,0.000693481,0,192.70319,2.762454924,211.5797503,0.323023578,0.023106796,0.379056865,0,0,23.16920943,55.47295423,13.71539528,23.15117892,10.1589043,1.167115534,0.022468793,225.3495146,98.72662968,671
45.9,0.466671272,1304.867223,0.415,0.772,0.704,0.598,0.619,0.501,0.708,0.725,0.849,17.70236967,17.83751367,17.56646008,67.73022238,10.85267955,1.129784907,0.189125046,4.07218374,17.70014583,17.51421801,17.51195771,1009.123843,0,0,155.5803864,2.230273423,169.7528254,0.036456435,0.002592052,0.051039008,0,0,22.97557419,48.87823551,11.60393729,22.61356179,9.060689027,1.1717716,0.019310973,227.447685,99.4713817,15.86222222,15.99331019,15.73039352,71.93819444,10.11907407,3.675,0.613865741,6.961273148,15.7962037,15.74131944,15.67509259,1009.626273,0.004032407,0.409930556,182.4303241,2.615141204,195.0060185,0.158148148,0.011284722,0.182314815,0,0,21.35208333,52.74444444,11.22569444,20.89444444,9.777634259,1.179106991,0.022712963,221.7655093,97.14708333,17.26907074,17.38973648,17.15048544,78.26213592,13.06477115,3.159500693,0.52778086,6.202080444,17.25381415,17.41636616,17.40124827,1007.800416,0.000693481,0,192.70319,2.762454924,211.5797503,0.323023578,0.023106796,0.379056865,0,0,23.16920943,55.47295423,13.71539528,23.15117892,10.1589043,1.167115534,0.022468793,225.3495146,98.72662968,757
43.7,0.466671272,1304.867223,0.537,0.791,0.709,0.657,0.699,0.466,0.717,0.732,0.84,17.70236967,17.83751367,17.56646008,67.73022238,10.85267955,1.129784907,0.189125046,4.07218374,17.70014583,17.51421801,17.51195771,1009.123843,0,0,155.5803864,2.230273423,169.7528254,0.036456435,0.002592052,0.051039008,0,0,22.97557419,48.87823551,11.60393729,22.61356179,9.060689027,1.1717716,0.019310973,227.447685,99.4713817,15.86222222,15.99331019,15.73039352,71.93819444,10.11907407,3.675,0.613865741,6.961273148,15.7962037,15.74131944,15.67509259,1009.626273,0.004032407,0.409930556,182.4303241,2.615141204,195.0060185,0.158148148,0.011284722,0.182314815,0,0,21.35208333,52.74444444,11.22569444,20.89444444,9.777634259,1.179106991,0.022712963,221.7655093,97.14708333,17.26907074,17.38973648,17.15048544,78.26213592,13.06477115,3.159500693,0.52778086,6.202080444,17.25381415,17.41636616,17.40124827,1007.800416,0.000693481,0,192.70319,2.762454924,211.5797503,0.323023578,0.023106796,0.379056865,0,0,23.16920943,55.47295423,13.71539528,23.15117892,10.1589043,1.167115534,0.022468793,225.3495146,98.72662968,648
43.1,0.466671272,1304.867223,0.347,0.778,0.631,0.584,0.64,0.542,0.713,0.725,0.836,17.70236967,17.83751367,17.56646008,67.73022238,10.85267955,1.129784907,0.189125046,4.07218374,17.70014583,17.51421801,17.51195771,1009.123843,0,0,155.5803864,2.230273423,169.7528254,0.036456435,0.002592052,0.051039008,0,0,22.97557419,48.87823551,11.60393729,22.61356179,9.060689027,1.1717716,0.019310973,227.447685,99.4713817,15.86222222,15.99331019,15.73039352,71.93819444,10.11907407,3.675,0.613865741,6.961273148,15.7962037,15.74131944,15.67509259,1009.626273,0.004032407,0.409930556,182.4303241,2.615141204,195.0060185,0.158148148,0.011284722,0.182314815,0,0,21.35208333,52.74444444,11.22569444,20.89444444,9.777634259,1.179106991,0.022712963,221.7655093,97.14708333,17.26907074,17.38973648,17.15048544,78.26213592,13.06477115,3.159500693,0.52778086,6.202080444,17.25381415,17.41636616,17.40124827,1007.800416,0.000693481,0,192.70319,2.762454924,211.5797503,0.323023578,0.023106796,0.379056865,0,0,23.16920943,55.47295423,13.71539528,23.15117892,10.1589043,1.167115534,0.022468793,225.3495146,98.72662968,720
45.4,0.466671272,1304.867223,0.253,0.783,0.694,0.671,0.716,0.587,0.719,0.733,0.854,17.70236967,17.83751367,17.56646008,67.73022238,10.85267955,1.129784907,0.189125046,4.07218374,17.70014583,17.51421801,17.51195771,1009.123843,0,0,155.5803864,2.230273423,169.7528254,0.036456435,0.002592052,0.051039008,0,0,22.97557419,48.87823551,11.60393729,22.61356179,9.060689027,1.1717716,0.019310973,227.447685,99.4713817,15.86222222,15.99331019,15.73039352,71.93819444,10.11907407,3.675,0.613865741,6.961273148,15.7962037,15.74131944,15.67509259,1009.626273,0.004032407,0.409930556,182.4303241,2.615141204,195.0060185,0.158148148,0.011284722,0.182314815,0,0,21.35208333,52.74444444,11.22569444,20.89444444,9.777634259,1.179106991,0.022712963,221.7655093,97.14708333,17.26907074,17.38973648,17.15048544,78.26213592,13.06477115,3.159500693,0.52778086,6.202080444,17.25381415,17.41636616,17.40124827,1007.800416,0.000693481,0,192.70319,2.762454924,211.5797503,0.323023578,0.023106796,0.379056865,0,0,23.16920943,55.47295423,13.71539528,23.15117892,10.1589043,1.167115534,0.022468793,225.3495146,98.72662968,705
40,0.466671272,1304.867223,0.296,0.794,0.642,0.629,0.648,0.529,0.71,0.729,0.854,17.70236967,17.83751367,17.56646008,67.73022238,10.85267955,1.129784907,0.189125046,4.07218374,17.70014583,17.51421801,17.51195771,1009.123843,0,0,155.5803864,2.230273423,169.7528254,0.036456435,0.002592052,0.051039008,0,0,22.97557419,48.87823551,11.60393729,22.61356179,9.060689027,1.1717716,0.019310973,227.447685,99.4713817,15.86222222,15.99331019,15.73039352,71.93819444,10.11907407,3.675,0.613865741,6.961273148,15.7962037,15.74131944,15.67509259,1009.626273,0.004032407,0.409930556,182.4303241,2.615141204,195.0060185,0.158148148,0.011284722,0.182314815,0,0,21.35208333,52.74444444,11.22569444,20.89444444,9.777634259,1.179106991,0.022712963,221.7655093,97.14708333,17.26907074,17.38973648,17.15048544,78.26213592,13.06477115,3.159500693,0.52778086,6.202080444,17.25381415,17.41636616,17.40124827,1007.800416,0.000693481,0,192.70319,2.762454924,211.5797503,0.323023578,0.023106796,0.379056865,0,0,23.16920943,55.47295423,13.71539528,23.15117892,10.1589043,1.167115534,0.022468793,225.3495146,98.72662968,616
37.6,0.48,1404,0.381,0.769,0.683,0.634,0.661,0.506,0.713,0.726,0.854,17.70236967,17.83751367,17.56646008,67.73022238,10.85267955,1.129784907,0.189125046,4.07218374,17.70014583,17.51421801,17.51195771,1009.123843,0,0,155.5803864,2.230273423,169.7528254,0.036456435,0.002592052,0.051039008,0,0,22.97557419,48.87823551,11.60393729,22.61356179,9.060689027,1.1717716,0.019310973,227.447685,99.4713817,15.86222222,15.99331019,15.73039352,71.93819444,10.11907407,3.675,0.613865741,6.961273148,15.7962037,15.74131944,15.67509259,1009.626273,0.004032407,0.409930556,182.4303241,2.615141204,195.0060185,0.158148148,0.011284722,0.182314815,0,0,21.35208333,52.74444444,11.22569444,20.89444444,9.777634259,1.179106991,0.022712963,221.7655093,97.14708333,17.26907074,17.38973648,17.15048544,78.26213592,13.06477115,3.159500693,0.52778086,6.202080444,17.25381415,17.41636616,17.40124827,1007.800416,0.000693481,0,192.70319,2.762454924,211.5797503,0.323023578,0.023106796,0.379056865,0,0,23.16920943,55.47295423,13.71539528,23.15117892,10.1589043,1.167115534,0.022468793,225.3495146,98.72662968,670
41.4,0.466671272,1304.867223,0.619,0.779,0.653,0.608,0.718,0.61,0.712,0.725,0.848,17.70236967,17.83751367,17.56646008,67.73022238,10.85267955,1.129784907,0.189125046,4.07218374,17.70014583,17.51421801,17.51195771,1009.123843,0,0,155.5803864,2.230273423,169.7528254,0.036456435,0.002592052,0.051039008,0,0,22.97557419,48.87823551,11.60393729,22.61356179,9.060689027,1.1717716,0.019310973,227.447685,99.4713817,15.86222222,15.99331019,15.73039352,71.93819444,10.11907407,3.675,0.613865741,6.961273148,15.7962037,15.74131944,15.67509259,1009.626273,0.004032407,0.409930556,182.4303241,2.615141204,195.0060185,0.158148148,0.011284722,0.182314815,0,0,21.35208333,52.74444444,11.22569444,20.89444444,9.777634259,1.179106991,0.022712963,221.7655093,97.14708333,17.26907074,17.38973648,17.15048544,78.26213592,13.06477115,3.159500693,0.52778086,6.202080444,17.25381415,17.41636616,17.40124827,1007.800416,0.000693481,0,192.70319,2.762454924,211.5797503,0.323023578,0.023106796,0.379056865,0,0,23.16920943,55.47295423,13.71539528,23.15117892,10.1589043,1.167115534,0.022468793,225.3495146,98.72662968,694
40.7,0.48,1359,0.26,0.815,0.7,0.611,0.656,0.515,0.702,0.715,0.855,17.70236967,17.83751367,17.56646008,67.73022238,10.85267955,1.129784907,0.189125046,4.07218374,17.70014583,17.51421801,17.51195771,1009.123843,0,0,155.5803864,2.230273423,169.7528254,0.036456435,0.002592052,0.051039008,0,0,22.97557419,48.87823551,11.60393729,22.61356179,9.060689027,1.1717716,0.019310973,227.447685,99.4713817,15.86222222,15.99331019,15.73039352,71.93819444,10.11907407,3.675,0.613865741,6.961273148,15.7962037,15.74131944,15.67509259,1009.626273,0.004032407,0.409930556,182.4303241,2.615141204,195.0060185,0.158148148,0.011284722,0.182314815,0,0,21.35208333,52.74444444,11.22569444,20.89444444,9.777634259,1.179106991,0.022712963,221.7655093,97.14708333,17.26907074,17.38973648,17.15048544,78.26213592,13.06477115,3.159500693,0.52778086,6.202080444,17.25381415,17.41636616,17.40124827,1007.800416,0.000693481,0,192.70319,2.762454924,211.5797503,0.323023578,0.023106796,0.379056865,0,0,23.16920943,55.47295423,13.71539528,23.15117892,10.1589043,1.167115534,0.022468793,225.3495146,98.72662968,662
41.3,0.49,1440,0.45,0.76,0.654,0.634,0.696,0.538,0.707,0.712,0.842,17.70236967,17.83751367,17.56646008,67.73022238,10.85267955,1.129784907,0.189125046,4.07218374,17.70014583,17.51421801,17.51195771,1009.123843,0,0,155.5803864,2.230273423,169.7528254,0.036456435,0.002592052,0.051039008,0,0,22.97557419,48.87823551,11.60393729,22.61356179,9.060689027,1.1717716,0.019310973,227.447685,99.4713817,15.86222222,15.99331019,15.73039352,71.93819444,10.11907407,3.675,0.613865741,6.961273148,15.7962037,15.74131944,15.67509259,1009.626273,0.004032407,0.409930556,182.4303241,2.615141204,195.0060185,0.158148148,0.011284722,0.182314815,0,0,21.35208333,52.74444444,11.22569444,20.89444444,9.777634259,1.179106991,0.022712963,221.7655093,97.14708333,17.26907074,17.38973648,17.15048544,78.26213592,13.06477115,3.159500693,0.52778086,6.202080444,17.25381415,17.41636616,17.40124827,1007.800416,0.000693481,0,192.70319,2.762454924,211.5797503,0.323023578,0.023106796,0.379056865,0,0,23.16920943,55.47295423,13.71539528,23.15117892,10.1589043,1.167115534,0.022468793,225.3495146,98.72662968,715
44.7,0.466671272,1304.867223,0.432,0.767,0.719,0.594,0.694,0.573,0.713,0.723,0.851,17.70236967,17.83751367,17.56646008,67.73022238,10.85267955,1.129784907,0.189125046,4.07218374,17.70014583,17.51421801,17.51195771,1009.123843,0,0,155.5803864,2.230273423,169.7528254,0.036456435,0.002592052,0.051039008,0,0,22.97557419,48.87823551,11.60393729,22.61356179,9.060689027,1.1717716,0.019310973,227.447685,99.4713817,15.86222222,15.99331019,15.73039352,71.93819444,10.11907407,3.675,0.613865741,6.961273148,15.7962037,15.74131944,15.67509259,1009.626273,0.004032407,0.409930556,182.4303241,2.615141204,195.0060185,0.158148148,0.011284722,0.182314815,0,0,21.35208333,52.74444444,11.22569444,20.89444444,9.777634259,1.179106991,0.022712963,221.7655093,97.14708333,17.26907074,17.38973648,17.15048544,78.26213592,13.06477115,3.159500693,0.52778086,6.202080444,17.25381415,17.41636616,17.40124827,1007.800416,0.000693481,0,192.70319,2.762454924,211.5797503,0.323023578,0.023106796,0.379056865,0,0,23.16920943,55.47295423,13.71539528,23.15117892,10.1589043,1.167115534,0.022468793,225.3495146,98.72662968,655
49.6,0.466671272,1304.867223,0.2,0.78,0.633,0.603,0.672,0.591,0.705,0.73,0.853,17.70236967,17.83751367,17.56646008,67.73022238,10.85267955,1.129784907,0.189125046,4.07218374,17.70014583,17.51421801,17.51195771,1009.123843,0,0,155.5803864,2.230273423,169.7528254,0.036456435,0.002592052,0.051039008,0,0,22.97557419,48.87823551,11.60393729,22.61356179,9.060689027,1.1717716,0.019310973,227.447685,99.4713817,15.86222222,15.99331019,15.73039352,71.93819444,10.11907407,3.675,0.613865741,6.961273148,15.7962037,15.74131944,15.67509259,1009.626273,0.004032407,0.409930556,182.4303241,2.615141204,195.0060185,0.158148148,0.011284722,0.182314815,0,0,21.35208333,52.74444444,11.22569444,20.89444444,9.777634259,1.179106991,0.022712963,221.7655093,97.14708333,17.26907074,17.38973648,17.15048544,78.26213592,13.06477115,3.159500693,0.52778086,6.202080444,17.25381415,17.41636616,17.40124827,1007.800416,0.000693481,0,192.70319,2.762454924,211.5797503,0.323023578,0.023106796,0.379056865,0,0,23.16920943,55.47295423,13.71539528,23.15117892,10.1589043,1.167115534,0.022468793,225.3495146,98.72662968,601
47.3,0.466671272,1304.867223,0.324,0.709,0.595,0.635,0.695,0.567,0.708,0.725,0.857,17.70236967,17.83751367,17.56646008,67.73022238,10.85267955,1.129784907,0.189125046,4.07218374,17.70014583,17.51421801,17.51195771,1009.123843,0,0,155.5803864,2.230273423,169.7528254,0.036456435,0.002592052,0.051039008,0,0,22.97557419,48.87823551,11.60393729,22.61356179,9.060689027,1.1717716,0.019310973,227.447685,99.4713817,15.86222222,15.99331019,15.73039352,71.93819444,10.11907407,3.675,0.613865741,6.961273148,15.7962037,15.74131944,15.67509259,1009.626273,0.004032407,0.409930556,182.4303241,2.615141204,195.0060185,0.158148148,0.011284722,0.182314815,0,0,21.35208333,52.74444444,11.22569444,20.89444444,9.777634259,1.179106991,0.022712963,221.7655093,97.14708333,17.26907074,17.38973648,17.15048544,78.26213592,13.06477115,3.159500693,0.52778086,6.202080444,17.25381415,17.41636616,17.40124827,1007.800416,0.000693481,0,192.70319,2.762454924,211.5797503,0.323023578,0.023106796,0.379056865,0,0,23.16920943,55.47295423,13.71539528,23.15117892,10.1589043,1.167115534,0.022468793,225.3495146,98.72662968,685
42.5,0.466671272,1304.867223,0.325,0.724,0.731,0.591,0.645,0.471,0.719,0.73,0.859,17.70236967,17.83751367,17.56646008,67.73022238,10.85267955,1.129784907,0.189125046,4.07218374,17.70014583,17.51421801,17.51195771,1009.123843,0,0,155.5803864,2.230273423,169.7528254,0.036456435,0.002592052,0.051039008,0,0,22.97557419,48.87823551,11.60393729,22.61356179,9.060689027,1.1717716,0.019310973,227.447685,99.4713817,15.86222222,15.99331019,15.73039352,71.93819444,10.11907407,3.675,0.613865741,6.961273148,15.7962037,15.74131944,15.67509259,1009.626273,0.004032407,0.409930556,182.4303241,2.615141204,195.0060185,0.158148148,0.011284722,0.182314815,0,0,21.35208333,52.74444444,11.22569444,20.89444444,9.777634259,1.179106991,0.022712963,221.7655093,97.14708333,17.26907074,17.38973648,17.15048544,78.26213592,13.06477115,3.159500693,0.52778086,6.202080444,17.25381415,17.41636616,17.40124827,1007.800416,0.000693481,0,192.70319,2.762454924,211.5797503,0.323023578,0.023106796,0.379056865,0,0,23.16920943,55.47295423,13.71539528,23.15117892,10.1589043,1.167115534,0.022468793,225.3495146,98.72662968,602
41.1,0.466671272,1304.867223,0.363,0.727,0.608,0.618,0.655,0.463,0.702,0.718,0.846,17.70236967,17.83751367,17.56646008,67.73022238,10.85267955,1.129784907,0.189125046,4.07218374,17.70014583,17.51421801,17.51195771,1009.123843,0,0,155.5803864,2.230273423,169.7528254,0.036456435,0.002592052,0.051039008,0,0,22.97557419,48.87823551,11.60393729,22.61356179,9.060689027,1.1717716,0.019310973,227.447685,99.4713817,15.86222222,15.99331019,15.73039352,71.93819444,10.11907407,3.675,0.613865741,6.961273148,15.7962037,15.74131944,15.67509259,1009.626273,0.004032407,0.409930556,182.4303241,2.615141204,195.0060185,0.158148148,0.011284722,0.182314815,0,0,21.35208333,52.74444444,11.22569444,20.89444444,9.777634259,1.179106991,0.022712963,221.7655093,97.14708333,17.26907074,17.38973648,17.15048544,78.26213592,13.06477115,3.159500693,0.52778086,6.202080444,17.25381415,17.41636616,17.40124827,1007.800416,0.000693481,0,192.70319,2.762454924,211.5797503,0.323023578,0.023106796,0.379056865,0,0,23.16920943,55.47295423,13.71539528,23.15117892,10.1589043,1.167115534,0.022468793,225.3495146,98.72662968,664
43.8,0.48,1413,0.288058647,0.732,0.571,0.617,0.674,0.512,0.701,0.705,0.839,17.70236967,17.83751367,17.56646008,67.73022238,10.85267955,1.129784907,0.189125046,4.07218374,17.70014583,17.51421801,17.51195771,1009.123843,0,0,155.5803864,2.230273423,169.7528254,0.036456435,0.002592052,0.051039008,0,0,22.97557419,48.87823551,11.60393729,22.61356179,9.060689027,1.1717716,0.019310973,227.447685,99.4713817,15.86222222,15.99331019,15.73039352,71.93819444,10.11907407,3.675,0.613865741,6.961273148,15.7962037,15.74131944,15.67509259,1009.626273,0.004032407,0.409930556,182.4303241,2.615141204,195.0060185,0.158148148,0.011284722,0.182314815,0,0,21.35208333,52.74444444,11.22569444,20.89444444,9.777634259,1.179106991,0.022712963,221.7655093,97.14708333,17.26907074,17.38973648,17.15048544,78.26213592,13.06477115,3.159500693,0.52778086,6.202080444,17.25381415,17.41636616,17.40124827,1007.800416,0.000693481,0,192.70319,2.762454924,211.5797503,0.323023578,0.023106796,0.379056865,0,0,23.16920943,55.47295423,13.71539528,23.15117892,10.1589043,1.167115534,0.022468793,225.3495146,98.72662968,683
45.2,0.5,1144,0.939,0.734,0.622,0.59,0.638,0.464,0.717,0.715,0.843,17.70236967,17.83751367,17.56646008,67.73022238,10.85267955,1.129784907,0.189125046,4.07218374,17.70014583,17.51421801,17.51195771,1009.123843,0,0,155.5803864,2.230273423,169.7528254,0.036456435,0.002592052,0.051039008,0,0,22.97557419,48.87823551,11.60393729,22.61356179,9.060689027,1.1717716,0.019310973,227.447685,99.4713817,15.86222222,15.99331019,15.73039352,71.93819444,10.11907407,3.675,0.613865741,6.961273148,15.7962037,15.74131944,15.67509259,1009.626273,0.004032407,0.409930556,182.4303241,2.615141204,195.0060185,0.158148148,0.011284722,0.182314815,0,0,21.35208333,52.74444444,11.22569444,20.89444444,9.777634259,1.179106991,0.022712963,221.7655093,97.14708333,17.26907074,17.38973648,17.15048544,78.26213592,13.06477115,3.159500693,0.52778086,6.202080444,17.25381415,17.41636616,17.40124827,1007.800416,0.000693481,0,192.70319,2.762454924,211.5797503,0.323023578,0.023106796,0.379056865,0,0,23.16920943,55.47295423,13.71539528,23.15117892,10.1589043,1.167115534,0.022468793,225.3495146,98.72662968,597
35.7,0.466671272,1304.867223,0.288058647,0.711,0.69,0.639,0.638,0.498,0.706,0.724,0.848,17.70236967,17.83751367,17.56646008,67.73022238,10.85267955,1.129784907,0.189125046,4.07218374,17.70014583,17.51421801,17.51195771,1009.123843,0,0,155.5803864,2.230273423,169.7528254,0.036456435,0.002592052,0.051039008,0,0,22.97557419,48.87823551,11.60393729,22.61356179,9.060689027,1.1717716,0.019310973,227.447685,99.4713817,15.86222222,15.99331019,15.73039352,71.93819444,10.11907407,3.675,0.613865741,6.961273148,15.7962037,15.74131944,15.67509259,1009.626273,0.004032407,0.409930556,182.4303241,2.615141204,195.0060185,0.158148148,0.011284722,0.182314815,0,0,21.35208333,52.74444444,11.22569444,20.89444444,9.777634259,1.179106991,0.022712963,221.7655093,97.14708333,17.26907074,17.38973648,17.15048544,78.26213592,13.06477115,3.159500693,0.52778086,6.202080444,17.25381415,17.41636616,17.40124827,1007.800416,0.000693481,0,192.70319,2.762454924,211.5797503,0.323023578,0.023106796,0.379056865,0,0,23.16920943,55.47295423,13.71539528,23.15117892,10.1589043,1.167115534,0.022468793,225.3495146,98.72662968,765
43.1,0.466671272,1304.867223,0.181,0.784,0.659,0.569,0.596,0.52,0.717,0.734,0.855,17.70236967,17.83751367,17.56646008,67.73022238,10.85267955,1.129784907,0.189125046,4.07218374,17.70014583,17.51421801,17.51195771,1009.123843,0,0,155.5803864,2.230273423,169.7528254,0.036456435,0.002592052,0.051039008,0,0,22.97557419,48.87823551,11.60393729,22.61356179,9.060689027,1.1717716,0.019310973,227.447685,99.4713817,15.86222222,15.99331019,15.73039352,71.93819444,10.11907407,3.675,0.613865741,6.961273148,15.7962037,15.74131944,15.67509259,1009.626273,0.004032407,0.409930556,182.4303241,2.615141204,195.0060185,0.158148148,0.011284722,0.182314815,0,0,21.35208333,52.74444444,11.22569444,20.89444444,9.777634259,1.179106991,0.022712963,221.7655093,97.14708333,17.26907074,17.38973648,17.15048544,78.26213592,13.06477115,3.159500693,0.52778086,6.202080444,17.25381415,17.41636616,17.40124827,1007.800416,0.000693481,0,192.70319,2.762454924,211.5797503,0.323023578,0.023106796,0.379056865,0,0,23.16920943,55.47295423,13.71539528,23.15117892,10.1589043,1.167115534,0.022468793,225.3495146,98.72662968,721
41.2,0.466671272,1304.867223,0.418,0.766,0.678,0.619,0.651,0.541,0.707,0.725,0.862,17.70236967,17.83751367,17.56646008,67.73022238,10.85267955,1.129784907,0.189125046,4.07218374,17.70014583,17.51421801,17.51195771,1009.123843,0,0,155.5803864,2.230273423,169.7528254,0.036456435,0.002592052,0.051039008,0,0,22.97557419,48.87823551,11.60393729,22.61356179,9.060689027,1.1717716,0.019310973,227.447685,99.4713817,15.86222222,15.99331019,15.73039352,71.93819444,10.11907407,3.675,0.613865741,6.961273148,15.7962037,15.74131944,15.67509259,1009.626273,0.004032407,0.409930556,182.4303241,2.615141204,195.0060185,0.158148148,0.011284722,0.182314815,0,0,21.35208333,52.74444444,11.22569444,20.89444444,9.777634259,1.179106991,0.022712963,221.7655093,97.14708333,17.26907074,17.38973648,17.15048544,78.26213592,13.06477115,3.159500693,0.52778086,6.202080444,17.25381415,17.41636616,17.40124827,1007.800416,0.000693481,0,192.70319,2.762454924,211.5797503,0.323023578,0.023106796,0.379056865,0,0,23.16920943,55.47295423,13.71539528,23.15117892,10.1589043,1.167115534,0.022468793,225.3495146,98.72662968,674
48,0.466671272,1304.867223,0.498,0.796,0.661,0.647,0.687,0.564,0.703,0.72,0.849,17.70236967,17.83751367,17.56646008,67.73022238,10.85267955,1.129784907,0.189125046,4.07218374,17.70014583,17.51421801,17.51195771,1009.123843,0,0,155.5803864,2.230273423,169.7528254,0.036456435,0.002592052,0.051039008,0,0,22.97557419,48.87823551,11.60393729,22.61356179,9.060689027,1.1717716,0.019310973,227.447685,99.4713817,15.86222222,15.99331019,15.73039352,71.93819444,10.11907407,3.675,0.613865741,6.961273148,15.7962037,15.74131944,15.67509259,1009.626273,0.004032407,0.409930556,182.4303241,2.615141204,195.0060185,0.158148148,0.011284722,0.182314815,0,0,21.35208333,52.74444444,11.22569444,20.89444444,9.777634259,1.179106991,0.022712963,221.7655093,97.14708333,17.26907074,17.38973648,17.15048544,78.26213592,13.06477115,3.159500693,0.52778086,6.202080444,17.25381415,17.41636616,17.40124827,1007.800416,0.000693481,0,192.70319,2.762454924,211.5797503,0.323023578,0.023106796,0.379056865,0,0,23.16920943,55.47295423,13.71539528,23.15117892,10.1589043,1.167115534,0.022468793,225.3495146,98.72662968,697
46.1,0.466671272,1304.867223,0.388,0.803,0.7,0.615,0.676,0.517,0.709,0.733,0.853,17.70236967,17.83751367,17.56646008,67.73022238,10.85267955,1.129784907,0.189125046,4.07218374,17.70014583,17.51421801,17.51195771,1009.123843,0,0,155.5803864,2.230273423,169.7528254,0.036456435,0.002592052,0.051039008,0,0,22.97557419,48.87823551,11.60393729,22.61356179,9.060689027,1.1717716,0.019310973,227.447685,99.4713817,15.86222222,15.99331019,15.73039352,71.93819444,10.11907407,3.675,0.613865741,6.961273148,15.7962037,15.74131944,15.67509259,1009.626273,0.004032407,0.409930556,182.4303241,2.615141204,195.0060185,0.158148148,0.011284722,0.182314815,0,0,21.35208333,52.74444444,11.22569444,20.89444444,9.777634259,1.179106991,0.022712963,221.7655093,97.14708333,17.26907074,17.38973648,17.15048544,78.26213592,13.06477115,3.159500693,0.52778086,6.202080444,17.25381415,17.41636616,17.40124827,1007.800416,0.000693481,0,192.70319,2.762454924,211.5797503,0.323023578,0.023106796,0.379056865,0,0,23.16920943,55.47295423,13.71539528,23.15117892,10.1589043,1.167115534,0.022468793,225.3495146,98.72662968,745
39.4,0.5,1374,0.364,0.717,0.629,0.63,0.641,0.524,0.695,0.702,0.837,17.70236967,17.83751367,17.56646008,67.73022238,10.85267955,1.129784907,0.189125046,4.07218374,17.70014583,17.51421801,17.51195771,1009.123843,0,0,155.5803864,2.230273423,169.7528254,0.036456435,0.002592052,0.051039008,0,0,22.97557419,48.87823551,11.60393729,22.61356179,9.060689027,1.1717716,0.019310973,227.447685,99.4713817,15.86222222,15.99331019,15.73039352,71.93819444,10.11907407,3.675,0.613865741,6.961273148,15.7962037,15.74131944,15.67509259,1009.626273,0.004032407,0.409930556,182.4303241,2.615141204,195.0060185,0.158148148,0.011284722,0.182314815,0,0,21.35208333,52.74444444,11.22569444,20.89444444,9.777634259,1.179106991,0.022712963,221.7655093,97.14708333,17.26907074,17.38973648,17.15048544,78.26213592,13.06477115,3.159500693,0.52778086,6.202080444,17.25381415,17.41636616,17.40124827,1007.800416,0.000693481,0,192.70319,2.762454924,211.5797503,0.323023578,0.023106796,0.379056865,0,0,23.16920943,55.47295423,13.71539528,23.15117892,10.1589043,1.167115534,0.022468793,225.3495146,98.72662968,689
41.7,0.466671272,1304.867223,0.332,0.79,0.704,0.634,0.647,0.489,0.711,0.731,0.859,17.70236967,17.83751367,17.56646008,67.73022238,10.85267955,1.129784907,0.189125046,4.07218374,17.70014583,17.51421801,17.51195771,1009.123843,0,0,155.5803864,2.230273423,169.7528254,0.036456435,0.002592052,0.051039008,0,0,22.97557419,48.87823551,11.60393729,22.61356179,9.060689027,1.1717716,0.019310973,227.447685,99.4713817,15.86222222,15.99331019,15.73039352,71.93819444,10.11907407,3.675,0.613865741,6.961273148,15.7962037,15.74131944,15.67509259,1009.626273,0.004032407,0.409930556,182.4303241,2.615141204,195.0060185,0.158148148,0.011284722,0.182314815,0,0,21.35208333,52.74444444,11.22569444,20.89444444,9.777634259,1.179106991,0.022712963,221.7655093,97.14708333,17.26907074,17.38973648,17.15048544,78.26213592,13.06477115,3.159500693,0.52778086,6.202080444,17.25381415,17.41636616,17.40124827,1007.800416,0.000693481,0,192.70319,2.762454924,211.5797503,0.323023578,0.023106796,0.379056865,0,0,23.16920943,55.47295423,13.71539528,23.15117892,10.1589043,1.167115534,0.022468793,225.3495146,98.72662968,678
40.2,0.466671272,1304.867223,0.398,0.745,0.626,0.646,0.671,0.536,0.713,0.724,0.849,17.70236967,17.83751367,17.56646008,67.73022238,10.85267955,1.129784907,0.189125046,4.07218374,17.70014583,17.51421801,17.51195771,1009.123843,0,0,155.5803864,2.230273423,169.7528254,0.036456435,0.002592052,0.051039008,0,0,22.97557419,48.87823551,11.60393729,22.61356179,9.060689027,1.1717716,0.019310973,227.447685,99.4713817,15.86222222,15.99331019,15.73039352,71.93819444,10.11907407,3.675,0.613865741,6.961273148,15.7962037,15.74131944,15.67509259,1009.626273,0.004032407,0.409930556,182.4303241,2.615141204,195.0060185,0.158148148,0.011284722,0.182314815,0,0,21.35208333,52.74444444,11.22569444,20.89444444,9.777634259,1.179106991,0.022712963,221.7655093,97.14708333,17.26907074,17.38973648,17.15048544,78.26213592,13.06477115,3.159500693,0.52778086,6.202080444,17.25381415,17.41636616,17.40124827,1007.800416,0.000693481,0,192.70319,2.762454924,211.5797503,0.323023578,0.023106796,0.379056865,0,0,23.16920943,55.47295423,13.71539528,23.15117892,10.1589043,1.167115534,0.022468793,225.3495146,98.72662968,659
46.4,0.466671272,1304.867223,1,0.753,0.672,0.587,0.597,0.44,0.684,0.684,0.819,17.70236967,17.83751367,17.56646008,67.73022238,10.85267955,1.129784907,0.189125046,4.07218374,17.70014583,17.51421801,17.51195771,1009.123843,0,0,155.5803864,2.230273423,169.7528254,0.036456435,0.002592052,0.051039008,0,0,22.97557419,48.87823551,11.60393729,22.61356179,9.060689027,1.1717716,0.019310973,227.447685,99.4713817,15.86222222,15.99331019,15.73039352,71.93819444,10.11907407,3.675,0.613865741,6.961273148,15.7962037,15.74131944,15.67509259,1009.626273,0.004032407,0.409930556,182.4303241,2.615141204,195.0060185,0.158148148,0.011284722,0.182314815,0,0,21.35208333,52.74444444,11.22569444,20.89444444,9.777634259,1.179106991,0.022712963,221.7655093,97.14708333,17.26907074,17.38973648,17.15048544,78.26213592,13.06477115,3.159500693,0.52778086,6.202080444,17.25381415,17.41636616,17.40124827,1007.800416,0.000693481,0,192.70319,2.762454924,211.5797503,0.323023578,0.023106796,0.379056865,0,0,23.16920943,55.47295423,13.71539528,23.15117892,10.1589043,1.167115534,0.022468793,225.3495146,98.72662968,665
47.2,0.53,1178,0.506,0.664,0.626,0.58,0.629,0.476,0.707,0.721,0.863,17.70236967,17.83751367,17.56646008,67.73022238,10.85267955,1.129784907,0.189125046,4.07218374,17.70014583,17.51421801,17.51195771,1009.123843,0,0,155.5803864,2.230273423,169.7528254,0.036456435,0.002592052,0.051039008,0,0,22.97557419,48.87823551,11.60393729,22.61356179,9.060689027,1.1717716,0.019310973,227.447685,99.4713817,15.86222222,15.99331019,15.73039352,71.93819444,10.11907407,3.675,0.613865741,6.961273148,15.7962037,15.74131944,15.67509259,1009.626273,0.004032407,0.409930556,182.4303241,2.615141204,195.0060185,0.158148148,0.011284722,0.182314815,0,0,21.35208333,52.74444444,11.22569444,20.89444444,9.777634259,1.179106991,0.022712963,221.7655093,97.14708333,17.26907074,17.38973648,17.15048544,78.26213592,13.06477115,3.159500693,0.52778086,6.202080444,17.25381415,17.41636616,17.40124827,1007.800416,0.000693481,0,192.70319,2.762454924,211.5797503,0.323023578,0.023106796,0.379056865,0,0,23.16920943,55.47295423,13.71539528,23.15117892,10.1589043,1.167115534,0.022468793,225.3495146,98.72662968,611
42.5,0.466671272,1304.867223,0.654,0.805,0.693,0.634,0.64,0.428,0.731,0.745,0.861,17.70236967,17.83751367,17.56646008,67.73022238,10.85267955,1.129784907,0.189125046,4.07218374,17.70014583,17.51421801,17.51195771,1009.123843,0,0,155.5803864,2.230273423,169.7528254,0.036456435,0.002592052,0.051039008,0,0,22.97557419,48.87823551,11.60393729,22.61356179,9.060689027,1.1717716,0.019310973,227.447685,99.4713817,15.86222222,15.99331019,15.73039352,71.93819444,10.11907407,3.675,0.613865741,6.961273148,15.7962037,15.74131944,15.67509259,1009.626273,0.004032407,0.409930556,182.4303241,2.615141204,195.0060185,0.158148148,0.011284722,0.182314815,0,0,21.35208333,52.74444444,11.22569444,20.89444444,9.777634259,1.179106991,0.022712963,221.7655093,97.14708333,17.26907074,17.38973648,17.15048544,78.26213592,13.06477115,3.159500693,0.52778086,6.202080444,17.25381415,17.41636616,17.40124827,1007.800416,0.000693481,0,192.70319,2.762454924,211.5797503,0.323023578,0.023106796,0.379056865,0,0,23.16920943,55.47295423,13.71539528,23.15117892,10.1589043,1.167115534,0.022468793,225.3495146,98.72662968,734
38.4,0.466671272,1304.867223,0.747,0.725,0.68,0.627,0.635,0.509,0.721,0.727,0.865,17.70236967,17.83751367,17.56646008,67.73022238,10.85267955,1.129784907,0.189125046,4.07218374,17.70014583,17.51421801,17.51195771,1009.123843,0,0,155.5803864,2.230273423,169.7528254,0.036456435,0.002592052,0.051039008,0,0,22.97557419,48.87823551,11.60393729,22.61356179,9.060689027,1.1717716,0.019310973,227.447685,99.4713817,15.86222222,15.99331019,15.73039352,71.93819444,10.11907407,3.675,0.613865741,6.961273148,15.7962037,15.74131944,15.67509259,1009.626273,0.004032407,0.409930556,182.4303241,2.615141204,195.0060185,0.158148148,0.011284722,0.182314815,0,0,21.35208333,52.74444444,11.22569444,20.89444444,9.777634259,1.179106991,0.022712963,221.7655093,97.14708333,17.26907074,17.38973648,17.15048544,78.26213592,13.06477115,3.159500693,0.52778086,6.202080444,17.25381415,17.41636616,17.40124827,1007.800416,0.000693481,0,192.70319,2.762454924,211.5797503,0.323023578,0.023106796,0.379056865,0,0,23.16920943,55.47295423,13.71539528,23.15117892,10.1589043,1.167115534,0.022468793,225.3495146,98.72662968,645
41.5,0.466671272,1304.867223,0.288058647,0.788,0.711,0.703,0.688,0.573,0.729,0.742,0.855,17.70236967,17.83751367,17.56646008,67.73022238,10.85267955,1.129784907,0.189125046,4.07218374,17.70014583,17.51421801,17.51195771,1009.123843,0,0,155.5803864,2.230273423,169.7528254,0.036456435,0.002592052,0.051039008,0,0,22.97557419,48.87823551,11.60393729,22.61356179,9.060689027,1.1717716,0.019310973,227.447685,99.4713817,15.86222222,15.99331019,15.73039352,71.93819444,10.11907407,3.675,0.613865741,6.961273148,15.7962037,15.74131944,15.67509259,1009.626273,0.004032407,0.409930556,182.4303241,2.615141204,195.0060185,0.158148148,0.011284722,0.182314815,0,0,21.35208333,52.74444444,11.22569444,20.89444444,9.777634259,1.179106991,0.022712963,221.7655093,97.14708333,17.26907074,17.38973648,17.15048544,78.26213592,13.06477115,3.159500693,0.52778086,6.202080444,17.25381415,17.41636616,17.40124827,1007.800416,0.000693481,0,192.70319,2.762454924,211.5797503,0.323023578,0.023106796,0.379056865,0,0,23.16920943,55.47295423,13.71539528,23.15117892,10.1589043,1.167115534,0.022468793,225.3495146,98.72662968,712
41.3,0.466671272,1304.867223,0.405,0.788,0.682,0.605,0.666,0.501,0.714,0.734,0.853,17.70236967,17.83751367,17.56646008,67.73022238,10.85267955,1.129784907,0.189125046,4.07218374,17.70014583,17.51421801,17.51195771,1009.123843,0,0,155.5803864,2.230273423,169.7528254,0.036456435,0.002592052,0.051039008,0,0,22.97557419,48.87823551,11.60393729,22.61356179,9.060689027,1.1717716,0.019310973,227.447685,99.4713817,15.86222222,15.99331019,15.73039352,71.93819444,10.11907407,3.675,0.613865741,6.961273148,15.7962037,15.74131944,15.67509259,1009.626273,0.004032407,0.409930556,182.4303241,2.615141204,195.0060185,0.158148148,0.011284722,0.182314815,0,0,21.35208333,52.74444444,11.22569444,20.89444444,9.777634259,1.179106991,0.022712963,221.7655093,97.14708333,17.26907074,17.38973648,17.15048544,78.26213592,13.06477115,3.159500693,0.52778086,6.202080444,17.25381415,17.41636616,17.40124827,1007.800416,0.000693481,0,192.70319,2.762454924,211.5797503,0.323023578,0.023106796,0.379056865,0,0,23.16920943,55.47295423,13.71539528,23.15117892,10.1589043,1.167115534,0.022468793,225.3495146,98.72662968,638
41.7,0.466671272,1304.867223,0.421,0.742,0.679,0.598,0.623,0.445,0.713,0.725,0.854,17.70236967,17.83751367,17.56646008,67.73022238,10.85267955,1.129784907,0.189125046,4.07218374,17.70014583,17.51421801,17.51195771,1009.123843,0,0,155.5803864,2.230273423,169.7528254,0.036456435,0.002592052,0.051039008,0,0,22.97557419,48.87823551,11.60393729,22.61356179,9.060689027,1.1717716,0.019310973,227.447685,99.4713817,15.86222222,15.99331019,15.73039352,71.93819444,10.11907407,3.675,0.613865741,6.961273148,15.7962037,15.74131944,15.67509259,1009.626273,0.004032407,0.409930556,182.4303241,2.615141204,195.0060185,0.158148148,0.011284722,0.182314815,0,0,21.35208333,52.74444444,11.22569444,20.89444444,9.777634259,1.179106991,0.022712963,221.7655093,97.14708333,17.26907074,17.38973648,17.15048544,78.26213592,13.06477115,3.159500693,0.52778086,6.202080444,17.25381415,17.41636616,17.40124827,1007.800416,0.000693481,0,192.70319,2.762454924,211.5797503,0.323023578,0.023106796,0.379056865,0,0,23.16920943,55.47295423,13.71539528,23.15117892,10.1589043,1.167115534,0.022468793,225.3495146,98.72662968,659
42.4,0.466671272,1304.867223,0.356,0.756,0.716,0.558,0.593,0.454,0.71,0.709,0.824,17.70236967,17.83751367,17.56646008,67.73022238,10.85267955,1.129784907,0.189125046,4.07218374,17.70014583,17.51421801,17.51195771,1009.123843,0,0,155.5803864,2.230273423,169.7528254,0.036456435,0.002592052,0.051039008,0,0,22.97557419,48.87823551,11.60393729,22.61356179,9.060689027,1.1717716,0.019310973,227.447685,99.4713817,15.86222222,15.99331019,15.73039352,71.93819444,10.11907407,3.675,0.613865741,6.961273148,15.7962037,15.74131944,15.67509259,1009.626273,0.004032407,0.409930556,182.4303241,2.615141204,195.0060185,0.158148148,0.011284722,0.182314815,0,0,21.35208333,52.74444444,11.22569444,20.89444444,9.777634259,1.179106991,0.022712963,221.7655093,97.14708333,17.26907074,17.38973648,17.15048544,78.26213592,13.06477115,3.159500693,0.52778086,6.202080444,17.25381415,17.41636616,17.40124827,1007.800416,0.000693481,0,192.70319,2.762454924,211.5797503,0.323023578,0.023106796,0.379056865,0,0,23.16920943,55.47295423,13.71539528,23.15117892,10.1589043,1.167115534,0.022468793,225.3495146,98.72662968,724
41.1,0.466671272,1304.867223,0.256,0.686,0.653,0.592,0.595,0.503,0.714,0.72,0.845,17.70236967,17.83751367,17.56646008,67.73022238,10.85267955,1.129784907,0.189125046,4.07218374,17.70014583,17.51421801,17.51195771,1009.123843,0,0,155.5803864,2.230273423,169.7528254,0.036456435,0.002592052,0.051039008,0,0,22.97557419,48.87823551,11.60393729,22.61356179,9.060689027,1.1717716,0.019310973,227.447685,99.4713817,15.86222222,15.99331019,15.73039352,71.93819444,10.11907407,3.675,0.613865741,6.961273148,15.7962037,15.74131944,15.67509259,1009.626273,0.004032407,0.409930556,182.4303241,2.615141204,195.0060185,0.158148148,0.011284722,0.182314815,0,0,21.35208333,52.74444444,11.22569444,20.89444444,9.777634259,1.179106991,0.022712963,221.7655093,97.14708333,17.26907074,17.38973648,17.15048544,78.26213592,13.06477115,3.159500693,0.52778086,6.202080444,17.25381415,17.41636616,17.40124827,1007.800416,0.000693481,0,192.70319,2.762454924,211.5797503,0.323023578,0.023106796,0.379056865,0,0,23.16920943,55.47295423,13.71539528,23.15117892,10.1589043,1.167115534,0.022468793,225.3495146,98.72662968,614
38.9,0.466671272,1304.867223,0.372,0.792,0.647,0.644,0.69,0.562,0.729,0.744,0.861,17.70236967,17.83751367,17.56646008,67.73022238,10.85267955,1.129784907,0.189125046,4.07218374,17.70014583,17.51421801,17.51195771,1009.123843,0,0,155.5803864,2.230273423,169.7528254,0.036456435,0.002592052,0.051039008,0,0,22.97557419,48.87823551,11.60393729,22.61356179,9.060689027,1.1717716,0.019310973,227.447685,99.4713817,15.86222222,15.99331019,15.73039352,71.93819444,10.11907407,3.675,0.613865741,6.961273148,15.7962037,15.74131944,15.67509259,1009.626273,0.004032407,0.409930556,182.4303241,2.615141204,195.0060185,0.158148148,0.011284722,0.182314815,0,0,21.35208333,52.74444444,11.22569444,20.89444444,9.777634259,1.179106991,0.022712963,221.7655093,97.14708333,17.26907074,17.38973648,17.15048544,78.26213592,13.06477115,3.159500693,0.52778086,6.202080444,17.25381415,17.41636616,17.40124827,1007.800416,0.000693481,0,192.70319,2.762454924,211.5797503,0.323023578,0.023106796,0.379056865,0,0,23.16920943,55.47295423,13.71539528,23.15117892,10.1589043,1.167115534,0.022468793,225.3495146,98.72662968,683
43,0.466671272,1304.867223,0.487,0.761,0.688,0.645,0.651,0.497,0.712,0.735,0.856,17.70236967,17.83751367,17.56646008,67.73022238,10.85267955,1.129784907,0.189125046,4.07218374,17.70014583,17.51421801,17.51195771,1009.123843,0,0,155.5803864,2.230273423,169.7528254,0.036456435,0.002592052,0.051039008,0,0,22.97557419,48.87823551,11.60393729,22.61356179,9.060689027,1.1717716,0.019310973,227.447685,99.4713817,15.86222222,15.99331019,15.73039352,71.93819444,10.11907407,3.675,0.613865741,6.961273148,15.7962037,15.74131944,15.67509259,1009.626273,0.004032407,0.409930556,182.4303241,2.615141204,195.0060185,0.158148148,0.011284722,0.182314815,0,0,21.35208333,52.74444444,11.22569444,20.89444444,9.777634259,1.179106991,0.022712963,221.7655093,97.14708333,17.26907074,17.38973648,17.15048544,78.26213592,13.06477115,3.159500693,0.52778086,6.202080444,17.25381415,17.41636616,17.40124827,1007.800416,0.000693481,0,192.70319,2.762454924,211.5797503,0.323023578,0.023106796,0.379056865,0,0,23.16920943,55.47295423,13.71539528,23.15117892,10.1589043,1.167115534,0.022468793,225.3495146,98.72662968,690
37.6,0.466671272,1304.867223,0.388,0.796,0.701,0.666,0.685,0.572,0.706,0.721,0.84,17.70236967,17.83751367,17.56646008,67.73022238,10.85267955,1.129784907,0.189125046,4.07218374,17.70014583,17.51421801,17.51195771,1009.123843,0,0,155.5803864,2.230273423,169.7528254,0.036456435,0.002592052,0.051039008,0,0,22.97557419,48.87823551,11.60393729,22.61356179,9.060689027,1.1717716,0.019310973,227.447685,99.4713817,15.86222222,15.99331019,15.73039352,71.93819444,10.11907407,3.675,0.613865741,6.961273148,15.7962037,15.74131944,15.67509259,1009.626273,0.004032407,0.409930556,182.4303241,2.615141204,195.0060185,0.158148148,0.011284722,0.182314815,0,0,21.35208333,52.74444444,11.22569444,20.89444444,9.777634259,1.179106991,0.022712963,221.7655093,97.14708333,17.26907074,17.38973648,17.15048544,78.26213592,13.06477115,3.159500693,0.52778086,6.202080444,17.25381415,17.41636616,17.40124827,1007.800416,0.000693481,0,192.70319,2.762454924,211.5797503,0.323023578,0.023106796,0.379056865,0,0,23.16920943,55.47295423,13.71539528,23.15117892,10.1589043,1.167115534,0.022468793,225.3495146,98.72662968,709
43.9,0.466671272,1304.867223,0.408,0.8,0.738,0.656,0.678,0.508,0.717,0.724,0.849,17.70236967,17.83751367,17.56646008,67.73022238,10.85267955,1.129784907,0.189125046,4.07218374,17.70014583,17.51421801,17.51195771,1009.123843,0,0,155.5803864,2.230273423,169.7528254,0.036456435,0.002592052,0.051039008,0,0,22.97557419,48.87823551,11.60393729,22.61356179,9.060689027,1.1717716,0.019310973,227.447685,99.4713817,15.86222222,15.99331019,15.73039352,71.93819444,10.11907407,3.675,0.613865741,6.961273148,15.7962037,15.74131944,15.67509259,1009.626273,0.004032407,0.409930556,182.4303241,2.615141204,195.0060185,0.158148148,0.011284722,0.182314815,0,0,21.35208333,52.74444444,11.22569444,20.89444444,9.777634259,1.179106991,0.022712963,221.7655093,97.14708333,17.26907074,17.38973648,17.15048544,78.26213592,13.06477115,3.159500693,0.52778086,6.202080444,17.25381415,17.41636616,17.40124827,1007.800416,0.000693481,0,192.70319,2.762454924,211.5797503,0.323023578,0.023106796,0.379056865,0,0,23.16920943,55.47295423,13.71539528,23.15117892,10.1589043,1.167115534,0.022468793,225.3495146,98.72662968,790
45,0.466671272,1304.867223,0.358,0.784,0.685,0.593,0.643,0.5,0.703,0.72,0.84,17.70236967,17.83751367,17.56646008,67.73022238,10.85267955,1.129784907,0.189125046,4.07218374,17.70014583,17.51421801,17.51195771,1009.123843,0,0,155.5803864,2.230273423,169.7528254,0.036456435,0.002592052,0.051039008,0,0,22.97557419,48.87823551,11.60393729,22.61356179,9.060689027,1.1717716,0.019310973,227.447685,99.4713817,15.86222222,15.99331019,15.73039352,71.93819444,10.11907407,3.675,0.613865741,6.961273148,15.7962037,15.74131944,15.67509259,1009.626273,0.004032407,0.409930556,182.4303241,2.615141204,195.0060185,0.158148148,0.011284722,0.182314815,0,0,21.35208333,52.74444444,11.22569444,20.89444444,9.777634259,1.179106991,0.022712963,221.7655093,97.14708333,17.26907074,17.38973648,17.15048544,78.26213592,13.06477115,3.159500693,0.52778086,6.202080444,17.25381415,17.41636616,17.40124827,1007.800416,0.000693481,0,192.70319,2.762454924,211.5797503,0.323023578,0.023106796,0.379056865,0,0,23.16920943,55.47295423,13.71539528,23.15117892,10.1589043,1.167115534,0.022468793,225.3495146,98.72662968,656
45.5,0.466671272,1304.867223,0.453,0.799,0.679,0.616,0.665,0.57,0.714,0.728,0.85,17.70236967,17.83751367,17.56646008,67.73022238,10.85267955,1.129784907,0.189125046,4.07218374,17.70014583,17.51421801,17.51195771,1009.123843,0,0,155.5803864,2.230273423,169.7528254,0.036456435,0.002592052,0.051039008,0,0,22.97557419,48.87823551,11.60393729,22.61356179,9.060689027,1.1717716,0.019310973,227.447685,99.4713817,15.86222222,15.99331019,15.73039352,71.93819444,10.11907407,3.675,0.613865741,6.961273148,15.7962037,15.74131944,15.67509259,1009.626273,0.004032407,0.409930556,182.4303241,2.615141204,195.0060185,0.158148148,0.011284722,0.182314815,0,0,21.35208333,52.74444444,11.22569444,20.89444444,9.777634259,1.179106991,0.022712963,221.7655093,97.14708333,17.26907074,17.38973648,17.15048544,78.26213592,13.06477115,3.159500693,0.52778086,6.202080444,17.25381415,17.41636616,17.40124827,1007.800416,0.000693481,0,192.70319,2.762454924,211.5797503,0.323023578,0.023106796,0.379056865,0,0,23.16920943,55.47295423,13.71539528,23.15117892,10.1589043,1.167115534,0.022468793,225.3495146,98.72662968,724
41.1,0.466671272,1304.867223,0.365,0.783,0.738,0.636,0.617,0.542,0.712,0.729,0.86,17.70236967,17.83751367,17.56646008,67.73022238,10.85267955,1.129784907,0.189125046,4.07218374,17.70014583,17.51421801,17.51195771,1009.123843,0,0,155.5803864,2.230273423,169.7528254,0.036456435,0.002592052,0.051039008,0,0,22.97557419,48.87823551,11.60393729,22.61356179,9.060689027,1.1717716,0.019310973,227.447685,99.4713817,15.86222222,15.99331019,15.73039352,71.93819444,10.11907407,3.675,0.613865741,6.961273148,15.7962037,15.74131944,15.67509259,1009.626273,0.004032407,0.409930556,182.4303241,2.615141204,195.0060185,0.158148148,0.011284722,0.182314815,0,0,21.35208333,52.74444444,11.22569444,20.89444444,9.777634259,1.179106991,0.022712963,221.7655093,97.14708333,17.26907074,17.38973648,17.15048544,78.26213592,13.06477115,3.159500693,0.52778086,6.202080444,17.25381415,17.41636616,17.40124827,1007.800416,0.000693481,0,192.70319,2.762454924,211.5797503,0.323023578,0.023106796,0.379056865,0,0,23.16920943,55.47295423,13.71539528,23.15117892,10.1589043,1.167115534,0.022468793,225.3495146,98.72662968,758
46.7,0.466671272,1304.867223,0.308,0.8,0.743,0.703,0.63,0.567,0.719,0.725,0.846,17.70236967,17.83751367,17.56646008,67.73022238,10.85267955,1.129784907,0.189125046,4.07218374,17.70014583,17.51421801,17.51195771,1009.123843,0,0,155.5803864,2.230273423,169.7528254,0.036456435,0.002592052,0.051039008,0,0,22.97557419,48.87823551,11.60393729,22.61356179,9.060689027,1.1717716,0.019310973,227.447685,99.4713817,15.86222222,15.99331019,15.73039352,71.93819444,10.11907407,3.675,0.613865741,6.961273148,15.7962037,15.74131944,15.67509259,1009.626273,0.004032407,0.409930556,182.4303241,2.615141204,195.0060185,0.158148148,0.011284722,0.182314815,0,0,21.35208333,52.74444444,11.22569444,20.89444444,9.777634259,1.179106991,0.022712963,221.7655093,97.14708333,17.26907074,17.38973648,17.15048544,78.26213592,13.06477115,3.159500693,0.52778086,6.202080444,17.25381415,17.41636616,17.40124827,1007.800416,0.000693481,0,192.70319,2.762454924,211.5797503,0.323023578,0.023106796,0.379056865,0,0,23.16920943,55.47295423,13.71539528,23.15117892,10.1589043,1.167115534,0.022468793,225.3495146,98.72662968,646
40.8,0.466671272,1304.867223,0.41,0.813,0.685,0.63,0.631,0.506,0.717,0.732,0.85,17.70236967,17.83751367,17.56646008,67.73022238,10.85267955,1.129784907,0.189125046,4.07218374,17.70014583,17.51421801,17.51195771,1009.123843,0,0,155.5803864,2.230273423,169.7528254,0.036456435,0.002592052,0.051039008,0,0,22.97557419,48.87823551,11.60393729,22.61356179,9.060689027,1.1717716,0.019310973,227.447685,99.4713817,15.86222222,15.99331019,15.73039352,71.93819444,10.11907407,3.675,0.613865741,6.961273148,15.7962037,15.74131944,15.67509259,1009.626273,0.004032407,0.409930556,182.4303241,2.615141204,195.0060185,0.158148148,0.011284722,0.182314815,0,0,21.35208333,52.74444444,11.22569444,20.89444444,9.777634259,1.179106991,0.022712963,221.7655093,97.14708333,17.26907074,17.38973648,17.15048544,78.26213592,13.06477115,3.159500693,0.52778086,6.202080444,17.25381415,17.41636616,17.40124827,1007.800416,0.000693481,0,192.70319,2.762454924,211.5797503,0.323023578,0.023106796,0.379056865,0,0,23.16920943,55.47295423,13.71539528,23.15117892,10.1589043,1.167115534,0.022468793,225.3495146,98.72662968,694
41.5,0.466671272,1304.867223,0.319,0.804,0.733,0.674,0.686,0.48,0.721,0.732,0.852,17.70236967,17.83751367,17.56646008,67.73022238,10.85267955,1.129784907,0.189125046,4.07218374,17.70014583,17.51421801,17.51195771,1009.123843,0,0,155.5803864,2.230273423,169.7528254,0.036456435,0.002592052,0.051039008,0,0,22.97557419,48.87823551,11.60393729,22.61356179,9.060689027,1.1717716,0.019310973,227.447685,99.4713817,15.86222222,15.99331019,15.73039352,71.93819444,10.11907407,3.675,0.613865741,6.961273148,15.7962037,15.74131944,15.67509259,1009.626273,0.004032407,0.409930556,182.4303241,2.615141204,195.0060185,0.158148148,0.011284722,0.182314815,0,0,21.35208333,52.74444444,11.22569444,20.89444444,9.777634259,1.179106991,0.022712963,221.7655093,97.14708333,17.26907074,17.38973648,17.15048544,78.26213592,13.06477115,3.159500693,0.52778086,6.202080444,17.25381415,17.41636616,17.40124827,1007.800416,0.000693481,0,192.70319,2.762454924,211.5797503,0.323023578,0.023106796,0.379056865,0,0,23.16920943,55.47295423,13.71539528,23.15117892,10.1589043,1.167115534,0.022468793,225.3495146,98.72662968,799
41.8,0.466671272,1304.867223,0.447,0.776,0.695,0.621,0.681,0.613,0.709,0.732,0.862,17.70236967,17.83751367,17.56646008,67.73022238,10.85267955,1.129784907,0.189125046,4.07218374,17.70014583,17.51421801,17.51195771,1009.123843,0,0,155.5803864,2.230273423,169.7528254,0.036456435,0.002592052,0.051039008,0,0,22.97557419,48.87823551,11.60393729,22.61356179,9.060689027,1.1717716,0.019310973,227.447685,99.4713817,15.86222222,15.99331019,15.73039352,71.93819444,10.11907407,3.675,0.613865741,6.961273148,15.7962037,15.74131944,15.67509259,1009.626273,0.004032407,0.409930556,182.4303241,2.615141204,195.0060185,0.158148148,0.011284722,0.182314815,0,0,21.35208333,52.74444444,11.22569444,20.89444444,9.777634259,1.179106991,0.022712963,221.7655093,97.14708333,17.26907074,17.38973648,17.15048544,78.26213592,13.06477115,3.159500693,0.52778086,6.202080444,17.25381415,17.41636616,17.40124827,1007.800416,0.000693481,0,192.70319,2.762454924,211.5797503,0.323023578,0.023106796,0.379056865,0,0,23.16920943,55.47295423,13.71539528,23.15117892,10.1589043,1.167115534,0.022468793,225.3495146,98.72662968,672
42.6,0.466671272,1304.867223,0.311,0.783,0.721,0.674,0.727,0.575,0.719,0.735,0.862,17.70236967,17.83751367,17.56646008,67.73022238,10.85267955,1.129784907,0.189125046,4.07218374,17.70014583,17.51421801,17.51195771,1009.123843,0,0,155.5803864,2.230273423,169.7528254,0.036456435,0.002592052,0.051039008,0,0,22.97557419,48.87823551,11.60393729,22.61356179,9.060689027,1.1717716,0.019310973,227.447685,99.4713817,15.86222222,15.99331019,15.73039352,71.93819444,10.11907407,3.675,0.613865741,6.961273148,15.7962037,15.74131944,15.67509259,1009.626273,0.004032407,0.409930556,182.4303241,2.615141204,195.0060185,0.158148148,0.011284722,0.182314815,0,0,21.35208333,52.74444444,11.22569444,20.89444444,9.777634259,1.179106991,0.022712963,221.7655093,97.14708333,17.26907074,17.38973648,17.15048544,78.26213592,13.06477115,3.159500693,0.52778086,6.202080444,17.25381415,17.41636616,17.40124827,1007.800416,0.000693481,0,192.70319,2.762454924,211.5797503,0.323023578,0.023106796,0.379056865,0,0,23.16920943,55.47295423,13.71539528,23.15117892,10.1589043,1.167115534,0.022468793,225.3495146,98.72662968,763
50.9,0.466671272,1304.867223,0.452,0.811,0.691,0.618,0.674,0.542,0.724,0.74,0.863,17.70236967,17.83751367,17.56646008,67.73022238,10.85267955,1.129784907,0.189125046,4.07218374,17.70014583,17.51421801,17.51195771,1009.123843,0,0,155.5803864,2.230273423,169.7528254,0.036456435,0.002592052,0.051039008,0,0,22.97557419,48.87823551,11.60393729,22.61356179,9.060689027,1.1717716,0.019310973,227.447685,99.4713817,15.86222222,15.99331019,15.73039352,71.93819444,10.11907407,3.675,0.613865741,6.961273148,15.7962037,15.74131944,15.67509259,1009.626273,0.004032407,0.409930556,182.4303241,2.615141204,195.0060185,0.158148148,0.011284722,0.182314815,0,0,21.35208333,52.74444444,11.22569444,20.89444444,9.777634259,1.179106991,0.022712963,221.7655093,97.14708333,17.26907074,17.38973648,17.15048544,78.26213592,13.06477115,3.159500693,0.52778086,6.202080444,17.25381415,17.41636616,17.40124827,1007.800416,0.000693481,0,192.70319,2.762454924,211.5797503,0.323023578,0.023106796,0.379056865,0,0,23.16920943,55.47295423,13.71539528,23.15117892,10.1589043,1.167115534,0.022468793,225.3495146,98.72662968,699
43.8,0.466671272,1304.867223,0.358,0.778,0.728,0.541,0.651,0.53,0.707,0.722,0.853,17.70236967,17.83751367,17.56646008,67.73022238,10.85267955,1.129784907,0.189125046,4.07218374,17.70014583,17.51421801,17.51195771,1009.123843,0,0,155.5803864,2.230273423,169.7528254,0.036456435,0.002592052,0.051039008,0,0,22.97557419,48.87823551,11.60393729,22.61356179,9.060689027,1.1717716,0.019310973,227.447685,99.4713817,15.86222222,15.99331019,15.73039352,71.93819444,10.11907407,3.675,0.613865741,6.961273148,15.7962037,15.74131944,15.67509259,1009.626273,0.004032407,0.409930556,182.4303241,2.615141204,195.0060185,0.158148148,0.011284722,0.182314815,0,0,21.35208333,52.74444444,11.22569444,20.89444444,9.777634259,1.179106991,0.022712963,221.7655093,97.14708333,17.26907074,17.38973648,17.15048544,78.26213592,13.06477115,3.159500693,0.52778086,6.202080444,17.25381415,17.41636616,17.40124827,1007.800416,0.000693481,0,192.70319,2.762454924,211.5797503,0.323023578,0.023106796,0.379056865,0,0,23.16920943,55.47295423,13.71539528,23.15117892,10.1589043,1.167115534,0.022468793,225.3495146,98.72662968,660
51,0.466671272,1304.867223,0.358,0.792,0.739,0.608,0.658,0.536,0.699,0.719,0.848,17.70236967,17.83751367,17.56646008,67.73022238,10.85267955,1.129784907,0.189125046,4.07218374,17.70014583,17.51421801,17.51195771,1009.123843,0,0,155.5803864,2.230273423,169.7528254,0.036456435,0.002592052,0.051039008,0,0,22.97557419,48.87823551,11.60393729,22.61356179,9.060689027,1.1717716,0.019310973,227.447685,99.4713817,15.86222222,15.99331019,15.73039352,71.93819444,10.11907407,3.675,0.613865741,6.961273148,15.7962037,15.74131944,15.67509259,1009.626273,0.004032407,0.409930556,182.4303241,2.615141204,195.0060185,0.158148148,0.011284722,0.182314815,0,0,21.35208333,52.74444444,11.22569444,20.89444444,9.777634259,1.179106991,0.022712963,221.7655093,97.14708333,17.26907074,17.38973648,17.15048544,78.26213592,13.06477115,3.159500693,0.52778086,6.202080444,17.25381415,17.41636616,17.40124827,1007.800416,0.000693481,0,192.70319,2.762454924,211.5797503,0.323023578,0.023106796,0.379056865,0,0,23.16920943,55.47295423,13.71539528,23.15117892,10.1589043,1.167115534,0.022468793,225.3495146,98.72662968,740
39.7,0.466671272,1304.867223,0.432,0.809,0.719,0.602,0.641,0.534,0.707,0.716,0.858,17.70236967,17.83751367,17.56646008,67.73022238,10.85267955,1.129784907,0.189125046,4.07218374,17.70014583,17.51421801,17.51195771,1009.123843,0,0,155.5803864,2.230273423,169.7528254,0.036456435,0.002592052,0.051039008,0,0,22.97557419,48.87823551,11.60393729,22.61356179,9.060689027,1.1717716,0.019310973,227.447685,99.4713817,15.86222222,15.99331019,15.73039352,71.93819444,10.11907407,3.675,0.613865741,6.961273148,15.7962037,15.74131944,15.67509259,1009.626273,0.004032407,0.409930556,182.4303241,2.615141204,195.0060185,0.158148148,0.011284722,0.182314815,0,0,21.35208333,52.74444444,11.22569444,20.89444444,9.777634259,1.179106991,0.022712963,221.7655093,97.14708333,17.26907074,17.38973648,17.15048544,78.26213592,13.06477115,3.159500693,0.52778086,6.202080444,17.25381415,17.41636616,17.40124827,1007.800416,0.000693481,0,192.70319,2.762454924,211.5797503,0.323023578,0.023106796,0.379056865,0,0,23.16920943,55.47295423,13.71539528,23.15117892,10.1589043,1.167115534,0.022468793,225.3495146,98.72662968,651
44.7,0.466671272,1304.867223,0.39,0.81,0.76,0.605,0.69,0.556,0.711,0.725,0.853,17.70236967,17.83751367,17.56646008,67.73022238,10.85267955,1.129784907,0.189125046,4.07218374,17.70014583,17.51421801,17.51195771,1009.123843,0,0,155.5803864,2.230273423,169.7528254,0.036456435,0.002592052,0.051039008,0,0,22.97557419,48.87823551,11.60393729,22.61356179,9.060689027,1.1717716,0.019310973,227.447685,99.4713817,15.86222222,15.99331019,15.73039352,71.93819444,10.11907407,3.675,0.613865741,6.961273148,15.7962037,15.74131944,15.67509259,1009.626273,0.004032407,0.409930556,182.4303241,2.615141204,195.0060185,0.158148148,0.011284722,0.182314815,0,0,21.35208333,52.74444444,11.22569444,20.89444444,9.777634259,1.179106991,0.022712963,221.7655093,97.14708333,17.26907074,17.38973648,17.15048544,78.26213592,13.06477115,3.159500693,0.52778086,6.202080444,17.25381415,17.41636616,17.40124827,1007.800416,0.000693481,0,192.70319,2.762454924,211.5797503,0.323023578,0.023106796,0.379056865,0,0,23.16920943,55.47295423,13.71539528,23.15117892,10.1589043,1.167115534,0.022468793,225.3495146,98.72662968,702
44.2,0.466671272,1304.867223,0.386,0.803,0.712,0.58,0.606,0.518,0.706,0.707,0.835,17.70236967,17.83751367,17.56646008,67.73022238,10.85267955,1.129784907,0.189125046,4.07218374,17.70014583,17.51421801,17.51195771,1009.123843,0,0,155.5803864,2.230273423,169.7528254,0.036456435,0.002592052,0.051039008,0,0,22.97557419,48.87823551,11.60393729,22.61356179,9.060689027,1.1717716,0.019310973,227.447685,99.4713817,15.86222222,15.99331019,15.73039352,71.93819444,10.11907407,3.675,0.613865741,6.961273148,15.7962037,15.74131944,15.67509259,1009.626273,0.004032407,0.409930556,182.4303241,2.615141204,195.0060185,0.158148148,0.011284722,0.182314815,0,0,21.35208333,52.74444444,11.22569444,20.89444444,9.777634259,1.179106991,0.022712963,221.7655093,97.14708333,17.26907074,17.38973648,17.15048544,78.26213592,13.06477115,3.159500693,0.52778086,6.202080444,17.25381415,17.41636616,17.40124827,1007.800416,0.000693481,0,192.70319,2.762454924,211.5797503,0.323023578,0.023106796,0.379056865,0,0,23.16920943,55.47295423,13.71539528,23.15117892,10.1589043,1.167115534,0.022468793,225.3495146,98.72662968,718
40.6,0.466671272,1304.867223,0.377,0.774,0.689,0.633,0.64,0.472,0.696,0.723,0.852,17.70236967,17.83751367,17.56646008,67.73022238,10.85267955,1.129784907,0.189125046,4.07218374,17.70014583,17.51421801,17.51195771,1009.123843,0,0,155.5803864,2.230273423,169.7528254,0.036456435,0.002592052,0.051039008,0,0,22.97557419,48.87823551,11.60393729,22.61356179,9.060689027,1.1717716,0.019310973,227.447685,99.4713817,15.86222222,15.99331019,15.73039352,71.93819444,10.11907407,3.675,0.613865741,6.961273148,15.7962037,15.74131944,15.67509259,1009.626273,0.004032407,0.409930556,182.4303241,2.615141204,195.0060185,0.158148148,0.011284722,0.182314815,0,0,21.35208333,52.74444444,11.22569444,20.89444444,9.777634259,1.179106991,0.022712963,221.7655093,97.14708333,17.26907074,17.38973648,17.15048544,78.26213592,13.06477115,3.159500693,0.52778086,6.202080444,17.25381415,17.41636616,17.40124827,1007.800416,0.000693481,0,192.70319,2.762454924,211.5797503,0.323023578,0.023106796,0.379056865,0,0,23.16920943,55.47295423,13.71539528,23.15117892,10.1589043,1.167115534,0.022468793,225.3495146,98.72662968,686
43.2,0.466671272,1304.867223,0.334,0.795,0.752,0.609,0.641,0.546,0.702,0.725,0.854,17.70236967,17.83751367,17.56646008,67.73022238,10.85267955,1.129784907,0.189125046,4.07218374,17.70014583,17.51421801,17.51195771,1009.123843,0,0,155.5803864,2.230273423,169.7528254,0.036456435,0.002592052,0.051039008,0,0,22.97557419,48.87823551,11.60393729,22.61356179,9.060689027,1.1717716,0.019310973,227.447685,99.4713817,15.86222222,15.99331019,15.73039352,71.93819444,10.11907407,3.675,0.613865741,6.961273148,15.7962037,15.74131944,15.67509259,1009.626273,0.004032407,0.409930556,182.4303241,2.615141204,195.0060185,0.158148148,0.011284722,0.182314815,0,0,21.35208333,52.74444444,11.22569444,20.89444444,9.777634259,1.179106991,0.022712963,221.7655093,97.14708333,17.26907074,17.38973648,17.15048544,78.26213592,13.06477115,3.159500693,0.52778086,6.202080444,17.25381415,17.41636616,17.40124827,1007.800416,0.000693481,0,192.70319,2.762454924,211.5797503,0.323023578,0.023106796,0.379056865,0,0,23.16920943,55.47295423,13.71539528,23.15117892,10.1589043,1.167115534,0.022468793,225.3495146,98.72662968,806
43.6,0.466671272,1304.867223,0.353,0.78,0.706,0.559,0.579,0.478,0.712,0.737,0.851,17.70236967,17.83751367,17.56646008,67.73022238,10.85267955,1.129784907,0.189125046,4.07218374,17.70014583,17.51421801,17.51195771,1009.123843,0,0,155.5803864,2.230273423,169.7528254,0.036456435,0.002592052,0.051039008,0,0,22.97557419,48.87823551,11.60393729,22.61356179,9.060689027,1.1717716,0.019310973,227.447685,99.4713817,15.86222222,15.99331019,15.73039352,71.93819444,10.11907407,3.675,0.613865741,6.961273148,15.7962037,15.74131944,15.67509259,1009.626273,0.004032407,0.409930556,182.4303241,2.615141204,195.0060185,0.158148148,0.011284722,0.182314815,0,0,21.35208333,52.74444444,11.22569444,20.89444444,9.777634259,1.179106991,0.022712963,221.7655093,97.14708333,17.26907074,17.38973648,17.15048544,78.26213592,13.06477115,3.159500693,0.52778086,6.202080444,17.25381415,17.41636616,17.40124827,1007.800416,0.000693481,0,192.70319,2.762454924,211.5797503,0.323023578,0.023106796,0.379056865,0,0,23.16920943,55.47295423,13.71539528,23.15117892,10.1589043,1.167115534,0.022468793,225.3495146,98.72662968,634
42,0.466671272,1304.867223,0.439,0.807,0.702,0.704,0.71,0.572,0.702,0.717,0.842,17.70236967,17.83751367,17.56646008,67.73022238,10.85267955,1.129784907,0.189125046,4.07218374,17.70014583,17.51421801,17.51195771,1009.123843,0,0,155.5803864,2.230273423,169.7528254,0.036456435,0.002592052,0.051039008,0,0,22.97557419,48.87823551,11.60393729,22.61356179,9.060689027,1.1717716,0.019310973,227.447685,99.4713817,15.86222222,15.99331019,15.73039352,71.93819444,10.11907407,3.675,0.613865741,6.961273148,15.7962037,15.74131944,15.67509259,1009.626273,0.004032407,0.409930556,182.4303241,2.615141204,195.0060185,0.158148148,0.011284722,0.182314815,0,0,21.35208333,52.74444444,11.22569444,20.89444444,9.777634259,1.179106991,0.022712963,221.7655093,97.14708333,17.26907074,17.38973648,17.15048544,78.26213592,13.06477115,3.159500693,0.52778086,6.202080444,17.25381415,17.41636616,17.40124827,1007.800416,0.000693481,0,192.70319,2.762454924,211.5797503,0.323023578,0.023106796,0.379056865,0,0,23.16920943,55.47295423,13.71539528,23.15117892,10.1589043,1.167115534,0.022468793,225.3495146,98.72662968,770
41.1,0.5,1382,0.245,0.739,0.678,0.636,0.628,0.491,0.713,0.727,0.856,17.70236967,17.83751367,17.56646008,67.73022238,10.85267955,1.129784907,0.189125046,4.07218374,17.70014583,17.51421801,17.51195771,1009.123843,0,0,155.5803864,2.230273423,169.7528254,0.036456435,0.002592052,0.051039008,0,0,22.97557419,48.87823551,11.60393729,22.61356179,9.060689027,1.1717716,0.019310973,227.447685,99.4713817,15.86222222,15.99331019,15.73039352,71.93819444,10.11907407,3.675,0.613865741,6.961273148,15.7962037,15.74131944,15.67509259,1009.626273,0.004032407,0.409930556,182.4303241,2.615141204,195.0060185,0.158148148,0.011284722,0.182314815,0,0,21.35208333,52.74444444,11.22569444,20.89444444,9.777634259,1.179106991,0.022712963,221.7655093,97.14708333,17.26907074,17.38973648,17.15048544,78.26213592,13.06477115,3.159500693,0.52778086,6.202080444,17.25381415,17.41636616,17.40124827,1007.800416,0.000693481,0,192.70319,2.762454924,211.5797503,0.323023578,0.023106796,0.379056865,0,0,23.16920943,55.47295423,13.71539528,23.15117892,10.1589043,1.167115534,0.022468793,225.3495146,98.72662968,699
38.8,0.466671272,1304.867223,0.695,0.786,0.689,0.631,0.628,0.505,0.712,0.715,0.844,17.70236967,17.83751367,17.56646008,67.73022238,10.85267955,1.129784907,0.189125046,4.07218374,17.70014583,17.51421801,17.51195771,1009.123843,0,0,155.5803864,2.230273423,169.7528254,0.036456435,0.002592052,0.051039008,0,0,22.97557419,48.87823551,11.60393729,22.61356179,9.060689027,1.1717716,0.019310973,227.447685,99.4713817,15.86222222,15.99331019,15.73039352,71.93819444,10.11907407,3.675,0.613865741,6.961273148,15.7962037,15.74131944,15.67509259,1009.626273,0.004032407,0.409930556,182.4303241,2.615141204,195.0060185,0.158148148,0.011284722,0.182314815,0,0,21.35208333,52.74444444,11.22569444,20.89444444,9.777634259,1.179106991,0.022712963,221.7655093,97.14708333,17.26907074,17.38973648,17.15048544,78.26213592,13.06477115,3.159500693,0.52778086,6.202080444,17.25381415,17.41636616,17.40124827,1007.800416,0.000693481,0,192.70319,2.762454924,211.5797503,0.323023578,0.023106796,0.379056865,0,0,23.16920943,55.47295423,13.71539528,23.15117892,10.1589043,1.167115534,0.022468793,225.3495146,98.72662968,687
42.8,0.466671272,1304.867223,0.327,0.764,0.671,0.638,0.677,0.506,0.707,0.726,0.848,17.70236967,17.83751367,17.56646008,67.73022238,10.85267955,1.129784907,0.189125046,4.07218374,17.70014583,17.51421801,17.51195771,1009.123843,0,0,155.5803864,2.230273423,169.7528254,0.036456435,0.002592052,0.051039008,0,0,22.97557419,48.87823551,11.60393729,22.61356179,9.060689027,1.1717716,0.019310973,227.447685,99.4713817,15.86222222,15.99331019,15.73039352,71.93819444,10.11907407,3.675,0.613865741,6.961273148,15.7962037,15.74131944,15.67509259,1009.626273,0.004032407,0.409930556,182.4303241,2.615141204,195.0060185,0.158148148,0.011284722,0.182314815,0,0,21.35208333,52.74444444,11.22569444,20.89444444,9.777634259,1.179106991,0.022712963,221.7655093,97.14708333,17.26907074,17.38973648,17.15048544,78.26213592,13.06477115,3.159500693,0.52778086,6.202080444,17.25381415,17.41636616,17.40124827,1007.800416,0.000693481,0,192.70319,2.762454924,211.5797503,0.323023578,0.023106796,0.379056865,0,0,23.16920943,55.47295423,13.71539528,23.15117892,10.1589043,1.167115534,0.022468793,225.3495146,98.72662968,718
41.8,0.466671272,1304.867223,0.262,0.745,0.653,0.578,0.703,0.556,0.704,0.723,0.856,17.70236967,17.83751367,17.56646008,67.73022238,10.85267955,1.129784907,0.189125046,4.07218374,17.70014583,17.51421801,17.51195771,1009.123843,0,0,155.5803864,2.230273423,169.7528254,0.036456435,0.002592052,0.051039008,0,0,22.97557419,48.87823551,11.60393729,22.61356179,9.060689027,1.1717716,0.019310973,227.447685,99.4713817,15.86222222,15.99331019,15.73039352,71.93819444,10.11907407,3.675,0.613865741,6.961273148,15.7962037,15.74131944,15.67509259,1009.626273,0.004032407,0.409930556,182.4303241,2.615141204,195.0060185,0.158148148,0.011284722,0.182314815,0,0,21.35208333,52.74444444,11.22569444,20.89444444,9.777634259,1.179106991,0.022712963,221.7655093,97.14708333,17.26907074,17.38973648,17.15048544,78.26213592,13.06477115,3.159500693,0.52778086,6.202080444,17.25381415,17.41636616,17.40124827,1007.800416,0.000693481,0,192.70319,2.762454924,211.5797503,0.323023578,0.023106796,0.379056865,0,0,23.16920943,55.47295423,13.71539528,23.15117892,10.1589043,1.167115534,0.022468793,225.3495146,98.72662968,619
46.1,0.466671272,1304.867223,0.296,0.756,0.629,0.639,0.641,0.463,0.703,0.715,0.851,17.70236967,17.83751367,17.56646008,67.73022238,10.85267955,1.129784907,0.189125046,4.07218374,17.70014583,17.51421801,17.51195771,1009.123843,0,0,155.5803864,2.230273423,169.7528254,0.036456435,0.002592052,0.051039008,0,0,22.97557419,48.87823551,11.60393729,22.61356179,9.060689027,1.1717716,0.019310973,227.447685,99.4713817,15.86222222,15.99331019,15.73039352,71.93819444,10.11907407,3.675,0.613865741,6.961273148,15.7962037,15.74131944,15.67509259,1009.626273,0.004032407,0.409930556,182.4303241,2.615141204,195.0060185,0.158148148,0.011284722,0.182314815,0,0,21.35208333,52.74444444,11.22569444,20.89444444,9.777634259,1.179106991,0.022712963,221.7655093,97.14708333,17.26907074,17.38973648,17.15048544,78.26213592,13.06477115,3.159500693,0.52778086,6.202080444,17.25381415,17.41636616,17.40124827,1007.800416,0.000693481,0,192.70319,2.762454924,211.5797503,0.323023578,0.023106796,0.379056865,0,0,23.16920943,55.47295423,13.71539528,23.15117892,10.1589043,1.167115534,0.022468793,225.3495146,98.72662968,700
42.8,0.466671272,1304.867223,0.385,0.737,0.674,0.613,0.626,0.467,0.714,0.736,0.853,17.70236967,17.83751367,17.56646008,67.73022238,10.85267955,1.129784907,0.189125046,4.07218374,17.70014583,17.51421801,17.51195771,1009.123843,0,0,155.5803864,2.230273423,169.7528254,0.036456435,0.002592052,0.051039008,0,0,22.97557419,48.87823551,11.60393729,22.61356179,9.060689027,1.1717716,0.019310973,227.447685,99.4713817,15.86222222,15.99331019,15.73039352,71.93819444,10.11907407,3.675,0.613865741,6.961273148,15.7962037,15.74131944,15.67509259,1009.626273,0.004032407,0.409930556,182.4303241,2.615141204,195.0060185,0.158148148,0.011284722,0.182314815,0,0,21.35208333,52.74444444,11.22569444,20.89444444,9.777634259,1.179106991,0.022712963,221.7655093,97.14708333,17.26907074,17.38973648,17.15048544,78.26213592,13.06477115,3.159500693,0.52778086,6.202080444,17.25381415,17.41636616,17.40124827,1007.800416,0.000693481,0,192.70319,2.762454924,211.5797503,0.323023578,0.023106796,0.379056865,0,0,23.16920943,55.47295423,13.71539528,23.15117892,10.1589043,1.167115534,0.022468793,225.3495146,98.72662968,673
42,0.466671272,1304.867223,0.416,0.792,0.685,0.662,0.672,0.528,0.724,0.729,0.848,17.70236967,17.83751367,17.56646008,67.73022238,10.85267955,1.129784907,0.189125046,4.07218374,17.70014583,17.51421801,17.51195771,1009.123843,0,0,155.5803864,2.230273423,169.7528254,0.036456435,0.002592052,0.051039008,0,0,22.97557419,48.87823551,11.60393729,22.61356179,9.060689027,1.1717716,0.019310973,227.447685,99.4713817,15.86222222,15.99331019,15.73039352,71.93819444,10.11907407,3.675,0.613865741,6.961273148,15.7962037,15.74131944,15.67509259,1009.626273,0.004032407,0.409930556,182.4303241,2.615141204,195.0060185,0.158148148,0.011284722,0.182314815,0,0,21.35208333,52.74444444,11.22569444,20.89444444,9.777634259,1.179106991,0.022712963,221.7655093,97.14708333,17.26907074,17.38973648,17.15048544,78.26213592,13.06477115,3.159500693,0.52778086,6.202080444,17.25381415,17.41636616,17.40124827,1007.800416,0.000693481,0,192.70319,2.762454924,211.5797503,0.323023578,0.023106796,0.379056865,0,0,23.16920943,55.47295423,13.71539528,23.15117892,10.1589043,1.167115534,0.022468793,225.3495146,98.72662968,683
42.8,0.466671272,1304.867223,0.355,0.761,0.659,0.592,0.633,0.484,0.714,0.738,0.863,17.70236967,17.83751367,17.56646008,67.73022238,10.85267955,1.129784907,0.189125046,4.07218374,17.70014583,17.51421801,17.51195771,1009.123843,0,0,155.5803864,2.230273423,169.7528254,0.036456435,0.002592052,0.051039008,0,0,22.97557419,48.87823551,11.60393729,22.61356179,9.060689027,1.1717716,0.019310973,227.447685,99.4713817,15.86222222,15.99331019,15.73039352,71.93819444,10.11907407,3.675,0.613865741,6.961273148,15.7962037,15.74131944,15.67509259,1009.626273,0.004032407,0.409930556,182.4303241,2.615141204,195.0060185,0.158148148,0.011284722,0.182314815,0,0,21.35208333,52.74444444,11.22569444,20.89444444,9.777634259,1.179106991,0.022712963,221.7655093,97.14708333,17.26907074,17.38973648,17.15048544,78.26213592,13.06477115,3.159500693,0.52778086,6.202080444,17.25381415,17.41636616,17.40124827,1007.800416,0.000693481,0,192.70319,2.762454924,211.5797503,0.323023578,0.023106796,0.379056865,0,0,23.16920943,55.47295423,13.71539528,23.15117892,10.1589043,1.167115534,0.022468793,225.3495146,98.72662968,578
40.8,0.49,1438,0.652,0.788,0.707,0.644,0.675,0.562,0.734,0.748,0.878,17.70236967,17.83751367,17.56646008,67.73022238,10.85267955,1.129784907,0.189125046,4.07218374,17.70014583,17.51421801,17.51195771,1009.123843,0,0,155.5803864,2.230273423,169.7528254,0.036456435,0.002592052,0.051039008,0,0,22.97557419,48.87823551,11.60393729,22.61356179,9.060689027,1.1717716,0.019310973,227.447685,99.4713817,15.86222222,15.99331019,15.73039352,71.93819444,10.11907407,3.675,0.613865741,6.961273148,15.7962037,15.74131944,15.67509259,1009.626273,0.004032407,0.409930556,182.4303241,2.615141204,195.0060185,0.158148148,0.011284722,0.182314815,0,0,21.35208333,52.74444444,11.22569444,20.89444444,9.777634259,1.179106991,0.022712963,221.7655093,97.14708333,17.26907074,17.38973648,17.15048544,78.26213592,13.06477115,3.159500693,0.52778086,6.202080444,17.25381415,17.41636616,17.40124827,1007.800416,0.000693481,0,192.70319,2.762454924,211.5797503,0.323023578,0.023106796,0.379056865,0,0,23.16920943,55.47295423,13.71539528,23.15117892,10.1589043,1.167115534,0.022468793,225.3495146,98.72662968,712
37,0.466671272,1304.867223,0.404,0.787,0.642,0.597,0.683,0.507,0.734,0.753,0.873,17.70236967,17.83751367,17.56646008,67.73022238,10.85267955,1.129784907,0.189125046,4.07218374,17.70014583,17.51421801,17.51195771,1009.123843,0,0,155.5803864,2.230273423,169.7528254,0.036456435,0.002592052,0.051039008,0,0,22.97557419,48.87823551,11.60393729,22.61356179,9.060689027,1.1717716,0.019310973,227.447685,99.4713817,15.86222222,15.99331019,15.73039352,71.93819444,10.11907407,3.675,0.613865741,6.961273148,15.7962037,15.74131944,15.67509259,1009.626273,0.004032407,0.409930556,182.4303241,2.615141204,195.0060185,0.158148148,0.011284722,0.182314815,0,0,21.35208333,52.74444444,11.22569444,20.89444444,9.777634259,1.179106991,0.022712963,221.7655093,97.14708333,17.26907074,17.38973648,17.15048544,78.26213592,13.06477115,3.159500693,0.52778086,6.202080444,17.25381415,17.41636616,17.40124827,1007.800416,0.000693481,0,192.70319,2.762454924,211.5797503,0.323023578,0.023106796,0.379056865,0,0,23.16920943,55.47295423,13.71539528,23.15117892,10.1589043,1.167115534,0.022468793,225.3495146,98.72662968,651
44.4,0.466671272,1304.867223,0.437,0.766,0.653,0.615,0.7,0.494,0.713,0.723,0.855,17.70236967,17.83751367,17.56646008,67.73022238,10.85267955,1.129784907,0.189125046,4.07218374,17.70014583,17.51421801,17.51195771,1009.123843,0,0,155.5803864,2.230273423,169.7528254,0.036456435,0.002592052,0.051039008,0,0,22.97557419,48.87823551,11.60393729,22.61356179,9.060689027,1.1717716,0.019310973,227.447685,99.4713817,15.86222222,15.99331019,15.73039352,71.93819444,10.11907407,3.675,0.613865741,6.961273148,15.7962037,15.74131944,15.67509259,1009.626273,0.004032407,0.409930556,182.4303241,2.615141204,195.0060185,0.158148148,0.011284722,0.182314815,0,0,21.35208333,52.74444444,11.22569444,20.89444444,9.777634259,1.179106991,0.022712963,221.7655093,97.14708333,17.26907074,17.38973648,17.15048544,78.26213592,13.06477115,3.159500693,0.52778086,6.202080444,17.25381415,17.41636616,17.40124827,1007.800416,0.000693481,0,192.70319,2.762454924,211.5797503,0.323023578,0.023106796,0.379056865,0,0,23.16920943,55.47295423,13.71539528,23.15117892,10.1589043,1.167115534,0.022468793,225.3495146,98.72662968,683
46,0.466671272,1304.867223,0.288058647,0.82,0.685,0.628,0.65,0.543,0.722,0.739,0.866,17.70236967,17.83751367,17.56646008,67.73022238,10.85267955,1.129784907,0.189125046,4.07218374,17.70014583,17.51421801,17.51195771,1009.123843,0,0,155.5803864,2.230273423,169.7528254,0.036456435,0.002592052,0.051039008,0,0,22.97557419,48.87823551,11.60393729,22.61356179,9.060689027,1.1717716,0.019310973,227.447685,99.4713817,15.86222222,15.99331019,15.73039352,71.93819444,10.11907407,3.675,0.613865741,6.961273148,15.7962037,15.74131944,15.67509259,1009.626273,0.004032407,0.409930556,182.4303241,2.615141204,195.0060185,0.158148148,0.011284722,0.182314815,0,0,21.35208333,52.74444444,11.22569444,20.89444444,9.777634259,1.179106991,0.022712963,221.7655093,97.14708333,17.26907074,17.38973648,17.15048544,78.26213592,13.06477115,3.159500693,0.52778086,6.202080444,17.25381415,17.41636616,17.40124827,1007.800416,0.000693481,0,192.70319,2.762454924,211.5797503,0.323023578,0.023106796,0.379056865,0,0,23.16920943,55.47295423,13.71539528,23.15117892,10.1589043,1.167115534,0.022468793,225.3495146,98.72662968,706
41.8,0.466671272,1304.867223,0.275,0.698,0.671,0.652,0.692,0.587,0.719,0.741,0.864,17.70236967,17.83751367,17.56646008,67.73022238,10.85267955,1.129784907,0.189125046,4.07218374,17.70014583,17.51421801,17.51195771,1009.123843,0,0,155.5803864,2.230273423,169.7528254,0.036456435,0.002592052,0.051039008,0,0,22.97557419,48.87823551,11.60393729,22.61356179,9.060689027,1.1717716,0.019310973,227.447685,99.4713817,15.86222222,15.99331019,15.73039352,71.93819444,10.11907407,3.675,0.613865741,6.961273148,15.7962037,15.74131944,15.67509259,1009.626273,0.004032407,0.409930556,182.4303241,2.615141204,195.0060185,0.158148148,0.011284722,0.182314815,0,0,21.35208333,52.74444444,11.22569444,20.89444444,9.777634259,1.179106991,0.022712963,221.7655093,97.14708333,17.26907074,17.38973648,17.15048544,78.26213592,13.06477115,3.159500693,0.52778086,6.202080444,17.25381415,17.41636616,17.40124827,1007.800416,0.000693481,0,192.70319,2.762454924,211.5797503,0.323023578,0.023106796,0.379056865,0,0,23.16920943,55.47295423,13.71539528,23.15117892,10.1589043,1.167115534,0.022468793,225.3495146,98.72662968,747
38.8,0.466671272,1304.867223,0.983,0.761,0.66,0.669,0.672,0.606,0.721,0.744,0.865,17.70236967,17.83751367,17.56646008,67.73022238,10.85267955,1.129784907,0.189125046,4.07218374,17.70014583,17.51421801,17.51195771,1009.123843,0,0,155.5803864,2.230273423,169.7528254,0.036456435,0.002592052,0.051039008,0,0,22.97557419,48.87823551,11.60393729,22.61356179,9.060689027,1.1717716,0.019310973,227.447685,99.4713817,15.86222222,15.99331019,15.73039352,71.93819444,10.11907407,3.675,0.613865741,6.961273148,15.7962037,15.74131944,15.67509259,1009.626273,0.004032407,0.409930556,182.4303241,2.615141204,195.0060185,0.158148148,0.011284722,0.182314815,0,0,21.35208333,52.74444444,11.22569444,20.89444444,9.777634259,1.179106991,0.022712963,221.7655093,97.14708333,17.26907074,17.38973648,17.15048544,78.26213592,13.06477115,3.159500693,0.52778086,6.202080444,17.25381415,17.41636616,17.40124827,1007.800416,0.000693481,0,192.70319,2.762454924,211.5797503,0.323023578,0.023106796,0.379056865,0,0,23.16920943,55.47295423,13.71539528,23.15117892,10.1589043,1.167115534,0.022468793,225.3495146,98.72662968,599
44.1,0.45,1776,0.422,0.785,0.751,0.655,0.682,0.524,0.723,0.731,0.844,17.70236967,17.83751367,17.56646008,67.73022238,10.85267955,1.129784907,0.189125046,4.07218374,17.70014583,17.51421801,17.51195771,1009.123843,0,0,155.5803864,2.230273423,169.7528254,0.036456435,0.002592052,0.051039008,0,0,22.97557419,48.87823551,11.60393729,22.61356179,9.060689027,1.1717716,0.019310973,227.447685,99.4713817,15.86222222,15.99331019,15.73039352,71.93819444,10.11907407,3.675,0.613865741,6.961273148,15.7962037,15.74131944,15.67509259,1009.626273,0.004032407,0.409930556,182.4303241,2.615141204,195.0060185,0.158148148,0.011284722,0.182314815,0,0,21.35208333,52.74444444,11.22569444,20.89444444,9.777634259,1.179106991,0.022712963,221.7655093,97.14708333,17.26907074,17.38973648,17.15048544,78.26213592,13.06477115,3.159500693,0.52778086,6.202080444,17.25381415,17.41636616,17.40124827,1007.800416,0.000693481,0,192.70319,2.762454924,211.5797503,0.323023578,0.023106796,0.379056865,0,0,23.16920943,55.47295423,13.71539528,23.15117892,10.1589043,1.167115534,0.022468793,225.3495146,98.72662968,774
34.4,0.466671272,1304.867223,0.458,0.757,0.685,0.6,0.687,0.549,0.724,0.736,0.866,17.70236967,17.83751367,17.56646008,67.73022238,10.85267955,1.129784907,0.189125046,4.07218374,17.70014583,17.51421801,17.51195771,1009.123843,0,0,155.5803864,2.230273423,169.7528254,0.036456435,0.002592052,0.051039008,0,0,22.97557419,48.87823551,11.60393729,22.61356179,9.060689027,1.1717716,0.019310973,227.447685,99.4713817,15.86222222,15.99331019,15.73039352,71.93819444,10.11907407,3.675,0.613865741,6.961273148,15.7962037,15.74131944,15.67509259,1009.626273,0.004032407,0.409930556,182.4303241,2.615141204,195.0060185,0.158148148,0.011284722,0.182314815,0,0,21.35208333,52.74444444,11.22569444,20.89444444,9.777634259,1.179106991,0.022712963,221.7655093,97.14708333,17.26907074,17.38973648,17.15048544,78.26213592,13.06477115,3.159500693,0.52778086,6.202080444,17.25381415,17.41636616,17.40124827,1007.800416,0.000693481,0,192.70319,2.762454924,211.5797503,0.323023578,0.023106796,0.379056865,0,0,23.16920943,55.47295423,13.71539528,23.15117892,10.1589043,1.167115534,0.022468793,225.3495146,98.72662968,555
52.3,0.45,1424,0.288058647,0.719,0.653,0.695,0.667,0.493,0.715,0.735,0.853,17.70236967,17.83751367,17.56646008,67.73022238,10.85267955,1.129784907,0.189125046,4.07218374,17.70014583,17.51421801,17.51195771,1009.123843,0,0,155.5803864,2.230273423,169.7528254,0.036456435,0.002592052,0.051039008,0,0,22.97557419,48.87823551,11.60393729,22.61356179,9.060689027,1.1717716,0.019310973,227.447685,99.4713817,15.86222222,15.99331019,15.73039352,71.93819444,10.11907407,3.675,0.613865741,6.961273148,15.7962037,15.74131944,15.67509259,1009.626273,0.004032407,0.409930556,182.4303241,2.615141204,195.0060185,0.158148148,0.011284722,0.182314815,0,0,21.35208333,52.74444444,11.22569444,20.89444444,9.777634259,1.179106991,0.022712963,221.7655093,97.14708333,17.26907074,17.38973648,17.15048544,78.26213592,13.06477115,3.159500693,0.52778086,6.202080444,17.25381415,17.41636616,17.40124827,1007.800416,0.000693481,0,192.70319,2.762454924,211.5797503,0.323023578,0.023106796,0.379056865,0,0,23.16920943,55.47295423,13.71539528,23.15117892,10.1589043,1.167115534,0.022468793,225.3495146,98.72662968,645
45,0.47,1314,0.373,0.81,0.67,0.583,0.668,0.5,0.719,0.742,0.864,17.70236967,17.83751367,17.56646008,67.73022238,10.85267955,1.129784907,0.189125046,4.07218374,17.70014583,17.51421801,17.51195771,1009.123843,0,0,155.5803864,2.230273423,169.7528254,0.036456435,0.002592052,0.051039008,0,0,22.97557419,48.87823551,11.60393729,22.61356179,9.060689027,1.1717716,0.019310973,227.447685,99.4713817,15.86222222,15.99331019,15.73039352,71.93819444,10.11907407,3.675,0.613865741,6.961273148,15.7962037,15.74131944,15.67509259,1009.626273,0.004032407,0.409930556,182.4303241,2.615141204,195.0060185,0.158148148,0.011284722,0.182314815,0,0,21.35208333,52.74444444,11.22569444,20.89444444,9.777634259,1.179106991,0.022712963,221.7655093,97.14708333,17.26907074,17.38973648,17.15048544,78.26213592,13.06477115,3.159500693,0.52778086,6.202080444,17.25381415,17.41636616,17.40124827,1007.800416,0.000693481,0,192.70319,2.762454924,211.5797503,0.323023578,0.023106796,0.379056865,0,0,23.16920943,55.47295423,13.71539528,23.15117892,10.1589043,1.167115534,0.022468793,225.3495146,98.72662968,610
37.2,0.49,1304,0.391,0.655,0.706,0.59,0.627,0.491,0.718,0.724,0.854,17.70236967,17.83751367,17.56646008,67.73022238,10.85267955,1.129784907,0.189125046,4.07218374,17.70014583,17.51421801,17.51195771,1009.123843,0,0,155.5803864,2.230273423,169.7528254,0.036456435,0.002592052,0.051039008,0,0,22.97557419,48.87823551,11.60393729,22.61356179,9.060689027,1.1717716,0.019310973,227.447685,99.4713817,15.86222222,15.99331019,15.73039352,71.93819444,10.11907407,3.675,0.613865741,6.961273148,15.7962037,15.74131944,15.67509259,1009.626273,0.004032407,0.409930556,182.4303241,2.615141204,195.0060185,0.158148148,0.011284722,0.182314815,0,0,21.35208333,52.74444444,11.22569444,20.89444444,9.777634259,1.179106991,0.022712963,221.7655093,97.14708333,17.26907074,17.38973648,17.15048544,78.26213592,13.06477115,3.159500693,0.52778086,6.202080444,17.25381415,17.41636616,17.40124827,1007.800416,0.000693481,0,192.70319,2.762454924,211.5797503,0.323023578,0.023106796,0.379056865,0,0,23.16920943,55.47295423,13.71539528,23.15117892,10.1589043,1.167115534,0.022468793,225.3495146,98.72662968,636
39.9,0.466671272,1304.867223,0.522,0.768,0.619,0.599,0.636,0.395,0.694,0.706,0.808,17.70236967,17.83751367,17.56646008,67.73022238,10.85267955,1.129784907,0.189125046,4.07218374,17.70014583,17.51421801,17.51195771,1009.123843,0,0,155.5803864,2.230273423,169.7528254,0.036456435,0.002592052,0.051039008,0,0,22.97557419,48.87823551,11.60393729,22.61356179,9.060689027,1.1717716,0.019310973,227.447685,99.4713817,15.86222222,15.99331019,15.73039352,71.93819444,10.11907407,3.675,0.613865741,6.961273148,15.7962037,15.74131944,15.67509259,1009.626273,0.004032407,0.409930556,182.4303241,2.615141204,195.0060185,0.158148148,0.011284722,0.182314815,0,0,21.35208333,52.74444444,11.22569444,20.89444444,9.777634259,1.179106991,0.022712963,221.7655093,97.14708333,17.26907074,17.38973648,17.15048544,78.26213592,13.06477115,3.159500693,0.52778086,6.202080444,17.25381415,17.41636616,17.40124827,1007.800416,0.000693481,0,192.70319,2.762454924,211.5797503,0.323023578,0.023106796,0.379056865,0,0,23.16920943,55.47295423,13.71539528,23.15117892,10.1589043,1.167115534,0.022468793,225.3495146,98.72662968,728
38.9,0.466671272,1304.867223,0.42,0.796,0.65,0.671,0.641,0.554,0.712,0.722,0.859,17.70236967,17.83751367,17.56646008,67.73022238,10.85267955,1.129784907,0.189125046,4.07218374,17.70014583,17.51421801,17.51195771,1009.123843,0,0,155.5803864,2.230273423,169.7528254,0.036456435,0.002592052,0.051039008,0,0,22.97557419,48.87823551,11.60393729,22.61356179,9.060689027,1.1717716,0.019310973,227.447685,99.4713817,15.86222222,15.99331019,15.73039352,71.93819444,10.11907407,3.675,0.613865741,6.961273148,15.7962037,15.74131944,15.67509259,1009.626273,0.004032407,0.409930556,182.4303241,2.615141204,195.0060185,0.158148148,0.011284722,0.182314815,0,0,21.35208333,52.74444444,11.22569444,20.89444444,9.777634259,1.179106991,0.022712963,221.7655093,97.14708333,17.26907074,17.38973648,17.15048544,78.26213592,13.06477115,3.159500693,0.52778086,6.202080444,17.25381415,17.41636616,17.40124827,1007.800416,0.000693481,0,192.70319,2.762454924,211.5797503,0.323023578,0.023106796,0.379056865,0,0,23.16920943,55.47295423,13.71539528,23.15117892,10.1589043,1.167115534,0.022468793,225.3495146,98.72662968,544
49.2,0.47,1521,0.107,0.773,0.573,0.602,0.635,0.571,0.703,0.723,0.859,17.70236967,17.83751367,17.56646008,67.73022238,10.85267955,1.129784907,0.189125046,4.07218374,17.70014583,17.51421801,17.51195771,1009.123843,0,0,155.5803864,2.230273423,169.7528254,0.036456435,0.002592052,0.051039008,0,0,22.97557419,48.87823551,11.60393729,22.61356179,9.060689027,1.1717716,0.019310973,227.447685,99.4713817,15.86222222,15.99331019,15.73039352,71.93819444,10.11907407,3.675,0.613865741,6.961273148,15.7962037,15.74131944,15.67509259,1009.626273,0.004032407,0.409930556,182.4303241,2.615141204,195.0060185,0.158148148,0.011284722,0.182314815,0,0,21.35208333,52.74444444,11.22569444,20.89444444,9.777634259,1.179106991,0.022712963,221.7655093,97.14708333,17.26907074,17.38973648,17.15048544,78.26213592,13.06477115,3.159500693,0.52778086,6.202080444,17.25381415,17.41636616,17.40124827,1007.800416,0.000693481,0,192.70319,2.762454924,211.5797503,0.323023578,0.023106796,0.379056865,0,0,23.16920943,55.47295423,13.71539528,23.15117892,10.1589043,1.167115534,0.022468793,225.3495146,98.72662968,742
47.7,0.466671272,1304.867223,0.582,0.805,0.701,0.633,0.676,0.565,0.716,0.735,0.854,17.70236967,17.83751367,17.56646008,67.73022238,10.85267955,1.129784907,0.189125046,4.07218374,17.70014583,17.51421801,17.51195771,1009.123843,0,0,155.5803864,2.230273423,169.7528254,0.036456435,0.002592052,0.051039008,0,0,22.97557419,48.87823551,11.60393729,22.61356179,9.060689027,1.1717716,0.019310973,227.447685,99.4713817,15.86222222,15.99331019,15.73039352,71.93819444,10.11907407,3.675,0.613865741,6.961273148,15.7962037,15.74131944,15.67509259,1009.626273,0.004032407,0.409930556,182.4303241,2.615141204,195.0060185,0.158148148,0.011284722,0.182314815,0,0,21.35208333,52.74444444,11.22569444,20.89444444,9.777634259,1.179106991,0.022712963,221.7655093,97.14708333,17.26907074,17.38973648,17.15048544,78.26213592,13.06477115,3.159500693,0.52778086,6.202080444,17.25381415,17.41636616,17.40124827,1007.800416,0.000693481,0,192.70319,2.762454924,211.5797503,0.323023578,0.023106796,0.379056865,0,0,23.16920943,55.47295423,13.71539528,23.15117892,10.1589043,1.167115534,0.022468793,225.3495146,98.72662968,735
42.1,0.466671272,1304.867223,0.39,0.759,0.62,0.631,0.668,0.555,0.716,0.719,0.847,17.70236967,17.83751367,17.56646008,67.73022238,10.85267955,1.129784907,0.189125046,4.07218374,17.70014583,17.51421801,17.51195771,1009.123843,0,0,155.5803864,2.230273423,169.7528254,0.036456435,0.002592052,0.051039008,0,0,22.97557419,48.87823551,11.60393729,22.61356179,9.060689027,1.1717716,0.019310973,227.447685,99.4713817,15.86222222,15.99331019,15.73039352,71.93819444,10.11907407,3.675,0.613865741,6.961273148,15.7962037,15.74131944,15.67509259,1009.626273,0.004032407,0.409930556,182.4303241,2.615141204,195.0060185,0.158148148,0.011284722,0.182314815,0,0,21.35208333,52.74444444,11.22569444,20.89444444,9.777634259,1.179106991,0.022712963,221.7655093,97.14708333,17.26907074,17.38973648,17.15048544,78.26213592,13.06477115,3.159500693,0.52778086,6.202080444,17.25381415,17.41636616,17.40124827,1007.800416,0.000693481,0,192.70319,2.762454924,211.5797503,0.323023578,0.023106796,0.379056865,0,0,23.16920943,55.47295423,13.71539528,23.15117892,10.1589043,1.167115534,0.022468793,225.3495146,98.72662968,682
47.2,0.45,1128,0.288058647,0.791,0.662,0.599,0.611,0.408,0.71,0.671,0.808,17.70236967,17.83751367,17.56646008,67.73022238,10.85267955,1.129784907,0.189125046,4.07218374,17.70014583,17.51421801,17.51195771,1009.123843,0,0,155.5803864,2.230273423,169.7528254,0.036456435,0.002592052,0.051039008,0,0,22.97557419,48.87823551,11.60393729,22.61356179,9.060689027,1.1717716,0.019310973,227.447685,99.4713817,15.86222222,15.99331019,15.73039352,71.93819444,10.11907407,3.675,0.613865741,6.961273148,15.7962037,15.74131944,15.67509259,1009.626273,0.004032407,0.409930556,182.4303241,2.615141204,195.0060185,0.158148148,0.011284722,0.182314815,0,0,21.35208333,52.74444444,11.22569444,20.89444444,9.777634259,1.179106991,0.022712963,221.7655093,97.14708333,17.26907074,17.38973648,17.15048544,78.26213592,13.06477115,3.159500693,0.52778086,6.202080444,17.25381415,17.41636616,17.40124827,1007.800416,0.000693481,0,192.70319,2.762454924,211.5797503,0.323023578,0.023106796,0.379056865,0,0,23.16920943,55.47295423,13.71539528,23.15117892,10.1589043,1.167115534,0.022468793,225.3495146,98.72662968,507
35.8,0.466671272,1304.867223,0.542,0.733,0.678,0.538,0.665,0.512,0.708,0.713,0.851,17.70236967,17.83751367,17.56646008,67.73022238,10.85267955,1.129784907,0.189125046,4.07218374,17.70014583,17.51421801,17.51195771,1009.123843,0,0,155.5803864,2.230273423,169.7528254,0.036456435,0.002592052,0.051039008,0,0,22.97557419,48.87823551,11.60393729,22.61356179,9.060689027,1.1717716,0.019310973,227.447685,99.4713817,15.86222222,15.99331019,15.73039352,71.93819444,10.11907407,3.675,0.613865741,6.961273148,15.7962037,15.74131944,15.67509259,1009.626273,0.004032407,0.409930556,182.4303241,2.615141204,195.0060185,0.158148148,0.011284722,0.182314815,0,0,21.35208333,52.74444444,11.22569444,20.89444444,9.777634259,1.179106991,0.022712963,221.7655093,97.14708333,17.26907074,17.38973648,17.15048544,78.26213592,13.06477115,3.159500693,0.52778086,6.202080444,17.25381415,17.41636616,17.40124827,1007.800416,0.000693481,0,192.70319,2.762454924,211.5797503,0.323023578,0.023106796,0.379056865,0,0,23.16920943,55.47295423,13.71539528,23.15117892,10.1589043,1.167115534,0.022468793,225.3495146,98.72662968,596
36.6,0.47,1460,0.432,0.802,0.736,0.631,0.653,0.526,0.713,0.721,0.858,17.70236967,17.83751367,17.56646008,67.73022238,10.85267955,1.129784907,0.189125046,4.07218374,17.70014583,17.51421801,17.51195771,1009.123843,0,0,155.5803864,2.230273423,169.7528254,0.036456435,0.002592052,0.051039008,0,0,22.97557419,48.87823551,11.60393729,22.61356179,9.060689027,1.1717716,0.019310973,227.447685,99.4713817,15.86222222,15.99331019,15.73039352,71.93819444,10.11907407,3.675,0.613865741,6.961273148,15.7962037,15.74131944,15.67509259,1009.626273,0.004032407,0.409930556,182.4303241,2.615141204,195.0060185,0.158148148,0.011284722,0.182314815,0,0,21.35208333,52.74444444,11.22569444,20.89444444,9.777634259,1.179106991,0.022712963,221.7655093,97.14708333,17.26907074,17.38973648,17.15048544,78.26213592,13.06477115,3.159500693,0.52778086,6.202080444,17.25381415,17.41636616,17.40124827,1007.800416,0.000693481,0,192.70319,2.762454924,211.5797503,0.323023578,0.023106796,0.379056865,0,0,23.16920943,55.47295423,13.71539528,23.15117892,10.1589043,1.167115534,0.022468793,225.3495146,98.72662968,690
39.6,0.466671272,1304.867223,0.14,0.809,0.686,0.681,0.693,0.549,0.723,0.735,0.865,17.70236967,17.83751367,17.56646008,67.73022238,10.85267955,1.129784907,0.189125046,4.07218374,17.70014583,17.51421801,17.51195771,1009.123843,0,0,155.5803864,2.230273423,169.7528254,0.036456435,0.002592052,0.051039008,0,0,22.97557419,48.87823551,11.60393729,22.61356179,9.060689027,1.1717716,0.019310973,227.447685,99.4713817,15.86222222,15.99331019,15.73039352,71.93819444,10.11907407,3.675,0.613865741,6.961273148,15.7962037,15.74131944,15.67509259,1009.626273,0.004032407,0.409930556,182.4303241,2.615141204,195.0060185,0.158148148,0.011284722,0.182314815,0,0,21.35208333,52.74444444,11.22569444,20.89444444,9.777634259,1.179106991,0.022712963,221.7655093,97.14708333,17.26907074,17.38973648,17.15048544,78.26213592,13.06477115,3.159500693,0.52778086,6.202080444,17.25381415,17.41636616,17.40124827,1007.800416,0.000693481,0,192.70319,2.762454924,211.5797503,0.323023578,0.023106796,0.379056865,0,0,23.16920943,55.47295423,13.71539528,23.15117892,10.1589043,1.167115534,0.022468793,225.3495146,98.72662968,753
37.8,0.466671272,1304.867223,0.228,0.729,0.7,0.641,0.689,0.446,0.716,0.73,0.859,17.70236967,17.83751367,17.56646008,67.73022238,10.85267955,1.129784907,0.189125046,4.07218374,17.70014583,17.51421801,17.51195771,1009.123843,0,0,155.5803864,2.230273423,169.7528254,0.036456435,0.002592052,0.051039008,0,0,22.97557419,48.87823551,11.60393729,22.61356179,9.060689027,1.1717716,0.019310973,227.447685,99.4713817,15.86222222,15.99331019,15.73039352,71.93819444,10.11907407,3.675,0.613865741,6.961273148,15.7962037,15.74131944,15.67509259,1009.626273,0.004032407,0.409930556,182.4303241,2.615141204,195.0060185,0.158148148,0.011284722,0.182314815,0,0,21.35208333,52.74444444,11.22569444,20.89444444,9.777634259,1.179106991,0.022712963,221.7655093,97.14708333,17.26907074,17.38973648,17.15048544,78.26213592,13.06477115,3.159500693,0.52778086,6.202080444,17.25381415,17.41636616,17.40124827,1007.800416,0.000693481,0,192.70319,2.762454924,211.5797503,0.323023578,0.023106796,0.379056865,0,0,23.16920943,55.47295423,13.71539528,23.15117892,10.1589043,1.167115534,0.022468793,225.3495146,98.72662968,682
36.2,0.466671272,1304.867223,0.497,0.769,0.66,0.587,0.668,0.588,0.72,0.732,0.858,17.70236967,17.83751367,17.56646008,67.73022238,10.85267955,1.129784907,0.189125046,4.07218374,17.70014583,17.51421801,17.51195771,1009.123843,0,0,155.5803864,2.230273423,169.7528254,0.036456435,0.002592052,0.051039008,0,0,22.97557419,48.87823551,11.60393729,22.61356179,9.060689027,1.1717716,0.019310973,227.447685,99.4713817,15.86222222,15.99331019,15.73039352,71.93819444,10.11907407,3.675,0.613865741,6.961273148,15.7962037,15.74131944,15.67509259,1009.626273,0.004032407,0.409930556,182.4303241,2.615141204,195.0060185,0.158148148,0.011284722,0.182314815,0,0,21.35208333,52.74444444,11.22569444,20.89444444,9.777634259,1.179106991,0.022712963,221.7655093,97.14708333,17.26907074,17.38973648,17.15048544,78.26213592,13.06477115,3.159500693,0.52778086,6.202080444,17.25381415,17.41636616,17.40124827,1007.800416,0.000693481,0,192.70319,2.762454924,211.5797503,0.323023578,0.023106796,0.379056865,0,0,23.16920943,55.47295423,13.71539528,23.15117892,10.1589043,1.167115534,0.022468793,225.3495146,98.72662968,699
43.2,0.466671272,1304.867223,0.288058647,0.757,0.651,0.636,0.711,0.515,0.703,0.727,0.862,17.70236967,17.83751367,17.56646008,67.73022238,10.85267955,1.129784907,0.189125046,4.07218374,17.70014583,17.51421801,17.51195771,1009.123843,0,0,155.5803864,2.230273423,169.7528254,0.036456435,0.002592052,0.051039008,0,0,22.97557419,48.87823551,11.60393729,22.61356179,9.060689027,1.1717716,0.019310973,227.447685,99.4713817,15.86222222,15.99331019,15.73039352,71.93819444,10.11907407,3.675,0.613865741,6.961273148,15.7962037,15.74131944,15.67509259,1009.626273,0.004032407,0.409930556,182.4303241,2.615141204,195.0060185,0.158148148,0.011284722,0.182314815,0,0,21.35208333,52.74444444,11.22569444,20.89444444,9.777634259,1.179106991,0.022712963,221.7655093,97.14708333,17.26907074,17.38973648,17.15048544,78.26213592,13.06477115,3.159500693,0.52778086,6.202080444,17.25381415,17.41636616,17.40124827,1007.800416,0.000693481,0,192.70319,2.762454924,211.5797503,0.323023578,0.023106796,0.379056865,0,0,23.16920943,55.47295423,13.71539528,23.15117892,10.1589043,1.167115534,0.022468793,225.3495146,98.72662968,623
47.8,0.49,1410,0.288058647,0.797,0.646,0.65,0.675,0.52,0.716,0.723,0.856,17.70236967,17.83751367,17.56646008,67.73022238,10.85267955,1.129784907,0.189125046,4.07218374,17.70014583,17.51421801,17.51195771,1009.123843,0,0,155.5803864,2.230273423,169.7528254,0.036456435,0.002592052,0.051039008,0,0,22.97557419,48.87823551,11.60393729,22.61356179,9.060689027,1.1717716,0.019310973,227.447685,99.4713817,15.86222222,15.99331019,15.73039352,71.93819444,10.11907407,3.675,0.613865741,6.961273148,15.7962037,15.74131944,15.67509259,1009.626273,0.004032407,0.409930556,182.4303241,2.615141204,195.0060185,0.158148148,0.011284722,0.182314815,0,0,21.35208333,52.74444444,11.22569444,20.89444444,9.777634259,1.179106991,0.022712963,221.7655093,97.14708333,17.26907074,17.38973648,17.15048544,78.26213592,13.06477115,3.159500693,0.52778086,6.202080444,17.25381415,17.41636616,17.40124827,1007.800416,0.000693481,0,192.70319,2.762454924,211.5797503,0.323023578,0.023106796,0.379056865,0,0,23.16920943,55.47295423,13.71539528,23.15117892,10.1589043,1.167115534,0.022468793,225.3495146,98.72662968,681
50.7,0.49,1445,0.614,0.641,0.703,0.653,0.676,0.527,0.717,0.728,0.854,17.70236967,17.83751367,17.56646008,67.73022238,10.85267955,1.129784907,0.189125046,4.07218374,17.70014583,17.51421801,17.51195771,1009.123843,0,0,155.5803864,2.230273423,169.7528254,0.036456435,0.002592052,0.051039008,0,0,22.97557419,48.87823551,11.60393729,22.61356179,9.060689027,1.1717716,0.019310973,227.447685,99.4713817,15.86222222,15.99331019,15.73039352,71.93819444,10.11907407,3.675,0.613865741,6.961273148,15.7962037,15.74131944,15.67509259,1009.626273,0.004032407,0.409930556,182.4303241,2.615141204,195.0060185,0.158148148,0.011284722,0.182314815,0,0,21.35208333,52.74444444,11.22569444,20.89444444,9.777634259,1.179106991,0.022712963,221.7655093,97.14708333,17.26907074,17.38973648,17.15048544,78.26213592,13.06477115,3.159500693,0.52778086,6.202080444,17.25381415,17.41636616,17.40124827,1007.800416,0.000693481,0,192.70319,2.762454924,211.5797503,0.323023578,0.023106796,0.379056865,0,0,23.16920943,55.47295423,13.71539528,23.15117892,10.1589043,1.167115534,0.022468793,225.3495146,98.72662968,716
40.4,0.466671272,1304.867223,0.501,0.77,0.695,0.664,0.636,0.565,0.719,0.723,0.846,17.70236967,17.83751367,17.56646008,67.73022238,10.85267955,1.129784907,0.189125046,4.07218374,17.70014583,17.51421801,17.51195771,1009.123843,0,0,155.5803864,2.230273423,169.7528254,0.036456435,0.002592052,0.051039008,0,0,22.97557419,48.87823551,11.60393729,22.61356179,9.060689027,1.1717716,0.019310973,227.447685,99.4713817,15.86222222,15.99331019,15.73039352,71.93819444,10.11907407,3.675,0.613865741,6.961273148,15.7962037,15.74131944,15.67509259,1009.626273,0.004032407,0.409930556,182.4303241,2.615141204,195.0060185,0.158148148,0.011284722,0.182314815,0,0,21.35208333,52.74444444,11.22569444,20.89444444,9.777634259,1.179106991,0.022712963,221.7655093,97.14708333,17.26907074,17.38973648,17.15048544,78.26213592,13.06477115,3.159500693,0.52778086,6.202080444,17.25381415,17.41636616,17.40124827,1007.800416,0.000693481,0,192.70319,2.762454924,211.5797503,0.323023578,0.023106796,0.379056865,0,0,23.16920943,55.47295423,13.71539528,23.15117892,10.1589043,1.167115534,0.022468793,225.3495146,98.72662968,712
44.5,0.466671272,1304.867223,0.482,0.773,0.639,0.612,0.643,0.552,0.709,0.719,0.845,17.70236967,17.83751367,17.56646008,67.73022238,10.85267955,1.129784907,0.189125046,4.07218374,17.70014583,17.51421801,17.51195771,1009.123843,0,0,155.5803864,2.230273423,169.7528254,0.036456435,0.002592052,0.051039008,0,0,22.97557419,48.87823551,11.60393729,22.61356179,9.060689027,1.1717716,0.019310973,227.447685,99.4713817,15.86222222,15.99331019,15.73039352,71.93819444,10.11907407,3.675,0.613865741,6.961273148,15.7962037,15.74131944,15.67509259,1009.626273,0.004032407,0.409930556,182.4303241,2.615141204,195.0060185,0.158148148,0.011284722,0.182314815,0,0,21.35208333,52.74444444,11.22569444,20.89444444,9.777634259,1.179106991,0.022712963,221.7655093,97.14708333,17.26907074,17.38973648,17.15048544,78.26213592,13.06477115,3.159500693,0.52778086,6.202080444,17.25381415,17.41636616,17.40124827,1007.800416,0.000693481,0,192.70319,2.762454924,211.5797503,0.323023578,0.023106796,0.379056865,0,0,23.16920943,55.47295423,13.71539528,23.15117892,10.1589043,1.167115534,0.022468793,225.3495146,98.72662968,713
46.1,0.466671272,1304.867223,0.469,0.727,0.645,0.657,0.705,0.524,0.698,0.714,0.862,17.70236967,17.83751367,17.56646008,67.73022238,10.85267955,1.129784907,0.189125046,4.07218374,17.70014583,17.51421801,17.51195771,1009.123843,0,0,155.5803864,2.230273423,169.7528254,0.036456435,0.002592052,0.051039008,0,0,22.97557419,48.87823551,11.60393729,22.61356179,9.060689027,1.1717716,0.019310973,227.447685,99.4713817,15.86222222,15.99331019,15.73039352,71.93819444,10.11907407,3.675,0.613865741,6.961273148,15.7962037,15.74131944,15.67509259,1009.626273,0.004032407,0.409930556,182.4303241,2.615141204,195.0060185,0.158148148,0.011284722,0.182314815,0,0,21.35208333,52.74444444,11.22569444,20.89444444,9.777634259,1.179106991,0.022712963,221.7655093,97.14708333,17.26907074,17.38973648,17.15048544,78.26213592,13.06477115,3.159500693,0.52778086,6.202080444,17.25381415,17.41636616,17.40124827,1007.800416,0.000693481,0,192.70319,2.762454924,211.5797503,0.323023578,0.023106796,0.379056865,0,0,23.16920943,55.47295423,13.71539528,23.15117892,10.1589043,1.167115534,0.022468793,225.3495146,98.72662968,718
42.3,0.466671272,1304.867223,0.628,0.808,0.637,0.629,0.682,0.512,0.717,0.73,0.843,17.70236967,17.83751367,17.56646008,67.73022238,10.85267955,1.129784907,0.189125046,4.07218374,17.70014583,17.51421801,17.51195771,1009.123843,0,0,155.5803864,2.230273423,169.7528254,0.036456435,0.002592052,0.051039008,0,0,22.97557419,48.87823551,11.60393729,22.61356179,9.060689027,1.1717716,0.019310973,227.447685,99.4713817,15.86222222,15.99331019,15.73039352,71.93819444,10.11907407,3.675,0.613865741,6.961273148,15.7962037,15.74131944,15.67509259,1009.626273,0.004032407,0.409930556,182.4303241,2.615141204,195.0060185,0.158148148,0.011284722,0.182314815,0,0,21.35208333,52.74444444,11.22569444,20.89444444,9.777634259,1.179106991,0.022712963,221.7655093,97.14708333,17.26907074,17.38973648,17.15048544,78.26213592,13.06477115,3.159500693,0.52778086,6.202080444,17.25381415,17.41636616,17.40124827,1007.800416,0.000693481,0,192.70319,2.762454924,211.5797503,0.323023578,0.023106796,0.379056865,0,0,23.16920943,55.47295423,13.71539528,23.15117892,10.1589043,1.167115534,0.022468793,225.3495146,98.72662968,753
44.6,0.46,1501,0.288058647,0.809,0.69,0.663,0.69,0.596,0.713,0.731,0.845,17.70236967,17.83751367,17.56646008,67.73022238,10.85267955,1.129784907,0.189125046,4.07218374,17.70014583,17.51421801,17.51195771,1009.123843,0,0,155.5803864,2.230273423,169.7528254,0.036456435,0.002592052,0.051039008,0,0,22.97557419,48.87823551,11.60393729,22.61356179,9.060689027,1.1717716,0.019310973,227.447685,99.4713817,15.86222222,15.99331019,15.73039352,71.93819444,10.11907407,3.675,0.613865741,6.961273148,15.7962037,15.74131944,15.67509259,1009.626273,0.004032407,0.409930556,182.4303241,2.615141204,195.0060185,0.158148148,0.011284722,0.182314815,0,0,21.35208333,52.74444444,11.22569444,20.89444444,9.777634259,1.179106991,0.022712963,221.7655093,97.14708333,17.26907074,17.38973648,17.15048544,78.26213592,13.06477115,3.159500693,0.52778086,6.202080444,17.25381415,17.41636616,17.40124827,1007.800416,0.000693481,0,192.70319,2.762454924,211.5797503,0.323023578,0.023106796,0.379056865,0,0,23.16920943,55.47295423,13.71539528,23.15117892,10.1589043,1.167115534,0.022468793,225.3495146,98.72662968,671
35.8,0.466671272,1304.867223,0.351,0.799,0.682,0.675,0.7,0.599,0.722,0.737,0.871,17.70236967,17.83751367,17.56646008,67.73022238,10.85267955,1.129784907,0.189125046,4.07218374,17.70014583,17.51421801,17.51195771,1009.123843,0,0,155.5803864,2.230273423,169.7528254,0.036456435,0.002592052,0.051039008,0,0,22.97557419,48.87823551,11.60393729,22.61356179,9.060689027,1.1717716,0.019310973,227.447685,99.4713817,15.86222222,15.99331019,15.73039352,71.93819444,10.11907407,3.675,0.613865741,6.961273148,15.7962037,15.74131944,15.67509259,1009.626273,0.004032407,0.409930556,182.4303241,2.615141204,195.0060185,0.158148148,0.011284722,0.182314815,0,0,21.35208333,52.74444444,11.22569444,20.89444444,9.777634259,1.179106991,0.022712963,221.7655093,97.14708333,17.26907074,17.38973648,17.15048544,78.26213592,13.06477115,3.159500693,0.52778086,6.202080444,17.25381415,17.41636616,17.40124827,1007.800416,0.000693481,0,192.70319,2.762454924,211.5797503,0.323023578,0.023106796,0.379056865,0,0,23.16920943,55.47295423,13.71539528,23.15117892,10.1589043,1.167115534,0.022468793,225.3495146,98.72662968,753
43.1,0.466671272,1304.867223,0.27,0.764,0.734,0.708,0.749,0.616,0.729,0.744,0.858,17.70236967,17.83751367,17.56646008,67.73022238,10.85267955,1.129784907,0.189125046,4.07218374,17.70014583,17.51421801,17.51195771,1009.123843,0,0,155.5803864,2.230273423,169.7528254,0.036456435,0.002592052,0.051039008,0,0,22.97557419,48.87823551,11.60393729,22.61356179,9.060689027,1.1717716,0.019310973,227.447685,99.4713817,15.86222222,15.99331019,15.73039352,71.93819444,10.11907407,3.675,0.613865741,6.961273148,15.7962037,15.74131944,15.67509259,1009.626273,0.004032407,0.409930556,182.4303241,2.615141204,195.0060185,0.158148148,0.011284722,0.182314815,0,0,21.35208333,52.74444444,11.22569444,20.89444444,9.777634259,1.179106991,0.022712963,221.7655093,97.14708333,17.26907074,17.38973648,17.15048544,78.26213592,13.06477115,3.159500693,0.52778086,6.202080444,17.25381415,17.41636616,17.40124827,1007.800416,0.000693481,0,192.70319,2.762454924,211.5797503,0.323023578,0.023106796,0.379056865,0,0,23.16920943,55.47295423,13.71539528,23.15117892,10.1589043,1.167115534,0.022468793,225.3495146,98.72662968,732
33.6,0.49,1251,0.509,0.796,0.634,0.6,0.6,0.407,0.718,0.718,0.85,17.70236967,17.83751367,17.56646008,67.73022238,10.85267955,1.129784907,0.189125046,4.07218374,17.70014583,17.51421801,17.51195771,1009.123843,0,0,155.5803864,2.230273423,169.7528254,0.036456435,0.002592052,0.051039008,0,0,22.97557419,48.87823551,11.60393729,22.61356179,9.060689027,1.1717716,0.019310973,227.447685,99.4713817,15.86222222,15.99331019,15.73039352,71.93819444,10.11907407,3.675,0.613865741,6.961273148,15.7962037,15.74131944,15.67509259,1009.626273,0.004032407,0.409930556,182.4303241,2.615141204,195.0060185,0.158148148,0.011284722,0.182314815,0,0,21.35208333,52.74444444,11.22569444,20.89444444,9.777634259,1.179106991,0.022712963,221.7655093,97.14708333,17.26907074,17.38973648,17.15048544,78.26213592,13.06477115,3.159500693,0.52778086,6.202080444,17.25381415,17.41636616,17.40124827,1007.800416,0.000693481,0,192.70319,2.762454924,211.5797503,0.323023578,0.023106796,0.379056865,0,0,23.16920943,55.47295423,13.71539528,23.15117892,10.1589043,1.167115534,0.022468793,225.3495146,98.72662968,597
41.8,0.49,1410,0.489,0.815,0.69,0.635,0.615,0.495,0.7,0.72,0.847,17.70236967,17.83751367,17.56646008,67.73022238,10.85267955,1.129784907,0.189125046,4.07218374,17.70014583,17.51421801,17.51195771,1009.123843,0,0,155.5803864,2.230273423,169.7528254,0.036456435,0.002592052,0.051039008,0,0,22.97557419,48.87823551,11.60393729,22.61356179,9.060689027,1.1717716,0.019310973,227.447685,99.4713817,15.86222222,15.99331019,15.73039352,71.93819444,10.11907407,3.675,0.613865741,6.961273148,15.7962037,15.74131944,15.67509259,1009.626273,0.004032407,0.409930556,182.4303241,2.615141204,195.0060185,0.158148148,0.011284722,0.182314815,0,0,21.35208333,52.74444444,11.22569444,20.89444444,9.777634259,1.179106991,0.022712963,221.7655093,97.14708333,17.26907074,17.38973648,17.15048544,78.26213592,13.06477115,3.159500693,0.52778086,6.202080444,17.25381415,17.41636616,17.40124827,1007.800416,0.000693481,0,192.70319,2.762454924,211.5797503,0.323023578,0.023106796,0.379056865,0,0,23.16920943,55.47295423,13.71539528,23.15117892,10.1589043,1.167115534,0.022468793,225.3495146,98.72662968,685
37.7,0.466671272,1304.867223,0.363,0.737,0.718,0.581,0.651,0.48,0.726,0.746,0.877,17.70236967,17.83751367,17.56646008,67.73022238,10.85267955,1.129784907,0.189125046,4.07218374,17.70014583,17.51421801,17.51195771,1009.123843,0,0,155.5803864,2.230273423,169.7528254,0.036456435,0.002592052,0.051039008,0,0,22.97557419,48.87823551,11.60393729,22.61356179,9.060689027,1.1717716,0.019310973,227.447685,99.4713817,15.86222222,15.99331019,15.73039352,71.93819444,10.11907407,3.675,0.613865741,6.961273148,15.7962037,15.74131944,15.67509259,1009.626273,0.004032407,0.409930556,182.4303241,2.615141204,195.0060185,0.158148148,0.011284722,0.182314815,0,0,21.35208333,52.74444444,11.22569444,20.89444444,9.777634259,1.179106991,0.022712963,221.7655093,97.14708333,17.26907074,17.38973648,17.15048544,78.26213592,13.06477115,3.159500693,0.52778086,6.202080444,17.25381415,17.41636616,17.40124827,1007.800416,0.000693481,0,192.70319,2.762454924,211.5797503,0.323023578,0.023106796,0.379056865,0,0,23.16920943,55.47295423,13.71539528,23.15117892,10.1589043,1.167115534,0.022468793,225.3495146,98.72662968,644
43.7,0.466671272,1304.867223,0.304,0.77,0.708,0.614,0.675,0.505,0.71,0.735,0.863,17.70236967,17.83751367,17.56646008,67.73022238,10.85267955,1.129784907,0.189125046,4.07218374,17.70014583,17.51421801,17.51195771,1009.123843,0,0,155.5803864,2.230273423,169.7528254,0.036456435,0.002592052,0.051039008,0,0,22.97557419,48.87823551,11.60393729,22.61356179,9.060689027,1.1717716,0.019310973,227.447685,99.4713817,15.86222222,15.99331019,15.73039352,71.93819444,10.11907407,3.675,0.613865741,6.961273148,15.7962037,15.74131944,15.67509259,1009.626273,0.004032407,0.409930556,182.4303241,2.615141204,195.0060185,0.158148148,0.011284722,0.182314815,0,0,21.35208333,52.74444444,11.22569444,20.89444444,9.777634259,1.179106991,0.022712963,221.7655093,97.14708333,17.26907074,17.38973648,17.15048544,78.26213592,13.06477115,3.159500693,0.52778086,6.202080444,17.25381415,17.41636616,17.40124827,1007.800416,0.000693481,0,192.70319,2.762454924,211.5797503,0.323023578,0.023106796,0.379056865,0,0,23.16920943,55.47295423,13.71539528,23.15117892,10.1589043,1.167115534,0.022468793,225.3495146,98.72662968,692
50.3,0.466671272,1304.867223,0.366,0.806,0.732,0.647,0.709,0.605,0.716,0.734,0.856,17.70236967,17.83751367,17.56646008,67.73022238,10.85267955,1.129784907,0.189125046,4.07218374,17.70014583,17.51421801,17.51195771,1009.123843,0,0,155.5803864,2.230273423,169.7528254,0.036456435,0.002592052,0.051039008,0,0,22.97557419,48.87823551,11.60393729,22.61356179,9.060689027,1.1717716,0.019310973,227.447685,99.4713817,15.86222222,15.99331019,15.73039352,71.93819444,10.11907407,3.675,0.613865741,6.961273148,15.7962037,15.74131944,15.67509259,1009.626273,0.004032407,0.409930556,182.4303241,2.615141204,195.0060185,0.158148148,0.011284722,0.182314815,0,0,21.35208333,52.74444444,11.22569444,20.89444444,9.777634259,1.179106991,0.022712963,221.7655093,97.14708333,17.26907074,17.38973648,17.15048544,78.26213592,13.06477115,3.159500693,0.52778086,6.202080444,17.25381415,17.41636616,17.40124827,1007.800416,0.000693481,0,192.70319,2.762454924,211.5797503,0.323023578,0.023106796,0.379056865,0,0,23.16920943,55.47295423,13.71539528,23.15117892,10.1589043,1.167115534,0.022468793,225.3495146,98.72662968,714
46.7,0.4,1558,0.521,0.814,0.764,0.67,0.719,0.507,0.711,0.738,0.866,17.70236967,17.83751367,17.56646008,67.73022238,10.85267955,1.129784907,0.189125046,4.07218374,17.70014583,17.51421801,17.51195771,1009.123843,0,0,155.5803864,2.230273423,169.7528254,0.036456435,0.002592052,0.051039008,0,0,22.97557419,48.87823551,11.60393729,22.61356179,9.060689027,1.1717716,0.019310973,227.447685,99.4713817,15.86222222,15.99331019,15.73039352,71.93819444,10.11907407,3.675,0.613865741,6.961273148,15.7962037,15.74131944,15.67509259,1009.626273,0.004032407,0.409930556,182.4303241,2.615141204,195.0060185,0.158148148,0.011284722,0.182314815,0,0,21.35208333,52.74444444,11.22569444,20.89444444,9.777634259,1.179106991,0.022712963,221.7655093,97.14708333,17.26907074,17.38973648,17.15048544,78.26213592,13.06477115,3.159500693,0.52778086,6.202080444,17.25381415,17.41636616,17.40124827,1007.800416,0.000693481,0,192.70319,2.762454924,211.5797503,0.323023578,0.023106796,0.379056865,0,0,23.16920943,55.47295423,13.71539528,23.15117892,10.1589043,1.167115534,0.022468793,225.3495146,98.72662968,624
52,0.48,1406,0.685,0.797,0.688,0.591,0.666,0.526,0.705,0.716,0.849,17.70236967,17.83751367,17.56646008,67.73022238,10.85267955,1.129784907,0.189125046,4.07218374,17.70014583,17.51421801,17.51195771,1009.123843,0,0,155.5803864,2.230273423,169.7528254,0.036456435,0.002592052,0.051039008,0,0,22.97557419,48.87823551,11.60393729,22.61356179,9.060689027,1.1717716,0.019310973,227.447685,99.4713817,15.86222222,15.99331019,15.73039352,71.93819444,10.11907407,3.675,0.613865741,6.961273148,15.7962037,15.74131944,15.67509259,1009.626273,0.004032407,0.409930556,182.4303241,2.615141204,195.0060185,0.158148148,0.011284722,0.182314815,0,0,21.35208333,52.74444444,11.22569444,20.89444444,9.777634259,1.179106991,0.022712963,221.7655093,97.14708333,17.26907074,17.38973648,17.15048544,78.26213592,13.06477115,3.159500693,0.52778086,6.202080444,17.25381415,17.41636616,17.40124827,1007.800416,0.000693481,0,192.70319,2.762454924,211.5797503,0.323023578,0.023106796,0.379056865,0,0,23.16920943,55.47295423,13.71539528,23.15117892,10.1589043,1.167115534,0.022468793,225.3495146,98.72662968,693
39.3,0.466671272,1304.867223,0.322,0.745,0.687,0.651,0.674,0.533,0.712,0.725,0.846,17.70236967,17.83751367,17.56646008,67.73022238,10.85267955,1.129784907,0.189125046,4.07218374,17.70014583,17.51421801,17.51195771,1009.123843,0,0,155.5803864,2.230273423,169.7528254,0.036456435,0.002592052,0.051039008,0,0,22.97557419,48.87823551,11.60393729,22.61356179,9.060689027,1.1717716,0.019310973,227.447685,99.4713817,15.86222222,15.99331019,15.73039352,71.93819444,10.11907407,3.675,0.613865741,6.961273148,15.7962037,15.74131944,15.67509259,1009.626273,0.004032407,0.409930556,182.4303241,2.615141204,195.0060185,0.158148148,0.011284722,0.182314815,0,0,21.35208333,52.74444444,11.22569444,20.89444444,9.777634259,1.179106991,0.022712963,221.7655093,97.14708333,17.26907074,17.38973648,17.15048544,78.26213592,13.06477115,3.159500693,0.52778086,6.202080444,17.25381415,17.41636616,17.40124827,1007.800416,0.000693481,0,192.70319,2.762454924,211.5797503,0.323023578,0.023106796,0.379056865,0,0,23.16920943,55.47295423,13.71539528,23.15117892,10.1589043,1.167115534,0.022468793,225.3495146,98.72662968,692
40.7,0.466671272,1304.867223,0.288058647,0.747,0.674,0.643,0.689,0.604,0.717,0.744,0.862,17.70236967,17.83751367,17.56646008,67.73022238,10.85267955,1.129784907,0.189125046,4.07218374,17.70014583,17.51421801,17.51195771,1009.123843,0,0,155.5803864,2.230273423,169.7528254,0.036456435,0.002592052,0.051039008,0,0,22.97557419,48.87823551,11.60393729,22.61356179,9.060689027,1.1717716,0.019310973,227.447685,99.4713817,15.86222222,15.99331019,15.73039352,71.93819444,10.11907407,3.675,0.613865741,6.961273148,15.7962037,15.74131944,15.67509259,1009.626273,0.004032407,0.409930556,182.4303241,2.615141204,195.0060185,0.158148148,0.011284722,0.182314815,0,0,21.35208333,52.74444444,11.22569444,20.89444444,9.777634259,1.179106991,0.022712963,221.7655093,97.14708333,17.26907074,17.38973648,17.15048544,78.26213592,13.06477115,3.159500693,0.52778086,6.202080444,17.25381415,17.41636616,17.40124827,1007.800416,0.000693481,0,192.70319,2.762454924,211.5797503,0.323023578,0.023106796,0.379056865,0,0,23.16920943,55.47295423,13.71539528,23.15117892,10.1589043,1.167115534,0.022468793,225.3495146,98.72662968,649
41.2,0.466671272,1304.867223,0.47,0.808,0.716,0.606,0.655,0.478,0.712,0.731,0.844,17.70236967,17.83751367,17.56646008,67.73022238,10.85267955,1.129784907,0.189125046,4.07218374,17.70014583,17.51421801,17.51195771,1009.123843,0,0,155.5803864,2.230273423,169.7528254,0.036456435,0.002592052,0.051039008,0,0,22.97557419,48.87823551,11.60393729,22.61356179,9.060689027,1.1717716,0.019310973,227.447685,99.4713817,15.86222222,15.99331019,15.73039352,71.93819444,10.11907407,3.675,0.613865741,6.961273148,15.7962037,15.74131944,15.67509259,1009.626273,0.004032407,0.409930556,182.4303241,2.615141204,195.0060185,0.158148148,0.011284722,0.182314815,0,0,21.35208333,52.74444444,11.22569444,20.89444444,9.777634259,1.179106991,0.022712963,221.7655093,97.14708333,17.26907074,17.38973648,17.15048544,78.26213592,13.06477115,3.159500693,0.52778086,6.202080444,17.25381415,17.41636616,17.40124827,1007.800416,0.000693481,0,192.70319,2.762454924,211.5797503,0.323023578,0.023106796,0.379056865,0,0,23.16920943,55.47295423,13.71539528,23.15117892,10.1589043,1.167115534,0.022468793,225.3495146,98.72662968,675
41.9,0.466671272,1304.867223,0.471,0.811,0.664,0.605,0.649,0.494,0.72,0.736,0.852,17.70236967,17.83751367,17.56646008,67.73022238,10.85267955,1.129784907,0.189125046,4.07218374,17.70014583,17.51421801,17.51195771,1009.123843,0,0,155.5803864,2.230273423,169.7528254,0.036456435,0.002592052,0.051039008,0,0,22.97557419,48.87823551,11.60393729,22.61356179,9.060689027,1.1717716,0.019310973,227.447685,99.4713817,15.86222222,15.99331019,15.73039352,71.93819444,10.11907407,3.675,0.613865741,6.961273148,15.7962037,15.74131944,15.67509259,1009.626273,0.004032407,0.409930556,182.4303241,2.615141204,195.0060185,0.158148148,0.011284722,0.182314815,0,0,21.35208333,52.74444444,11.22569444,20.89444444,9.777634259,1.179106991,0.022712963,221.7655093,97.14708333,17.26907074,17.38973648,17.15048544,78.26213592,13.06477115,3.159500693,0.52778086,6.202080444,17.25381415,17.41636616,17.40124827,1007.800416,0.000693481,0,192.70319,2.762454924,211.5797503,0.323023578,0.023106796,0.379056865,0,0,23.16920943,55.47295423,13.71539528,23.15117892,10.1589043,1.167115534,0.022468793,225.3495146,98.72662968,647
45.7,0.466671272,1304.867223,0.315,0.748,0.656,0.653,0.652,0.502,0.725,0.743,0.866,17.70236967,17.83751367,17.56646008,67.73022238,10.85267955,1.129784907,0.189125046,4.07218374,17.70014583,17.51421801,17.51195771,1009.123843,0,0,155.5803864,2.230273423,169.7528254,0.036456435,0.002592052,0.051039008,0,0,22.97557419,48.87823551,11.60393729,22.61356179,9.060689027,1.1717716,0.019310973,227.447685,99.4713817,15.86222222,15.99331019,15.73039352,71.93819444,10.11907407,3.675,0.613865741,6.961273148,15.7962037,15.74131944,15.67509259,1009.626273,0.004032407,0.409930556,182.4303241,2.615141204,195.0060185,0.158148148,0.011284722,0.182314815,0,0,21.35208333,52.74444444,11.22569444,20.89444444,9.777634259,1.179106991,0.022712963,221.7655093,97.14708333,17.26907074,17.38973648,17.15048544,78.26213592,13.06477115,3.159500693,0.52778086,6.202080444,17.25381415,17.41636616,17.40124827,1007.800416,0.000693481,0,192.70319,2.762454924,211.5797503,0.323023578,0.023106796,0.379056865,0,0,23.16920943,55.47295423,13.71539528,23.15117892,10.1589043,1.167115534,0.022468793,225.3495146,98.72662968,647
40.6,0.46,1110,0.302,0.755,0.679,0.551,0.654,0.508,0.715,0.728,0.844,17.70236967,17.83751367,17.56646008,67.73022238,10.85267955,1.129784907,0.189125046,4.07218374,17.70014583,17.51421801,17.51195771,1009.123843,0,0,155.5803864,2.230273423,169.7528254,0.036456435,0.002592052,0.051039008,0,0,22.97557419,48.87823551,11.60393729,22.61356179,9.060689027,1.1717716,0.019310973,227.447685,99.4713817,15.86222222,15.99331019,15.73039352,71.93819444,10.11907407,3.675,0.613865741,6.961273148,15.7962037,15.74131944,15.67509259,1009.626273,0.004032407,0.409930556,182.4303241,2.615141204,195.0060185,0.158148148,0.011284722,0.182314815,0,0,21.35208333,52.74444444,11.22569444,20.89444444,9.777634259,1.179106991,0.022712963,221.7655093,97.14708333,17.26907074,17.38973648,17.15048544,78.26213592,13.06477115,3.159500693,0.52778086,6.202080444,17.25381415,17.41636616,17.40124827,1007.800416,0.000693481,0,192.70319,2.762454924,211.5797503,0.323023578,0.023106796,0.379056865,0,0,23.16920943,55.47295423,13.71539528,23.15117892,10.1589043,1.167115534,0.022468793,225.3495146,98.72662968,504
43,0.466671272,1304.867223,0.366,0.785,0.674,0.639,0.654,0.498,0.708,0.733,0.861,17.70236967,17.83751367,17.56646008,67.73022238,10.85267955,1.129784907,0.189125046,4.07218374,17.70014583,17.51421801,17.51195771,1009.123843,0,0,155.5803864,2.230273423,169.7528254,0.036456435,0.002592052,0.051039008,0,0,22.97557419,48.87823551,11.60393729,22.61356179,9.060689027,1.1717716,0.019310973,227.447685,99.4713817,15.86222222,15.99331019,15.73039352,71.93819444,10.11907407,3.675,0.613865741,6.961273148,15.7962037,15.74131944,15.67509259,1009.626273,0.004032407,0.409930556,182.4303241,2.615141204,195.0060185,0.158148148,0.011284722,0.182314815,0,0,21.35208333,52.74444444,11.22569444,20.89444444,9.777634259,1.179106991,0.022712963,221.7655093,97.14708333,17.26907074,17.38973648,17.15048544,78.26213592,13.06477115,3.159500693,0.52778086,6.202080444,17.25381415,17.41636616,17.40124827,1007.800416,0.000693481,0,192.70319,2.762454924,211.5797503,0.323023578,0.023106796,0.379056865,0,0,23.16920943,55.47295423,13.71539528,23.15117892,10.1589043,1.167115534,0.022468793,225.3495146,98.72662968,671
47.3,0.5,1234,0.369,0.778,0.698,0.622,0.64,0.546,0.699,0.715,0.846,17.70236967,17.83751367,17.56646008,67.73022238,10.85267955,1.129784907,0.189125046,4.07218374,17.70014583,17.51421801,17.51195771,1009.123843,0,0,155.5803864,2.230273423,169.7528254,0.036456435,0.002592052,0.051039008,0,0,22.97557419,48.87823551,11.60393729,22.61356179,9.060689027,1.1717716,0.019310973,227.447685,99.4713817,15.86222222,15.99331019,15.73039352,71.93819444,10.11907407,3.675,0.613865741,6.961273148,15.7962037,15.74131944,15.67509259,1009.626273,0.004032407,0.409930556,182.4303241,2.615141204,195.0060185,0.158148148,0.011284722,0.182314815,0,0,21.35208333,52.74444444,11.22569444,20.89444444,9.777634259,1.179106991,0.022712963,221.7655093,97.14708333,17.26907074,17.38973648,17.15048544,78.26213592,13.06477115,3.159500693,0.52778086,6.202080444,17.25381415,17.41636616,17.40124827,1007.800416,0.000693481,0,192.70319,2.762454924,211.5797503,0.323023578,0.023106796,0.379056865,0,0,23.16920943,55.47295423,13.71539528,23.15117892,10.1589043,1.167115534,0.022468793,225.3495146,98.72662968,606
46.9,0.47,1530,0.361,0.777,0.693,0.643,0.662,0.486,0.698,0.715,0.837,17.70236967,17.83751367,17.56646008,67.73022238,10.85267955,1.129784907,0.189125046,4.07218374,17.70014583,17.51421801,17.51195771,1009.123843,0,0,155.5803864,2.230273423,169.7528254,0.036456435,0.002592052,0.051039008,0,0,22.97557419,48.87823551,11.60393729,22.61356179,9.060689027,1.1717716,0.019310973,227.447685,99.4713817,15.86222222,15.99331019,15.73039352,71.93819444,10.11907407,3.675,0.613865741,6.961273148,15.7962037,15.74131944,15.67509259,1009.626273,0.004032407,0.409930556,182.4303241,2.615141204,195.0060185,0.158148148,0.011284722,0.182314815,0,0,21.35208333,52.74444444,11.22569444,20.89444444,9.777634259,1.179106991,0.022712963,221.7655093,97.14708333,17.26907074,17.38973648,17.15048544,78.26213592,13.06477115,3.159500693,0.52778086,6.202080444,17.25381415,17.41636616,17.40124827,1007.800416,0.000693481,0,192.70319,2.762454924,211.5797503,0.323023578,0.023106796,0.379056865,0,0,23.16920943,55.47295423,13.71539528,23.15117892,10.1589043,1.167115534,0.022468793,225.3495146,98.72662968,734
43.2,0.466671272,1304.867223,0.503,0.704,0.67,0.628,0.687,0.569,0.715,0.733,0.859,17.70236967,17.83751367,17.56646008,67.73022238,10.85267955,1.129784907,0.189125046,4.07218374,17.70014583,17.51421801,17.51195771,1009.123843,0,0,155.5803864,2.230273423,169.7528254,0.036456435,0.002592052,0.051039008,0,0,22.97557419,48.87823551,11.60393729,22.61356179,9.060689027,1.1717716,0.019310973,227.447685,99.4713817,15.86222222,15.99331019,15.73039352,71.93819444,10.11907407,3.675,0.613865741,6.961273148,15.7962037,15.74131944,15.67509259,1009.626273,0.004032407,0.409930556,182.4303241,2.615141204,195.0060185,0.158148148,0.011284722,0.182314815,0,0,21.35208333,52.74444444,11.22569444,20.89444444,9.777634259,1.179106991,0.022712963,221.7655093,97.14708333,17.26907074,17.38973648,17.15048544,78.26213592,13.06477115,3.159500693,0.52778086,6.202080444,17.25381415,17.41636616,17.40124827,1007.800416,0.000693481,0,192.70319,2.762454924,211.5797503,0.323023578,0.023106796,0.379056865,0,0,23.16920943,55.47295423,13.71539528,23.15117892,10.1589043,1.167115534,0.022468793,225.3495146,98.72662968,671
49.2,0.47,1452,0.474,0.806,0.695,0.631,0.644,0.48,0.708,0.714,0.839,17.70236967,17.83751367,17.56646008,67.73022238,10.85267955,1.129784907,0.189125046,4.07218374,17.70014583,17.51421801,17.51195771,1009.123843,0,0,155.5803864,2.230273423,169.7528254,0.036456435,0.002592052,0.051039008,0,0,22.97557419,48.87823551,11.60393729,22.61356179,9.060689027,1.1717716,0.019310973,227.447685,99.4713817,15.86222222,15.99331019,15.73039352,71.93819444,10.11907407,3.675,0.613865741,6.961273148,15.7962037,15.74131944,15.67509259,1009.626273,0.004032407,0.409930556,182.4303241,2.615141204,195.0060185,0.158148148,0.011284722,0.182314815,0,0,21.35208333,52.74444444,11.22569444,20.89444444,9.777634259,1.179106991,0.022712963,221.7655093,97.14708333,17.26907074,17.38973648,17.15048544,78.26213592,13.06477115,3.159500693,0.52778086,6.202080444,17.25381415,17.41636616,17.40124827,1007.800416,0.000693481,0,192.70319,2.762454924,211.5797503,0.323023578,0.023106796,0.379056865,0,0,23.16920943,55.47295423,13.71539528,23.15117892,10.1589043,1.167115534,0.022468793,225.3495146,98.72662968,682
42.1,0.45,1527,0.47,0.802,0.709,0.636,0.662,0.56,0.719,0.741,0.87,17.70236967,17.83751367,17.56646008,67.73022238,10.85267955,1.129784907,0.189125046,4.07218374,17.70014583,17.51421801,17.51195771,1009.123843,0,0,155.5803864,2.230273423,169.7528254,0.036456435,0.002592052,0.051039008,0,0,22.97557419,48.87823551,11.60393729,22.61356179,9.060689027,1.1717716,0.019310973,227.447685,99.4713817,15.86222222,15.99331019,15.73039352,71.93819444,10.11907407,3.675,0.613865741,6.961273148,15.7962037,15.74131944,15.67509259,1009.626273,0.004032407,0.409930556,182.4303241,2.615141204,195.0060185,0.158148148,0.011284722,0.182314815,0,0,21.35208333,52.74444444,11.22569444,20.89444444,9.777634259,1.179106991,0.022712963,221.7655093,97.14708333,17.26907074,17.38973648,17.15048544,78.26213592,13.06477115,3.159500693,0.52778086,6.202080444,17.25381415,17.41636616,17.40124827,1007.800416,0.000693481,0,192.70319,2.762454924,211.5797503,0.323023578,0.023106796,0.379056865,0,0,23.16920943,55.47295423,13.71539528,23.15117892,10.1589043,1.167115534,0.022468793,225.3495146,98.72662968,680
45.1,0.466671272,1304.867223,0.325,0.781,0.699,0.607,0.651,0.57,0.716,0.735,0.852,17.70236967,17.83751367,17.56646008,67.73022238,10.85267955,1.129784907,0.189125046,4.07218374,17.70014583,17.51421801,17.51195771,1009.123843,0,0,155.5803864,2.230273423,169.7528254,0.036456435,0.002592052,0.051039008,0,0,22.97557419,48.87823551,11.60393729,22.61356179,9.060689027,1.1717716,0.019310973,227.447685,99.4713817,15.86222222,15.99331019,15.73039352,71.93819444,10.11907407,3.675,0.613865741,6.961273148,15.7962037,15.74131944,15.67509259,1009.626273,0.004032407,0.409930556,182.4303241,2.615141204,195.0060185,0.158148148,0.011284722,0.182314815,0,0,21.35208333,52.74444444,11.22569444,20.89444444,9.777634259,1.179106991,0.022712963,221.7655093,97.14708333,17.26907074,17.38973648,17.15048544,78.26213592,13.06477115,3.159500693,0.52778086,6.202080444,17.25381415,17.41636616,17.40124827,1007.800416,0.000693481,0,192.70319,2.762454924,211.5797503,0.323023578,0.023106796,0.379056865,0,0,23.16920943,55.47295423,13.71539528,23.15117892,10.1589043,1.167115534,0.022468793,225.3495146,98.72662968,673
46.8,0.466671272,1304.867223,0.537,0.794,0.641,0.656,0.651,0.579,0.716,0.733,0.862,17.70236967,17.83751367,17.56646008,67.73022238,10.85267955,1.129784907,0.189125046,4.07218374,17.70014583,17.51421801,17.51195771,1009.123843,0,0,155.5803864,2.230273423,169.7528254,0.036456435,0.002592052,0.051039008,0,0,22.97557419,48.87823551,11.60393729,22.61356179,9.060689027,1.1717716,0.019310973,227.447685,99.4713817,15.86222222,15.99331019,15.73039352,71.93819444,10.11907407,3.675,0.613865741,6.961273148,15.7962037,15.74131944,15.67509259,1009.626273,0.004032407,0.409930556,182.4303241,2.615141204,195.0060185,0.158148148,0.011284722,0.182314815,0,0,21.35208333,52.74444444,11.22569444,20.89444444,9.777634259,1.179106991,0.022712963,221.7655093,97.14708333,17.26907074,17.38973648,17.15048544,78.26213592,13.06477115,3.159500693,0.52778086,6.202080444,17.25381415,17.41636616,17.40124827,1007.800416,0.000693481,0,192.70319,2.762454924,211.5797503,0.323023578,0.023106796,0.379056865,0,0,23.16920943,55.47295423,13.71539528,23.15117892,10.1589043,1.167115534,0.022468793,225.3495146,98.72662968,738
39.4,0.466671272,1304.867223,0.401,0.735,0.681,0.658,0.728,0.561,0.712,0.725,0.87,17.70236967,17.83751367,17.56646008,67.73022238,10.85267955,1.129784907,0.189125046,4.07218374,17.70014583,17.51421801,17.51195771,1009.123843,0,0,155.5803864,2.230273423,169.7528254,0.036456435,0.002592052,0.051039008,0,0,22.97557419,48.87823551,11.60393729,22.61356179,9.060689027,1.1717716,0.019310973,227.447685,99.4713817,15.86222222,15.99331019,15.73039352,71.93819444,10.11907407,3.675,0.613865741,6.961273148,15.7962037,15.74131944,15.67509259,1009.626273,0.004032407,0.409930556,182.4303241,2.615141204,195.0060185,0.158148148,0.011284722,0.182314815,0,0,21.35208333,52.74444444,11.22569444,20.89444444,9.777634259,1.179106991,0.022712963,221.7655093,97.14708333,17.26907074,17.38973648,17.15048544,78.26213592,13.06477115,3.159500693,0.52778086,6.202080444,17.25381415,17.41636616,17.40124827,1007.800416,0.000693481,0,192.70319,2.762454924,211.5797503,0.323023578,0.023106796,0.379056865,0,0,23.16920943,55.47295423,13.71539528,23.15117892,10.1589043,1.167115534,0.022468793,225.3495146,98.72662968,666
47.3,0.42,1237,0.345,0.772,0.745,0.487,0.59,0.44,0.701,0.707,0.85,17.70236967,17.83751367,17.56646008,67.73022238,10.85267955,1.129784907,0.189125046,4.07218374,17.70014583,17.51421801,17.51195771,1009.123843,0,0,155.5803864,2.230273423,169.7528254,0.036456435,0.002592052,0.051039008,0,0,22.97557419,48.87823551,11.60393729,22.61356179,9.060689027,1.1717716,0.019310973,227.447685,99.4713817,15.86222222,15.99331019,15.73039352,71.93819444,10.11907407,3.675,0.613865741,6.961273148,15.7962037,15.74131944,15.67509259,1009.626273,0.004032407,0.409930556,182.4303241,2.615141204,195.0060185,0.158148148,0.011284722,0.182314815,0,0,21.35208333,52.74444444,11.22569444,20.89444444,9.777634259,1.179106991,0.022712963,221.7655093,97.14708333,17.26907074,17.38973648,17.15048544,78.26213592,13.06477115,3.159500693,0.52778086,6.202080444,17.25381415,17.41636616,17.40124827,1007.800416,0.000693481,0,192.70319,2.762454924,211.5797503,0.323023578,0.023106796,0.379056865,0,0,23.16920943,55.47295423,13.71539528,23.15117892,10.1589043,1.167115534,0.022468793,225.3495146,98.72662968,539
45.9,0.466671272,1304.867223,0.547,0.786,0.74,0.65,0.659,0.511,0.723,0.73,0.851,17.70236967,17.83751367,17.56646008,67.73022238,10.85267955,1.129784907,0.189125046,4.07218374,17.70014583,17.51421801,17.51195771,1009.123843,0,0,155.5803864,2.230273423,169.7528254,0.036456435,0.002592052,0.051039008,0,0,22.97557419,48.87823551,11.60393729,22.61356179,9.060689027,1.1717716,0.019310973,227.447685,99.4713817,15.86222222,15.99331019,15.73039352,71.93819444,10.11907407,3.675,0.613865741,6.961273148,15.7962037,15.74131944,15.67509259,1009.626273,0.004032407,0.409930556,182.4303241,2.615141204,195.0060185,0.158148148,0.011284722,0.182314815,0,0,21.35208333,52.74444444,11.22569444,20.89444444,9.777634259,1.179106991,0.022712963,221.7655093,97.14708333,17.26907074,17.38973648,17.15048544,78.26213592,13.06477115,3.159500693,0.52778086,6.202080444,17.25381415,17.41636616,17.40124827,1007.800416,0.000693481,0,192.70319,2.762454924,211.5797503,0.323023578,0.023106796,0.379056865,0,0,23.16920943,55.47295423,13.71539528,23.15117892,10.1589043,1.167115534,0.022468793,225.3495146,98.72662968,713
44.5,0.466671272,1304.867223,0.33,0.764,0.715,0.667,0.689,0.534,0.733,0.751,0.867,17.70236967,17.83751367,17.56646008,67.73022238,10.85267955,1.129784907,0.189125046,4.07218374,17.70014583,17.51421801,17.51195771,1009.123843,0,0,155.5803864,2.230273423,169.7528254,0.036456435,0.002592052,0.051039008,0,0,22.97557419,48.87823551,11.60393729,22.61356179,9.060689027,1.1717716,0.019310973,227.447685,99.4713817,15.86222222,15.99331019,15.73039352,71.93819444,10.11907407,3.675,0.613865741,6.961273148,15.7962037,15.74131944,15.67509259,1009.626273,0.004032407,0.409930556,182.4303241,2.615141204,195.0060185,0.158148148,0.011284722,0.182314815,0,0,21.35208333,52.74444444,11.22569444,20.89444444,9.777634259,1.179106991,0.022712963,221.7655093,97.14708333,17.26907074,17.38973648,17.15048544,78.26213592,13.06477115,3.159500693,0.52778086,6.202080444,17.25381415,17.41636616,17.40124827,1007.800416,0.000693481,0,192.70319,2.762454924,211.5797503,0.323023578,0.023106796,0.379056865,0,0,23.16920943,55.47295423,13.71539528,23.15117892,10.1589043,1.167115534,0.022468793,225.3495146,98.72662968,672
43.7,0.466671272,1304.867223,0.393,0.785,0.737,0.666,0.669,0.539,0.712,0.727,0.848,17.70236967,17.83751367,17.56646008,67.73022238,10.85267955,1.129784907,0.189125046,4.07218374,17.70014583,17.51421801,17.51195771,1009.123843,0,0,155.5803864,2.230273423,169.7528254,0.036456435,0.002592052,0.051039008,0,0,22.97557419,48.87823551,11.60393729,22.61356179,9.060689027,1.1717716,0.019310973,227.447685,99.4713817,15.86222222,15.99331019,15.73039352,71.93819444,10.11907407,3.675,0.613865741,6.961273148,15.7962037,15.74131944,15.67509259,1009.626273,0.004032407,0.409930556,182.4303241,2.615141204,195.0060185,0.158148148,0.011284722,0.182314815,0,0,21.35208333,52.74444444,11.22569444,20.89444444,9.777634259,1.179106991,0.022712963,221.7655093,97.14708333,17.26907074,17.38973648,17.15048544,78.26213592,13.06477115,3.159500693,0.52778086,6.202080444,17.25381415,17.41636616,17.40124827,1007.800416,0.000693481,0,192.70319,2.762454924,211.5797503,0.323023578,0.023106796,0.379056865,0,0,23.16920943,55.47295423,13.71539528,23.15117892,10.1589043,1.167115534,0.022468793,225.3495146,98.72662968,712
42,0.466671272,1304.867223,0.403,0.831,0.756,0.662,0.691,0.551,0.724,0.738,0.86,17.70236967,17.83751367,17.56646008,67.73022238,10.85267955,1.129784907,0.189125046,4.07218374,17.70014583,17.51421801,17.51195771,1009.123843,0,0,155.5803864,2.230273423,169.7528254,0.036456435,0.002592052,0.051039008,0,0,22.97557419,48.87823551,11.60393729,22.61356179,9.060689027,1.1717716,0.019310973,227.447685,99.4713817,15.86222222,15.99331019,15.73039352,71.93819444,10.11907407,3.675,0.613865741,6.961273148,15.7962037,15.74131944,15.67509259,1009.626273,0.004032407,0.409930556,182.4303241,2.615141204,195.0060185,0.158148148,0.011284722,0.182314815,0,0,21.35208333,52.74444444,11.22569444,20.89444444,9.777634259,1.179106991,0.022712963,221.7655093,97.14708333,17.26907074,17.38973648,17.15048544,78.26213592,13.06477115,3.159500693,0.52778086,6.202080444,17.25381415,17.41636616,17.40124827,1007.800416,0.000693481,0,192.70319,2.762454924,211.5797503,0.323023578,0.023106796,0.379056865,0,0,23.16920943,55.47295423,13.71539528,23.15117892,10.1589043,1.167115534,0.022468793,225.3495146,98.72662968,703
36.9,0.46,1361,0.456,0.796,0.675,0.572,0.601,0.54,0.704,0.681,0.826,17.70236967,17.83751367,17.56646008,67.73022238,10.85267955,1.129784907,0.189125046,4.07218374,17.70014583,17.51421801,17.51195771,1009.123843,0,0,155.5803864,2.230273423,169.7528254,0.036456435,0.002592052,0.051039008,0,0,22.97557419,48.87823551,11.60393729,22.61356179,9.060689027,1.1717716,0.019310973,227.447685,99.4713817,15.86222222,15.99331019,15.73039352,71.93819444,10.11907407,3.675,0.613865741,6.961273148,15.7962037,15.74131944,15.67509259,1009.626273,0.004032407,0.409930556,182.4303241,2.615141204,195.0060185,0.158148148,0.011284722,0.182314815,0,0,21.35208333,52.74444444,11.22569444,20.89444444,9.777634259,1.179106991,0.022712963,221.7655093,97.14708333,17.26907074,17.38973648,17.15048544,78.26213592,13.06477115,3.159500693,0.52778086,6.202080444,17.25381415,17.41636616,17.40124827,1007.800416,0.000693481,0,192.70319,2.762454924,211.5797503,0.323023578,0.023106796,0.379056865,0,0,23.16920943,55.47295423,13.71539528,23.15117892,10.1589043,1.167115534,0.022468793,225.3495146,98.72662968,647
47.2,0.466671272,1304.867223,0.436,0.805,0.757,0.617,0.635,0.597,0.735,0.734,0.863,17.70236967,17.83751367,17.56646008,67.73022238,10.85267955,1.129784907,0.189125046,4.07218374,17.70014583,17.51421801,17.51195771,1009.123843,0,0,155.5803864,2.230273423,169.7528254,0.036456435,0.002592052,0.051039008,0,0,22.97557419,48.87823551,11.60393729,22.61356179,9.060689027,1.1717716,0.019310973,227.447685,99.4713817,15.86222222,15.99331019,15.73039352,71.93819444,10.11907407,3.675,0.613865741,6.961273148,15.7962037,15.74131944,15.67509259,1009.626273,0.004032407,0.409930556,182.4303241,2.615141204,195.0060185,0.158148148,0.011284722,0.182314815,0,0,21.35208333,52.74444444,11.22569444,20.89444444,9.777634259,1.179106991,0.022712963,221.7655093,97.14708333,17.26907074,17.38973648,17.15048544,78.26213592,13.06477115,3.159500693,0.52778086,6.202080444,17.25381415,17.41636616,17.40124827,1007.800416,0.000693481,0,192.70319,2.762454924,211.5797503,0.323023578,0.023106796,0.379056865,0,0,23.16920943,55.47295423,13.71539528,23.15117892,10.1589043,1.167115534,0.022468793,225.3495146,98.72662968,683
46.2,0.47,1096,0.363,0.774,0.645,0.594,0.607,0.489,0.686,0.669,0.823,17.70236967,17.83751367,17.56646008,67.73022238,10.85267955,1.129784907,0.189125046,4.07218374,17.70014583,17.51421801,17.51195771,1009.123843,0,0,155.5803864,2.230273423,169.7528254,0.036456435,0.002592052,0.051039008,0,0,22.97557419,48.87823551,11.60393729,22.61356179,9.060689027,1.1717716,0.019310973,227.447685,99.4713817,15.86222222,15.99331019,15.73039352,71.93819444,10.11907407,3.675,0.613865741,6.961273148,15.7962037,15.74131944,15.67509259,1009.626273,0.004032407,0.409930556,182.4303241,2.615141204,195.0060185,0.158148148,0.011284722,0.182314815,0,0,21.35208333,52.74444444,11.22569444,20.89444444,9.777634259,1.179106991,0.022712963,221.7655093,97.14708333,17.26907074,17.38973648,17.15048544,78.26213592,13.06477115,3.159500693,0.52778086,6.202080444,17.25381415,17.41636616,17.40124827,1007.800416,0.000693481,0,192.70319,2.762454924,211.5797503,0.323023578,0.023106796,0.379056865,0,0,23.16920943,55.47295423,13.71539528,23.15117892,10.1589043,1.167115534,0.022468793,225.3495146,98.72662968,536
42.6,0.466671272,1304.867223,0.376,0.744,0.637,0.619,0.726,0.612,0.703,0.717,0.868,17.70236967,17.83751367,17.56646008,67.73022238,10.85267955,1.129784907,0.189125046,4.07218374,17.70014583,17.51421801,17.51195771,1009.123843,0,0,155.5803864,2.230273423,169.7528254,0.036456435,0.002592052,0.051039008,0,0,22.97557419,48.87823551,11.60393729,22.61356179,9.060689027,1.1717716,0.019310973,227.447685,99.4713817,15.86222222,15.99331019,15.73039352,71.93819444,10.11907407,3.675,0.613865741,6.961273148,15.7962037,15.74131944,15.67509259,1009.626273,0.004032407,0.409930556,182.4303241,2.615141204,195.0060185,0.158148148,0.011284722,0.182314815,0,0,21.35208333,52.74444444,11.22569444,20.89444444,9.777634259,1.179106991,0.022712963,221.7655093,97.14708333,17.26907074,17.38973648,17.15048544,78.26213592,13.06477115,3.159500693,0.52778086,6.202080444,17.25381415,17.41636616,17.40124827,1007.800416,0.000693481,0,192.70319,2.762454924,211.5797503,0.323023578,0.023106796,0.379056865,0,0,23.16920943,55.47295423,13.71539528,23.15117892,10.1589043,1.167115534,0.022468793,225.3495146,98.72662968,658
47.7,0.466671272,1304.867223,0.413,0.804,0.74,0.607,0.626,0.565,0.716,0.725,0.848,17.70236967,17.83751367,17.56646008,67.73022238,10.85267955,1.129784907,0.189125046,4.07218374,17.70014583,17.51421801,17.51195771,1009.123843,0,0,155.5803864,2.230273423,169.7528254,0.036456435,0.002592052,0.051039008,0,0,22.97557419,48.87823551,11.60393729,22.61356179,9.060689027,1.1717716,0.019310973,227.447685,99.4713817,15.86222222,15.99331019,15.73039352,71.93819444,10.11907407,3.675,0.613865741,6.961273148,15.7962037,15.74131944,15.67509259,1009.626273,0.004032407,0.409930556,182.4303241,2.615141204,195.0060185,0.158148148,0.011284722,0.182314815,0,0,21.35208333,52.74444444,11.22569444,20.89444444,9.777634259,1.179106991,0.022712963,221.7655093,97.14708333,17.26907074,17.38973648,17.15048544,78.26213592,13.06477115,3.159500693,0.52778086,6.202080444,17.25381415,17.41636616,17.40124827,1007.800416,0.000693481,0,192.70319,2.762454924,211.5797503,0.323023578,0.023106796,0.379056865,0,0,23.16920943,55.47295423,13.71539528,23.15117892,10.1589043,1.167115534,0.022468793,225.3495146,98.72662968,689
44.4,0.466671272,1304.867223,0.431,0.778,0.705,0.625,0.689,0.531,0.72,0.731,0.859,17.70236967,17.83751367,17.56646008,67.73022238,10.85267955,1.129784907,0.189125046,4.07218374,17.70014583,17.51421801,17.51195771,1009.123843,0,0,155.5803864,2.230273423,169.7528254,0.036456435,0.002592052,0.051039008,0,0,22.97557419,48.87823551,11.60393729,22.61356179,9.060689027,1.1717716,0.019310973,227.447685,99.4713817,15.86222222,15.99331019,15.73039352,71.93819444,10.11907407,3.675,0.613865741,6.961273148,15.7962037,15.74131944,15.67509259,1009.626273,0.004032407,0.409930556,182.4303241,2.615141204,195.0060185,0.158148148,0.011284722,0.182314815,0,0,21.35208333,52.74444444,11.22569444,20.89444444,9.777634259,1.179106991,0.022712963,221.7655093,97.14708333,17.26907074,17.38973648,17.15048544,78.26213592,13.06477115,3.159500693,0.52778086,6.202080444,17.25381415,17.41636616,17.40124827,1007.800416,0.000693481,0,192.70319,2.762454924,211.5797503,0.323023578,0.023106796,0.379056865,0,0,23.16920943,55.47295423,13.71539528,23.15117892,10.1589043,1.167115534,0.022468793,225.3495146,98.72662968,611
43.9,0.466671272,1304.867223,0.335,0.81,0.702,0.598,0.629,0.523,0.719,0.734,0.861,17.70236967,17.83751367,17.56646008,67.73022238,10.85267955,1.129784907,0.189125046,4.07218374,17.70014583,17.51421801,17.51195771,1009.123843,0,0,155.5803864,2.230273423,169.7528254,0.036456435,0.002592052,0.051039008,0,0,22.97557419,48.87823551,11.60393729,22.61356179,9.060689027,1.1717716,0.019310973,227.447685,99.4713817,15.86222222,15.99331019,15.73039352,71.93819444,10.11907407,3.675,0.613865741,6.961273148,15.7962037,15.74131944,15.67509259,1009.626273,0.004032407,0.409930556,182.4303241,2.615141204,195.0060185,0.158148148,0.011284722,0.182314815,0,0,21.35208333,52.74444444,11.22569444,20.89444444,9.777634259,1.179106991,0.022712963,221.7655093,97.14708333,17.26907074,17.38973648,17.15048544,78.26213592,13.06477115,3.159500693,0.52778086,6.202080444,17.25381415,17.41636616,17.40124827,1007.800416,0.000693481,0,192.70319,2.762454924,211.5797503,0.323023578,0.023106796,0.379056865,0,0,23.16920943,55.47295423,13.71539528,23.15117892,10.1589043,1.167115534,0.022468793,225.3495146,98.72662968,707
42.7,0.466671272,1304.867223,0.255,0.691,0.664,0.603,0.568,0.465,0.708,0.728,0.861,17.70236967,17.83751367,17.56646008,67.73022238,10.85267955,1.129784907,0.189125046,4.07218374,17.70014583,17.51421801,17.51195771,1009.123843,0,0,155.5803864,2.230273423,169.7528254,0.036456435,0.002592052,0.051039008,0,0,22.97557419,48.87823551,11.60393729,22.61356179,9.060689027,1.1717716,0.019310973,227.447685,99.4713817,15.86222222,15.99331019,15.73039352,71.93819444,10.11907407,3.675,0.613865741,6.961273148,15.7962037,15.74131944,15.67509259,1009.626273,0.004032407,0.409930556,182.4303241,2.615141204,195.0060185,0.158148148,0.011284722,0.182314815,0,0,21.35208333,52.74444444,11.22569444,20.89444444,9.777634259,1.179106991,0.022712963,221.7655093,97.14708333,17.26907074,17.38973648,17.15048544,78.26213592,13.06477115,3.159500693,0.52778086,6.202080444,17.25381415,17.41636616,17.40124827,1007.800416,0.000693481,0,192.70319,2.762454924,211.5797503,0.323023578,0.023106796,0.379056865,0,0,23.16920943,55.47295423,13.71539528,23.15117892,10.1589043,1.167115534,0.022468793,225.3495146,98.72662968,651
41.9,0.466671272,1304.867223,0.385,0.76,0.75,0.651,0.66,0.55,0.714,0.728,0.856,17.70236967,17.83751367,17.56646008,67.73022238,10.85267955,1.129784907,0.189125046,4.07218374,17.70014583,17.51421801,17.51195771,1009.123843,0,0,155.5803864,2.230273423,169.7528254,0.036456435,0.002592052,0.051039008,0,0,22.97557419,48.87823551,11.60393729,22.61356179,9.060689027,1.1717716,0.019310973,227.447685,99.4713817,15.86222222,15.99331019,15.73039352,71.93819444,10.11907407,3.675,0.613865741,6.961273148,15.7962037,15.74131944,15.67509259,1009.626273,0.004032407,0.409930556,182.4303241,2.615141204,195.0060185,0.158148148,0.011284722,0.182314815,0,0,21.35208333,52.74444444,11.22569444,20.89444444,9.777634259,1.179106991,0.022712963,221.7655093,97.14708333,17.26907074,17.38973648,17.15048544,78.26213592,13.06477115,3.159500693,0.52778086,6.202080444,17.25381415,17.41636616,17.40124827,1007.800416,0.000693481,0,192.70319,2.762454924,211.5797503,0.323023578,0.023106796,0.379056865,0,0,23.16920943,55.47295423,13.71539528,23.15117892,10.1589043,1.167115534,0.022468793,225.3495146,98.72662968,711
47.1,0.46,1367,0.649,0.788,0.695,0.59,0.63,0.488,0.717,0.717,0.855,17.70236967,17.83751367,17.56646008,67.73022238,10.85267955,1.129784907,0.189125046,4.07218374,17.70014583,17.51421801,17.51195771,1009.123843,0,0,155.5803864,2.230273423,169.7528254,0.036456435,0.002592052,0.051039008,0,0,22.97557419,48.87823551,11.60393729,22.61356179,9.060689027,1.1717716,0.019310973,227.447685,99.4713817,15.86222222,15.99331019,15.73039352,71.93819444,10.11907407,3.675,0.613865741,6.961273148,15.7962037,15.74131944,15.67509259,1009.626273,0.004032407,0.409930556,182.4303241,2.615141204,195.0060185,0.158148148,0.011284722,0.182314815,0,0,21.35208333,52.74444444,11.22569444,20.89444444,9.777634259,1.179106991,0.022712963,221.7655093,97.14708333,17.26907074,17.38973648,17.15048544,78.26213592,13.06477115,3.159500693,0.52778086,6.202080444,17.25381415,17.41636616,17.40124827,1007.800416,0.000693481,0,192.70319,2.762454924,211.5797503,0.323023578,0.023106796,0.379056865,0,0,23.16920943,55.47295423,13.71539528,23.15117892,10.1589043,1.167115534,0.022468793,225.3495146,98.72662968,624
47.3,0.466671272,1304.867223,0.448,0.78,0.663,0.621,0.708,0.496,0.724,0.728,0.847,17.70236967,17.83751367,17.56646008,67.73022238,10.85267955,1.129784907,0.189125046,4.07218374,17.70014583,17.51421801,17.51195771,1009.123843,0,0,155.5803864,2.230273423,169.7528254,0.036456435,0.002592052,0.051039008,0,0,22.97557419,48.87823551,11.60393729,22.61356179,9.060689027,1.1717716,0.019310973,227.447685,99.4713817,15.86222222,15.99331019,15.73039352,71.93819444,10.11907407,3.675,0.613865741,6.961273148,15.7962037,15.74131944,15.67509259,1009.626273,0.004032407,0.409930556,182.4303241,2.615141204,195.0060185,0.158148148,0.011284722,0.182314815,0,0,21.35208333,52.74444444,11.22569444,20.89444444,9.777634259,1.179106991,0.022712963,221.7655093,97.14708333,17.26907074,17.38973648,17.15048544,78.26213592,13.06477115,3.159500693,0.52778086,6.202080444,17.25381415,17.41636616,17.40124827,1007.800416,0.000693481,0,192.70319,2.762454924,211.5797503,0.323023578,0.023106796,0.379056865,0,0,23.16920943,55.47295423,13.71539528,23.15117892,10.1589043,1.167115534,0.022468793,225.3495146,98.72662968,763
41.1,0.466671272,1304.867223,0.401,0.807,0.762,0.589,0.649,0.465,0.706,0.676,0.816,17.70236967,17.83751367,17.56646008,67.73022238,10.85267955,1.129784907,0.189125046,4.07218374,17.70014583,17.51421801,17.51195771,1009.123843,0,0,155.5803864,2.230273423,169.7528254,0.036456435,0.002592052,0.051039008,0,0,22.97557419,48.87823551,11.60393729,22.61356179,9.060689027,1.1717716,0.019310973,227.447685,99.4713817,15.86222222,15.99331019,15.73039352,71.93819444,10.11907407,3.675,0.613865741,6.961273148,15.7962037,15.74131944,15.67509259,1009.626273,0.004032407,0.409930556,182.4303241,2.615141204,195.0060185,0.158148148,0.011284722,0.182314815,0,0,21.35208333,52.74444444,11.22569444,20.89444444,9.777634259,1.179106991,0.022712963,221.7655093,97.14708333,17.26907074,17.38973648,17.15048544,78.26213592,13.06477115,3.159500693,0.52778086,6.202080444,17.25381415,17.41636616,17.40124827,1007.800416,0.000693481,0,192.70319,2.762454924,211.5797503,0.323023578,0.023106796,0.379056865,0,0,23.16920943,55.47295423,13.71539528,23.15117892,10.1589043,1.167115534,0.022468793,225.3495146,98.72662968,612
44.6,0.48,1241,0.388,0.765,0.666,0.635,0.65,0.524,0.696,0.698,0.839,17.70236967,17.83751367,17.56646008,67.73022238,10.85267955,1.129784907,0.189125046,4.07218374,17.70014583,17.51421801,17.51195771,1009.123843,0,0,155.5803864,2.230273423,169.7528254,0.036456435,0.002592052,0.051039008,0,0,22.97557419,48.87823551,11.60393729,22.61356179,9.060689027,1.1717716,0.019310973,227.447685,99.4713817,15.86222222,15.99331019,15.73039352,71.93819444,10.11907407,3.675,0.613865741,6.961273148,15.7962037,15.74131944,15.67509259,1009.626273,0.004032407,0.409930556,182.4303241,2.615141204,195.0060185,0.158148148,0.011284722,0.182314815,0,0,21.35208333,52.74444444,11.22569444,20.89444444,9.777634259,1.179106991,0.022712963,221.7655093,97.14708333,17.26907074,17.38973648,17.15048544,78.26213592,13.06477115,3.159500693,0.52778086,6.202080444,17.25381415,17.41636616,17.40124827,1007.800416,0.000693481,0,192.70319,2.762454924,211.5797503,0.323023578,0.023106796,0.379056865,0,0,23.16920943,55.47295423,13.71539528,23.15117892,10.1589043,1.167115534,0.022468793,225.3495146,98.72662968,592
29.7,0.49,969,0.336,0.618,0.673,0.545,0.601,0.488,0.701,0.71,0.857,17.70236967,17.83751367,17.56646008,67.73022238,10.85267955,1.129784907,0.189125046,4.07218374,17.70014583,17.51421801,17.51195771,1009.123843,0,0,155.5803864,2.230273423,169.7528254,0.036456435,0.002592052,0.051039008,0,0,22.97557419,48.87823551,11.60393729,22.61356179,9.060689027,1.1717716,0.019310973,227.447685,99.4713817,15.86222222,15.99331019,15.73039352,71.93819444,10.11907407,3.675,0.613865741,6.961273148,15.7962037,15.74131944,15.67509259,1009.626273,0.004032407,0.409930556,182.4303241,2.615141204,195.0060185,0.158148148,0.011284722,0.182314815,0,0,21.35208333,52.74444444,11.22569444,20.89444444,9.777634259,1.179106991,0.022712963,221.7655093,97.14708333,17.26907074,17.38973648,17.15048544,78.26213592,13.06477115,3.159500693,0.52778086,6.202080444,17.25381415,17.41636616,17.40124827,1007.800416,0.000693481,0,192.70319,2.762454924,211.5797503,0.323023578,0.023106796,0.379056865,0,0,23.16920943,55.47295423,13.71539528,23.15117892,10.1589043,1.167115534,0.022468793,225.3495146,98.72662968,468
43.1,0.46,1684,0.377,0.81,0.684,0.62,0.673,0.533,0.712,0.728,0.852,17.70236967,17.83751367,17.56646008,67.73022238,10.85267955,1.129784907,0.189125046,4.07218374,17.70014583,17.51421801,17.51195771,1009.123843,0,0,155.5803864,2.230273423,169.7528254,0.036456435,0.002592052,0.051039008,0,0,22.97557419,48.87823551,11.60393729,22.61356179,9.060689027,1.1717716,0.019310973,227.447685,99.4713817,15.86222222,15.99331019,15.73039352,71.93819444,10.11907407,3.675,0.613865741,6.961273148,15.7962037,15.74131944,15.67509259,1009.626273,0.004032407,0.409930556,182.4303241,2.615141204,195.0060185,0.158148148,0.011284722,0.182314815,0,0,21.35208333,52.74444444,11.22569444,20.89444444,9.777634259,1.179106991,0.022712963,221.7655093,97.14708333,17.26907074,17.38973648,17.15048544,78.26213592,13.06477115,3.159500693,0.52778086,6.202080444,17.25381415,17.41636616,17.40124827,1007.800416,0.000693481,0,192.70319,2.762454924,211.5797503,0.323023578,0.023106796,0.379056865,0,0,23.16920943,55.47295423,13.71539528,23.15117892,10.1589043,1.167115534,0.022468793,225.3495146,98.72662968,772
52.1,0.466671272,1304.867223,0.228,0.721,0.693,0.605,0.639,0.526,0.705,0.721,0.85,17.70236967,17.83751367,17.56646008,67.73022238,10.85267955,1.129784907,0.189125046,4.07218374,17.70014583,17.51421801,17.51195771,1009.123843,0,0,155.5803864,2.230273423,169.7528254,0.036456435,0.002592052,0.051039008,0,0,22.97557419,48.87823551,11.60393729,22.61356179,9.060689027,1.1717716,0.019310973,227.447685,99.4713817,15.86222222,15.99331019,15.73039352,71.93819444,10.11907407,3.675,0.613865741,6.961273148,15.7962037,15.74131944,15.67509259,1009.626273,0.004032407,0.409930556,182.4303241,2.615141204,195.0060185,0.158148148,0.011284722,0.182314815,0,0,21.35208333,52.74444444,11.22569444,20.89444444,9.777634259,1.179106991,0.022712963,221.7655093,97.14708333,17.26907074,17.38973648,17.15048544,78.26213592,13.06477115,3.159500693,0.52778086,6.202080444,17.25381415,17.41636616,17.40124827,1007.800416,0.000693481,0,192.70319,2.762454924,211.5797503,0.323023578,0.023106796,0.379056865,0,0,23.16920943,55.47295423,13.71539528,23.15117892,10.1589043,1.167115534,0.022468793,225.3495146,98.72662968,571
41.4,0.466671272,1304.867223,0.34,0.783,0.716,0.66,0.662,0.566,0.705,0.724,0.857,17.70236967,17.83751367,17.56646008,67.73022238,10.85267955,1.129784907,0.189125046,4.07218374,17.70014583,17.51421801,17.51195771,1009.123843,0,0,155.5803864,2.230273423,169.7528254,0.036456435,0.002592052,0.051039008,0,0,22.97557419,48.87823551,11.60393729,22.61356179,9.060689027,1.1717716,0.019310973,227.447685,99.4713817,15.86222222,15.99331019,15.73039352,71.93819444,10.11907407,3.675,0.613865741,6.961273148,15.7962037,15.74131944,15.67509259,1009.626273,0.004032407,0.409930556,182.4303241,2.615141204,195.0060185,0.158148148,0.011284722,0.182314815,0,0,21.35208333,52.74444444,11.22569444,20.89444444,9.777634259,1.179106991,0.022712963,221.7655093,97.14708333,17.26907074,17.38973648,17.15048544,78.26213592,13.06477115,3.159500693,0.52778086,6.202080444,17.25381415,17.41636616,17.40124827,1007.800416,0.000693481,0,192.70319,2.762454924,211.5797503,0.323023578,0.023106796,0.379056865,0,0,23.16920943,55.47295423,13.71539528,23.15117892,10.1589043,1.167115534,0.022468793,225.3495146,98.72662968,730
47.3,0.466671272,1304.867223,0.441,0.791,0.746,0.637,0.695,0.542,0.724,0.746,0.861,17.70236967,17.83751367,17.56646008,67.73022238,10.85267955,1.129784907,0.189125046,4.07218374,17.70014583,17.51421801,17.51195771,1009.123843,0,0,155.5803864,2.230273423,169.7528254,0.036456435,0.002592052,0.051039008,0,0,22.97557419,48.87823551,11.60393729,22.61356179,9.060689027,1.1717716,0.019310973,227.447685,99.4713817,15.86222222,15.99331019,15.73039352,71.93819444,10.11907407,3.675,0.613865741,6.961273148,15.7962037,15.74131944,15.67509259,1009.626273,0.004032407,0.409930556,182.4303241,2.615141204,195.0060185,0.158148148,0.011284722,0.182314815,0,0,21.35208333,52.74444444,11.22569444,20.89444444,9.777634259,1.179106991,0.022712963,221.7655093,97.14708333,17.26907074,17.38973648,17.15048544,78.26213592,13.06477115,3.159500693,0.52778086,6.202080444,17.25381415,17.41636616,17.40124827,1007.800416,0.000693481,0,192.70319,2.762454924,211.5797503,0.323023578,0.023106796,0.379056865,0,0,23.16920943,55.47295423,13.71539528,23.15117892,10.1589043,1.167115534,0.022468793,225.3495146,98.72662968,666
40.7,0.466671272,1304.867223,0.288058647,0.791,0.692,0.508,0.591,0.456,0.73,0.739,0.836,17.70236967,17.83751367,17.56646008,67.73022238,10.85267955,1.129784907,0.189125046,4.07218374,17.70014583,17.51421801,17.51195771,1009.123843,0,0,155.5803864,2.230273423,169.7528254,0.036456435,0.002592052,0.051039008,0,0,22.97557419,48.87823551,11.60393729,22.61356179,9.060689027,1.1717716,0.019310973,227.447685,99.4713817,15.86222222,15.99331019,15.73039352,71.93819444,10.11907407,3.675,0.613865741,6.961273148,15.7962037,15.74131944,15.67509259,1009.626273,0.004032407,0.409930556,182.4303241,2.615141204,195.0060185,0.158148148,0.011284722,0.182314815,0,0,21.35208333,52.74444444,11.22569444,20.89444444,9.777634259,1.179106991,0.022712963,221.7655093,97.14708333,17.26907074,17.38973648,17.15048544,78.26213592,13.06477115,3.159500693,0.52778086,6.202080444,17.25381415,17.41636616,17.40124827,1007.800416,0.000693481,0,192.70319,2.762454924,211.5797503,0.323023578,0.023106796,0.379056865,0,0,23.16920943,55.47295423,13.71539528,23.15117892,10.1589043,1.167115534,0.022468793,225.3495146,98.72662968,645
45,0.466671272,1304.867223,0.342,0.751,0.734,0.599,0.62,0.445,0.718,0.719,0.835,17.70236967,17.83751367,17.56646008,67.73022238,10.85267955,1.129784907,0.189125046,4.07218374,17.70014583,17.51421801,17.51195771,1009.123843,0,0,155.5803864,2.230273423,169.7528254,0.036456435,0.002592052,0.051039008,0,0,22.97557419,48.87823551,11.60393729,22.61356179,9.060689027,1.1717716,0.019310973,227.447685,99.4713817,15.86222222,15.99331019,15.73039352,71.93819444,10.11907407,3.675,0.613865741,6.961273148,15.7962037,15.74131944,15.67509259,1009.626273,0.004032407,0.409930556,182.4303241,2.615141204,195.0060185,0.158148148,0.011284722,0.182314815,0,0,21.35208333,52.74444444,11.22569444,20.89444444,9.777634259,1.179106991,0.022712963,221.7655093,97.14708333,17.26907074,17.38973648,17.15048544,78.26213592,13.06477115,3.159500693,0.52778086,6.202080444,17.25381415,17.41636616,17.40124827,1007.800416,0.000693481,0,192.70319,2.762454924,211.5797503,0.323023578,0.023106796,0.379056865,0,0,23.16920943,55.47295423,13.71539528,23.15117892,10.1589043,1.167115534,0.022468793,225.3495146,98.72662968,494
47.4,0.466671272,1304.867223,0.639,0.782,0.706,0.662,0.669,0.519,0.715,0.72,0.851,17.70236967,17.83751367,17.56646008,67.73022238,10.85267955,1.129784907,0.189125046,4.07218374,17.70014583,17.51421801,17.51195771,1009.123843,0,0,155.5803864,2.230273423,169.7528254,0.036456435,0.002592052,0.051039008,0,0,22.97557419,48.87823551,11.60393729,22.61356179,9.060689027,1.1717716,0.019310973,227.447685,99.4713817,15.86222222,15.99331019,15.73039352,71.93819444,10.11907407,3.675,0.613865741,6.961273148,15.7962037,15.74131944,15.67509259,1009.626273,0.004032407,0.409930556,182.4303241,2.615141204,195.0060185,0.158148148,0.011284722,0.182314815,0,0,21.35208333,52.74444444,11.22569444,20.89444444,9.777634259,1.179106991,0.022712963,221.7655093,97.14708333,17.26907074,17.38973648,17.15048544,78.26213592,13.06477115,3.159500693,0.52778086,6.202080444,17.25381415,17.41636616,17.40124827,1007.800416,0.000693481,0,192.70319,2.762454924,211.5797503,0.323023578,0.023106796,0.379056865,0,0,23.16920943,55.47295423,13.71539528,23.15117892,10.1589043,1.167115534,0.022468793,225.3495146,98.72662968,664
42.1,0.46,1506,0.41,0.768,0.736,0.648,0.68,0.563,0.719,0.724,0.845,17.70236967,17.83751367,17.56646008,67.73022238,10.85267955,1.129784907,0.189125046,4.07218374,17.70014583,17.51421801,17.51195771,1009.123843,0,0,155.5803864,2.230273423,169.7528254,0.036456435,0.002592052,0.051039008,0,0,22.97557419,48.87823551,11.60393729,22.61356179,9.060689027,1.1717716,0.019310973,227.447685,99.4713817,15.86222222,15.99331019,15.73039352,71.93819444,10.11907407,3.675,0.613865741,6.961273148,15.7962037,15.74131944,15.67509259,1009.626273,0.004032407,0.409930556,182.4303241,2.615141204,195.0060185,0.158148148,0.011284722,0.182314815,0,0,21.35208333,52.74444444,11.22569444,20.89444444,9.777634259,1.179106991,0.022712963,221.7655093,97.14708333,17.26907074,17.38973648,17.15048544,78.26213592,13.06477115,3.159500693,0.52778086,6.202080444,17.25381415,17.41636616,17.40124827,1007.800416,0.000693481,0,192.70319,2.762454924,211.5797503,0.323023578,0.023106796,0.379056865,0,0,23.16920943,55.47295423,13.71539528,23.15117892,10.1589043,1.167115534,0.022468793,225.3495146,98.72662968,720
50.6,0.49,1147,0.312,0.744,0.577,0.541,0.617,0.409,0.703,0.701,0.825,17.70236967,17.83751367,17.56646008,67.73022238,10.85267955,1.129784907,0.189125046,4.07218374,17.70014583,17.51421801,17.51195771,1009.123843,0,0,155.5803864,2.230273423,169.7528254,0.036456435,0.002592052,0.051039008,0,0,22.97557419,48.87823551,11.60393729,22.61356179,9.060689027,1.1717716,0.019310973,227.447685,99.4713817,15.86222222,15.99331019,15.73039352,71.93819444,10.11907407,3.675,0.613865741,6.961273148,15.7962037,15.74131944,15.67509259,1009.626273,0.004032407,0.409930556,182.4303241,2.615141204,195.0060185,0.158148148,0.011284722,0.182314815,0,0,21.35208333,52.74444444,11.22569444,20.89444444,9.777634259,1.179106991,0.022712963,221.7655093,97.14708333,17.26907074,17.38973648,17.15048544,78.26213592,13.06477115,3.159500693,0.52778086,6.202080444,17.25381415,17.41636616,17.40124827,1007.800416,0.000693481,0,192.70319,2.762454924,211.5797503,0.323023578,0.023106796,0.379056865,0,0,23.16920943,55.47295423,13.71539528,23.15117892,10.1589043,1.167115534,0.022468793,225.3495146,98.72662968,572
32.7,0.49,1128,0.137,0.773,0.572,0.586,0.66,0.525,0.722,0.736,0.858,17.70236967,17.83751367,17.56646008,67.73022238,10.85267955,1.129784907,0.189125046,4.07218374,17.70014583,17.51421801,17.51195771,1009.123843,0,0,155.5803864,2.230273423,169.7528254,0.036456435,0.002592052,0.051039008,0,0,22.97557419,48.87823551,11.60393729,22.61356179,9.060689027,1.1717716,0.019310973,227.447685,99.4713817,15.86222222,15.99331019,15.73039352,71.93819444,10.11907407,3.675,0.613865741,6.961273148,15.7962037,15.74131944,15.67509259,1009.626273,0.004032407,0.409930556,182.4303241,2.615141204,195.0060185,0.158148148,0.011284722,0.182314815,0,0,21.35208333,52.74444444,11.22569444,20.89444444,9.777634259,1.179106991,0.022712963,221.7655093,97.14708333,17.26907074,17.38973648,17.15048544,78.26213592,13.06477115,3.159500693,0.52778086,6.202080444,17.25381415,17.41636616,17.40124827,1007.800416,0.000693481,0,192.70319,2.762454924,211.5797503,0.323023578,0.023106796,0.379056865,0,0,23.16920943,55.47295423,13.71539528,23.15117892,10.1589043,1.167115534,0.022468793,225.3495146,98.72662968,565
49.3,0.466671272,1304.867223,0.364,0.795,0.718,0.677,0.693,0.544,0.734,0.749,0.87,17.70236967,17.83751367,17.56646008,67.73022238,10.85267955,1.129784907,0.189125046,4.07218374,17.70014583,17.51421801,17.51195771,1009.123843,0,0,155.5803864,2.230273423,169.7528254,0.036456435,0.002592052,0.051039008,0,0,22.97557419,48.87823551,11.60393729,22.61356179,9.060689027,1.1717716,0.019310973,227.447685,99.4713817,15.86222222,15.99331019,15.73039352,71.93819444,10.11907407,3.675,0.613865741,6.961273148,15.7962037,15.74131944,15.67509259,1009.626273,0.004032407,0.409930556,182.4303241,2.615141204,195.0060185,0.158148148,0.011284722,0.182314815,0,0,21.35208333,52.74444444,11.22569444,20.89444444,9.777634259,1.179106991,0.022712963,221.7655093,97.14708333,17.26907074,17.38973648,17.15048544,78.26213592,13.06477115,3.159500693,0.52778086,6.202080444,17.25381415,17.41636616,17.40124827,1007.800416,0.000693481,0,192.70319,2.762454924,211.5797503,0.323023578,0.023106796,0.379056865,0,0,23.16920943,55.47295423,13.71539528,23.15117892,10.1589043,1.167115534,0.022468793,225.3495146,98.72662968,710
43.1,0.466671272,1304.867223,0.35,0.829,0.75,0.649,0.717,0.579,0.729,0.744,0.872,17.70236967,17.83751367,17.56646008,67.73022238,10.85267955,1.129784907,0.189125046,4.07218374,17.70014583,17.51421801,17.51195771,1009.123843,0,0,155.5803864,2.230273423,169.7528254,0.036456435,0.002592052,0.051039008,0,0,22.97557419,48.87823551,11.60393729,22.61356179,9.060689027,1.1717716,0.019310973,227.447685,99.4713817,15.86222222,15.99331019,15.73039352,71.93819444,10.11907407,3.675,0.613865741,6.961273148,15.7962037,15.74131944,15.67509259,1009.626273,0.004032407,0.409930556,182.4303241,2.615141204,195.0060185,0.158148148,0.011284722,0.182314815,0,0,21.35208333,52.74444444,11.22569444,20.89444444,9.777634259,1.179106991,0.022712963,221.7655093,97.14708333,17.26907074,17.38973648,17.15048544,78.26213592,13.06477115,3.159500693,0.52778086,6.202080444,17.25381415,17.41636616,17.40124827,1007.800416,0.000693481,0,192.70319,2.762454924,211.5797503,0.323023578,0.023106796,0.379056865,0,0,23.16920943,55.47295423,13.71539528,23.15117892,10.1589043,1.167115534,0.022468793,225.3495146,98.72662968,747
43.1,0.466671272,1304.867223,0.525,0.802,0.729,0.663,0.643,0.516,0.732,0.743,0.857,17.70236967,17.83751367,17.56646008,67.73022238,10.85267955,1.129784907,0.189125046,4.07218374,17.70014583,17.51421801,17.51195771,1009.123843,0,0,155.5803864,2.230273423,169.7528254,0.036456435,0.002592052,0.051039008,0,0,22.97557419,48.87823551,11.60393729,22.61356179,9.060689027,1.1717716,0.019310973,227.447685,99.4713817,15.86222222,15.99331019,15.73039352,71.93819444,10.11907407,3.675,0.613865741,6.961273148,15.7962037,15.74131944,15.67509259,1009.626273,0.004032407,0.409930556,182.4303241,2.615141204,195.0060185,0.158148148,0.011284722,0.182314815,0,0,21.35208333,52.74444444,11.22569444,20.89444444,9.777634259,1.179106991,0.022712963,221.7655093,97.14708333,17.26907074,17.38973648,17.15048544,78.26213592,13.06477115,3.159500693,0.52778086,6.202080444,17.25381415,17.41636616,17.40124827,1007.800416,0.000693481,0,192.70319,2.762454924,211.5797503,0.323023578,0.023106796,0.379056865,0,0,23.16920943,55.47295423,13.71539528,23.15117892,10.1589043,1.167115534,0.022468793,225.3495146,98.72662968,686
45.5,0.466671272,1304.867223,0.617,0.788,0.708,0.617,0.624,0.424,0.719,0.728,0.84,17.70236967,17.83751367,17.56646008,67.73022238,10.85267955,1.129784907,0.189125046,4.07218374,17.70014583,17.51421801,17.51195771,1009.123843,0,0,155.5803864,2.230273423,169.7528254,0.036456435,0.002592052,0.051039008,0,0,22.97557419,48.87823551,11.60393729,22.61356179,9.060689027,1.1717716,0.019310973,227.447685,99.4713817,15.86222222,15.99331019,15.73039352,71.93819444,10.11907407,3.675,0.613865741,6.961273148,15.7962037,15.74131944,15.67509259,1009.626273,0.004032407,0.409930556,182.4303241,2.615141204,195.0060185,0.158148148,0.011284722,0.182314815,0,0,21.35208333,52.74444444,11.22569444,20.89444444,9.777634259,1.179106991,0.022712963,221.7655093,97.14708333,17.26907074,17.38973648,17.15048544,78.26213592,13.06477115,3.159500693,0.52778086,6.202080444,17.25381415,17.41636616,17.40124827,1007.800416,0.000693481,0,192.70319,2.762454924,211.5797503,0.323023578,0.023106796,0.379056865,0,0,23.16920943,55.47295423,13.71539528,23.15117892,10.1589043,1.167115534,0.022468793,225.3495146,98.72662968,729
47,0.46,1326,0.56,0.779,0.641,0.58,0.638,0.502,0.701,0.716,0.847,17.70236967,17.83751367,17.56646008,67.73022238,10.85267955,1.129784907,0.189125046,4.07218374,17.70014583,17.51421801,17.51195771,1009.123843,0,0,155.5803864,2.230273423,169.7528254,0.036456435,0.002592052,0.051039008,0,0,22.97557419,48.87823551,11.60393729,22.61356179,9.060689027,1.1717716,0.019310973,227.447685,99.4713817,15.86222222,15.99331019,15.73039352,71.93819444,10.11907407,3.675,0.613865741,6.961273148,15.7962037,15.74131944,15.67509259,1009.626273,0.004032407,0.409930556,182.4303241,2.615141204,195.0060185,0.158148148,0.011284722,0.182314815,0,0,21.35208333,52.74444444,11.22569444,20.89444444,9.777634259,1.179106991,0.022712963,221.7655093,97.14708333,17.26907074,17.38973648,17.15048544,78.26213592,13.06477115,3.159500693,0.52778086,6.202080444,17.25381415,17.41636616,17.40124827,1007.800416,0.000693481,0,192.70319,2.762454924,211.5797503,0.323023578,0.023106796,0.379056865,0,0,23.16920943,55.47295423,13.71539528,23.15117892,10.1589043,1.167115534,0.022468793,225.3495146,98.72662968,614
42.3,0.37,1224,0.453,0.757,0.75,0.749,0.786,0.561,0.734,0.723,0.848,17.70236967,17.83751367,17.56646008,67.73022238,10.85267955,1.129784907,0.189125046,4.07218374,17.70014583,17.51421801,17.51195771,1009.123843,0,0,155.5803864,2.230273423,169.7528254,0.036456435,0.002592052,0.051039008,0,0,22.97557419,48.87823551,11.60393729,22.61356179,9.060689027,1.1717716,0.019310973,227.447685,99.4713817,15.86222222,15.99331019,15.73039352,71.93819444,10.11907407,3.675,0.613865741,6.961273148,15.7962037,15.74131944,15.67509259,1009.626273,0.004032407,0.409930556,182.4303241,2.615141204,195.0060185,0.158148148,0.011284722,0.182314815,0,0,21.35208333,52.74444444,11.22569444,20.89444444,9.777634259,1.179106991,0.022712963,221.7655093,97.14708333,17.26907074,17.38973648,17.15048544,78.26213592,13.06477115,3.159500693,0.52778086,6.202080444,17.25381415,17.41636616,17.40124827,1007.800416,0.000693481,0,192.70319,2.762454924,211.5797503,0.323023578,0.023106796,0.379056865,0,0,23.16920943,55.47295423,13.71539528,23.15117892,10.1589043,1.167115534,0.022468793,225.3495146,98.72662968,454
29.4,0.45,1232,0.308,0.785,0.69,0.584,0.648,0.466,0.729,0.713,0.862,17.70236967,17.83751367,17.56646008,67.73022238,10.85267955,1.129784907,0.189125046,4.07218374,17.70014583,17.51421801,17.51195771,1009.123843,0,0,155.5803864,2.230273423,169.7528254,0.036456435,0.002592052,0.051039008,0,0,22.97557419,48.87823551,11.60393729,22.61356179,9.060689027,1.1717716,0.019310973,227.447685,99.4713817,15.86222222,15.99331019,15.73039352,71.93819444,10.11907407,3.675,0.613865741,6.961273148,15.7962037,15.74131944,15.67509259,1009.626273,0.004032407,0.409930556,182.4303241,2.615141204,195.0060185,0.158148148,0.011284722,0.182314815,0,0,21.35208333,52.74444444,11.22569444,20.89444444,9.777634259,1.179106991,0.022712963,221.7655093,97.14708333,17.26907074,17.38973648,17.15048544,78.26213592,13.06477115,3.159500693,0.52778086,6.202080444,17.25381415,17.41636616,17.40124827,1007.800416,0.000693481,0,192.70319,2.762454924,211.5797503,0.323023578,0.023106796,0.379056865,0,0,23.16920943,55.47295423,13.71539528,23.15117892,10.1589043,1.167115534,0.022468793,225.3495146,98.72662968,542
32.9,0.37,943,0.603,0.778,0.665,0.665,0.592,0.369,0.729,0.728,0.872,17.70236967,17.83751367,17.56646008,67.73022238,10.85267955,1.129784907,0.189125046,4.07218374,17.70014583,17.51421801,17.51195771,1009.123843,0,0,155.5803864,2.230273423,169.7528254,0.036456435,0.002592052,0.051039008,0,0,22.97557419,48.87823551,11.60393729,22.61356179,9.060689027,1.1717716,0.019310973,227.447685,99.4713817,15.86222222,15.99331019,15.73039352,71.93819444,10.11907407,3.675,0.613865741,6.961273148,15.7962037,15.74131944,15.67509259,1009.626273,0.004032407,0.409930556,182.4303241,2.615141204,195.0060185,0.158148148,0.011284722,0.182314815,0,0,21.35208333,52.74444444,11.22569444,20.89444444,9.777634259,1.179106991,0.022712963,221.7655093,97.14708333,17.26907074,17.38973648,17.15048544,78.26213592,13.06477115,3.159500693,0.52778086,6.202080444,17.25381415,17.41636616,17.40124827,1007.800416,0.000693481,0,192.70319,2.762454924,211.5797503,0.323023578,0.023106796,0.379056865,0,0,23.16920943,55.47295423,13.71539528,23.15117892,10.1589043,1.167115534,0.022468793,225.3495146,98.72662968,360
39.3,0.46,1352,0.372,0.741,0.637,0.605,0.678,0.518,0.72,0.717,0.857,17.70236967,17.83751367,17.56646008,67.73022238,10.85267955,1.129784907,0.189125046,4.07218374,17.70014583,17.51421801,17.51195771,1009.123843,0,0,155.5803864,2.230273423,169.7528254,0.036456435,0.002592052,0.051039008,0,0,22.97557419,48.87823551,11.60393729,22.61356179,9.060689027,1.1717716,0.019310973,227.447685,99.4713817,15.86222222,15.99331019,15.73039352,71.93819444,10.11907407,3.675,0.613865741,6.961273148,15.7962037,15.74131944,15.67509259,1009.626273,0.004032407,0.409930556,182.4303241,2.615141204,195.0060185,0.158148148,0.011284722,0.182314815,0,0,21.35208333,52.74444444,11.22569444,20.89444444,9.777634259,1.179106991,0.022712963,221.7655093,97.14708333,17.26907074,17.38973648,17.15048544,78.26213592,13.06477115,3.159500693,0.52778086,6.202080444,17.25381415,17.41636616,17.40124827,1007.800416,0.000693481,0,192.70319,2.762454924,211.5797503,0.323023578,0.023106796,0.379056865,0,0,23.16920943,55.47295423,13.71539528,23.15117892,10.1589043,1.167115534,0.022468793,225.3495146,98.72662968,617
45.1,0.52,1302,0.391,0.692,0.669,0.619,0.607,0.515,0.72,0.743,0.872,17.70236967,17.83751367,17.56646008,67.73022238,10.85267955,1.129784907,0.189125046,4.07218374,17.70014583,17.51421801,17.51195771,1009.123843,0,0,155.5803864,2.230273423,169.7528254,0.036456435,0.002592052,0.051039008,0,0,22.97557419,48.87823551,11.60393729,22.61356179,9.060689027,1.1717716,0.019310973,227.447685,99.4713817,15.86222222,15.99331019,15.73039352,71.93819444,10.11907407,3.675,0.613865741,6.961273148,15.7962037,15.74131944,15.67509259,1009.626273,0.004032407,0.409930556,182.4303241,2.615141204,195.0060185,0.158148148,0.011284722,0.182314815,0,0,21.35208333,52.74444444,11.22569444,20.89444444,9.777634259,1.179106991,0.022712963,221.7655093,97.14708333,17.26907074,17.38973648,17.15048544,78.26213592,13.06477115,3.159500693,0.52778086,6.202080444,17.25381415,17.41636616,17.40124827,1007.800416,0.000693481,0,192.70319,2.762454924,211.5797503,0.323023578,0.023106796,0.379056865,0,0,23.16920943,55.47295423,13.71539528,23.15117892,10.1589043,1.167115534,0.022468793,225.3495146,98.72662968,684
32.6,0.466671272,1304.867223,0.288058647,0.806,0.618,0.655,0.673,0.511,0.729,0.726,0.865,17.70236967,17.83751367,17.56646008,67.73022238,10.85267955,1.129784907,0.189125046,4.07218374,17.70014583,17.51421801,17.51195771,1009.123843,0,0,155.5803864,2.230273423,169.7528254,0.036456435,0.002592052,0.051039008,0,0,22.97557419,48.87823551,11.60393729,22.61356179,9.060689027,1.1717716,0.019310973,227.447685,99.4713817,15.86222222,15.99331019,15.73039352,71.93819444,10.11907407,3.675,0.613865741,6.961273148,15.7962037,15.74131944,15.67509259,1009.626273,0.004032407,0.409930556,182.4303241,2.615141204,195.0060185,0.158148148,0.011284722,0.182314815,0,0,21.35208333,52.74444444,11.22569444,20.89444444,9.777634259,1.179106991,0.022712963,221.7655093,97.14708333,17.26907074,17.38973648,17.15048544,78.26213592,13.06477115,3.159500693,0.52778086,6.202080444,17.25381415,17.41636616,17.40124827,1007.800416,0.000693481,0,192.70319,2.762454924,211.5797503,0.323023578,0.023106796,0.379056865,0,0,23.16920943,55.47295423,13.71539528,23.15117892,10.1589043,1.167115534,0.022468793,225.3495146,98.72662968,422
42.9,0.45,1590,0.514,0.793,0.655,0.55,0.605,0.48,0.723,0.718,0.84,17.70236967,17.83751367,17.56646008,67.73022238,10.85267955,1.129784907,0.189125046,4.07218374,17.70014583,17.51421801,17.51195771,1009.123843,0,0,155.5803864,2.230273423,169.7528254,0.036456435,0.002592052,0.051039008,0,0,22.97557419,48.87823551,11.60393729,22.61356179,9.060689027,1.1717716,0.019310973,227.447685,99.4713817,15.86222222,15.99331019,15.73039352,71.93819444,10.11907407,3.675,0.613865741,6.961273148,15.7962037,15.74131944,15.67509259,1009.626273,0.004032407,0.409930556,182.4303241,2.615141204,195.0060185,0.158148148,0.011284722,0.182314815,0,0,21.35208333,52.74444444,11.22569444,20.89444444,9.777634259,1.179106991,0.022712963,221.7655093,97.14708333,17.26907074,17.38973648,17.15048544,78.26213592,13.06477115,3.159500693,0.52778086,6.202080444,17.25381415,17.41636616,17.40124827,1007.800416,0.000693481,0,192.70319,2.762454924,211.5797503,0.323023578,0.023106796,0.379056865,0,0,23.16920943,55.47295423,13.71539528,23.15117892,10.1589043,1.167115534,0.022468793,225.3495146,98.72662968,702
41.2,0.466671272,1304.867223,0.365,0.727,0.589,0.554,0.656,0.501,0.719,0.738,0.866,17.70236967,17.83751367,17.56646008,67.73022238,10.85267955,1.129784907,0.189125046,4.07218374,17.70014583,17.51421801,17.51195771,1009.123843,0,0,155.5803864,2.230273423,169.7528254,0.036456435,0.002592052,0.051039008,0,0,22.97557419,48.87823551,11.60393729,22.61356179,9.060689027,1.1717716,0.019310973,227.447685,99.4713817,15.86222222,15.99331019,15.73039352,71.93819444,10.11907407,3.675,0.613865741,6.961273148,15.7962037,15.74131944,15.67509259,1009.626273,0.004032407,0.409930556,182.4303241,2.615141204,195.0060185,0.158148148,0.011284722,0.182314815,0,0,21.35208333,52.74444444,11.22569444,20.89444444,9.777634259,1.179106991,0.022712963,221.7655093,97.14708333,17.26907074,17.38973648,17.15048544,78.26213592,13.06477115,3.159500693,0.52778086,6.202080444,17.25381415,17.41636616,17.40124827,1007.800416,0.000693481,0,192.70319,2.762454924,211.5797503,0.323023578,0.023106796,0.379056865,0,0,23.16920943,55.47295423,13.71539528,23.15117892,10.1589043,1.167115534,0.022468793,225.3495146,98.72662968,652
46.4,0.466671272,1304.867223,0.288058647,0.819,0.641,0.583,0.668,0.482,0.714,0.723,0.855,17.70236967,17.83751367,17.56646008,67.73022238,10.85267955,1.129784907,0.189125046,4.07218374,17.70014583,17.51421801,17.51195771,1009.123843,0,0,155.5803864,2.230273423,169.7528254,0.036456435,0.002592052,0.051039008,0,0,22.97557419,48.87823551,11.60393729,22.61356179,9.060689027,1.1717716,0.019310973,227.447685,99.4713817,15.86222222,15.99331019,15.73039352,71.93819444,10.11907407,3.675,0.613865741,6.961273148,15.7962037,15.74131944,15.67509259,1009.626273,0.004032407,0.409930556,182.4303241,2.615141204,195.0060185,0.158148148,0.011284722,0.182314815,0,0,21.35208333,52.74444444,11.22569444,20.89444444,9.777634259,1.179106991,0.022712963,221.7655093,97.14708333,17.26907074,17.38973648,17.15048544,78.26213592,13.06477115,3.159500693,0.52778086,6.202080444,17.25381415,17.41636616,17.40124827,1007.800416,0.000693481,0,192.70319,2.762454924,211.5797503,0.323023578,0.023106796,0.379056865,0,0,23.16920943,55.47295423,13.71539528,23.15117892,10.1589043,1.167115534,0.022468793,225.3495146,98.72662968,672
41.6,0.466671272,1304.867223,0.356,0.8,0.685,0.599,0.678,0.488,0.698,0.701,0.821,17.70236967,17.83751367,17.56646008,67.73022238,10.85267955,1.129784907,0.189125046,4.07218374,17.70014583,17.51421801,17.51195771,1009.123843,0,0,155.5803864,2.230273423,169.7528254,0.036456435,0.002592052,0.051039008,0,0,22.97557419,48.87823551,11.60393729,22.61356179,9.060689027,1.1717716,0.019310973,227.447685,99.4713817,15.86222222,15.99331019,15.73039352,71.93819444,10.11907407,3.675,0.613865741,6.961273148,15.7962037,15.74131944,15.67509259,1009.626273,0.004032407,0.409930556,182.4303241,2.615141204,195.0060185,0.158148148,0.011284722,0.182314815,0,0,21.35208333,52.74444444,11.22569444,20.89444444,9.777634259,1.179106991,0.022712963,221.7655093,97.14708333,17.26907074,17.38973648,17.15048544,78.26213592,13.06477115,3.159500693,0.52778086,6.202080444,17.25381415,17.41636616,17.40124827,1007.800416,0.000693481,0,192.70319,2.762454924,211.5797503,0.323023578,0.023106796,0.379056865,0,0,23.16920943,55.47295423,13.71539528,23.15117892,10.1589043,1.167115534,0.022468793,225.3495146,98.72662968,669
27,0.47,1222,0.295,0.771,0.579,0.614,0.632,0.566,0.732,0.752,0.874,17.70236967,17.83751367,17.56646008,67.73022238,10.85267955,1.129784907,0.189125046,4.07218374,17.70014583,17.51421801,17.51195771,1009.123843,0,0,155.5803864,2.230273423,169.7528254,0.036456435,0.002592052,0.051039008,0,0,22.97557419,48.87823551,11.60393729,22.61356179,9.060689027,1.1717716,0.019310973,227.447685,99.4713817,15.86222222,15.99331019,15.73039352,71.93819444,10.11907407,3.675,0.613865741,6.961273148,15.7962037,15.74131944,15.67509259,1009.626273,0.004032407,0.409930556,182.4303241,2.615141204,195.0060185,0.158148148,0.011284722,0.182314815,0,0,21.35208333,52.74444444,11.22569444,20.89444444,9.777634259,1.179106991,0.022712963,221.7655093,97.14708333,17.26907074,17.38973648,17.15048544,78.26213592,13.06477115,3.159500693,0.52778086,6.202080444,17.25381415,17.41636616,17.40124827,1007.800416,0.000693481,0,192.70319,2.762454924,211.5797503,0.323023578,0.023106796,0.379056865,0,0,23.16920943,55.47295423,13.71539528,23.15117892,10.1589043,1.167115534,0.022468793,225.3495146,98.72662968,569
29.4,0.37,1213,0.4,0.755,0.747,0.69,0.716,0.641,0.732,0.754,0.886,17.70236967,17.83751367,17.56646008,67.73022238,10.85267955,1.129784907,0.189125046,4.07218374,17.70014583,17.51421801,17.51195771,1009.123843,0,0,155.5803864,2.230273423,169.7528254,0.036456435,0.002592052,0.051039008,0,0,22.97557419,48.87823551,11.60393729,22.61356179,9.060689027,1.1717716,0.019310973,227.447685,99.4713817,15.86222222,15.99331019,15.73039352,71.93819444,10.11907407,3.675,0.613865741,6.961273148,15.7962037,15.74131944,15.67509259,1009.626273,0.004032407,0.409930556,182.4303241,2.615141204,195.0060185,0.158148148,0.011284722,0.182314815,0,0,21.35208333,52.74444444,11.22569444,20.89444444,9.777634259,1.179106991,0.022712963,221.7655093,97.14708333,17.26907074,17.38973648,17.15048544,78.26213592,13.06477115,3.159500693,0.52778086,6.202080444,17.25381415,17.41636616,17.40124827,1007.800416,0.000693481,0,192.70319,2.762454924,211.5797503,0.323023578,0.023106796,0.379056865,0,0,23.16920943,55.47295423,13.71539528,23.15117892,10.1589043,1.167115534,0.022468793,225.3495146,98.72662968,453
32.5,0.45,1082,0.583,0.667,0.669,0.617,0.64,0.554,0.718,0.749,0.877,17.70236967,17.83751367,17.56646008,67.73022238,10.85267955,1.129784907,0.189125046,4.07218374,17.70014583,17.51421801,17.51195771,1009.123843,0,0,155.5803864,2.230273423,169.7528254,0.036456435,0.002592052,0.051039008,0,0,22.97557419,48.87823551,11.60393729,22.61356179,9.060689027,1.1717716,0.019310973,227.447685,99.4713817,15.86222222,15.99331019,15.73039352,71.93819444,10.11907407,3.675,0.613865741,6.961273148,15.7962037,15.74131944,15.67509259,1009.626273,0.004032407,0.409930556,182.4303241,2.615141204,195.0060185,0.158148148,0.011284722,0.182314815,0,0,21.35208333,52.74444444,11.22569444,20.89444444,9.777634259,1.179106991,0.022712963,221.7655093,97.14708333,17.26907074,17.38973648,17.15048544,78.26213592,13.06477115,3.159500693,0.52778086,6.202080444,17.25381415,17.41636616,17.40124827,1007.800416,0.000693481,0,192.70319,2.762454924,211.5797503,0.323023578,0.023106796,0.379056865,0,0,23.16920943,55.47295423,13.71539528,23.15117892,10.1589043,1.167115534,0.022468793,225.3495146,98.72662968,491
45.4,0.466671272,1304.867223,0.214,0.806,0.687,0.663,0.683,0.558,0.723,0.742,0.87,17.70236967,17.83751367,17.56646008,67.73022238,10.85267955,1.129784907,0.189125046,4.07218374,17.70014583,17.51421801,17.51195771,1009.123843,0,0,155.5803864,2.230273423,169.7528254,0.036456435,0.002592052,0.051039008,0,0,22.97557419,48.87823551,11.60393729,22.61356179,9.060689027,1.1717716,0.019310973,227.447685,99.4713817,15.86222222,15.99331019,15.73039352,71.93819444,10.11907407,3.675,0.613865741,6.961273148,15.7962037,15.74131944,15.67509259,1009.626273,0.004032407,0.409930556,182.4303241,2.615141204,195.0060185,0.158148148,0.011284722,0.182314815,0,0,21.35208333,52.74444444,11.22569444,20.89444444,9.777634259,1.179106991,0.022712963,221.7655093,97.14708333,17.26907074,17.38973648,17.15048544,78.26213592,13.06477115,3.159500693,0.52778086,6.202080444,17.25381415,17.41636616,17.40124827,1007.800416,0.000693481,0,192.70319,2.762454924,211.5797503,0.323023578,0.023106796,0.379056865,0,0,23.16920943,55.47295423,13.71539528,23.15117892,10.1589043,1.167115534,0.022468793,225.3495146,98.72662968,719
43.4,0.466671272,1304.867223,0.564,0.792,0.683,0.659,0.718,0.586,0.725,0.744,0.872,17.70236967,17.83751367,17.56646008,67.73022238,10.85267955,1.129784907,0.189125046,4.07218374,17.70014583,17.51421801,17.51195771,1009.123843,0,0,155.5803864,2.230273423,169.7528254,0.036456435,0.002592052,0.051039008,0,0,22.97557419,48.87823551,11.60393729,22.61356179,9.060689027,1.1717716,0.019310973,227.447685,99.4713817,15.86222222,15.99331019,15.73039352,71.93819444,10.11907407,3.675,0.613865741,6.961273148,15.7962037,15.74131944,15.67509259,1009.626273,0.004032407,0.409930556,182.4303241,2.615141204,195.0060185,0.158148148,0.011284722,0.182314815,0,0,21.35208333,52.74444444,11.22569444,20.89444444,9.777634259,1.179106991,0.022712963,221.7655093,97.14708333,17.26907074,17.38973648,17.15048544,78.26213592,13.06477115,3.159500693,0.52778086,6.202080444,17.25381415,17.41636616,17.40124827,1007.800416,0.000693481,0,192.70319,2.762454924,211.5797503,0.323023578,0.023106796,0.379056865,0,0,23.16920943,55.47295423,13.71539528,23.15117892,10.1589043,1.167115534,0.022468793,225.3495146,98.72662968,714
40.7,0.5,1180,0.325,0.684,0.607,0.487,0.62,0.483,0.705,0.722,0.855,17.70236967,17.83751367,17.56646008,67.73022238,10.85267955,1.129784907,0.189125046,4.07218374,17.70014583,17.51421801,17.51195771,1009.123843,0,0,155.5803864,2.230273423,169.7528254,0.036456435,0.002592052,0.051039008,0,0,22.97557419,48.87823551,11.60393729,22.61356179,9.060689027,1.1717716,0.019310973,227.447685,99.4713817,15.86222222,15.99331019,15.73039352,71.93819444,10.11907407,3.675,0.613865741,6.961273148,15.7962037,15.74131944,15.67509259,1009.626273,0.004032407,0.409930556,182.4303241,2.615141204,195.0060185,0.158148148,0.011284722,0.182314815,0,0,21.35208333,52.74444444,11.22569444,20.89444444,9.777634259,1.179106991,0.022712963,221.7655093,97.14708333,17.26907074,17.38973648,17.15048544,78.26213592,13.06477115,3.159500693,0.52778086,6.202080444,17.25381415,17.41636616,17.40124827,1007.800416,0.000693481,0,192.70319,2.762454924,211.5797503,0.323023578,0.023106796,0.379056865,0,0,23.16920943,55.47295423,13.71539528,23.15117892,10.1589043,1.167115534,0.022468793,225.3495146,98.72662968,599
44.7,0.466671272,1304.867223,0.36,0.809,0.644,0.613,0.704,0.57,0.721,0.739,0.865,17.70236967,17.83751367,17.56646008,67.73022238,10.85267955,1.129784907,0.189125046,4.07218374,17.70014583,17.51421801,17.51195771,1009.123843,0,0,155.5803864,2.230273423,169.7528254,0.036456435,0.002592052,0.051039008,0,0,22.97557419,48.87823551,11.60393729,22.61356179,9.060689027,1.1717716,0.019310973,227.447685,99.4713817,15.86222222,15.99331019,15.73039352,71.93819444,10.11907407,3.675,0.613865741,6.961273148,15.7962037,15.74131944,15.67509259,1009.626273,0.004032407,0.409930556,182.4303241,2.615141204,195.0060185,0.158148148,0.011284722,0.182314815,0,0,21.35208333,52.74444444,11.22569444,20.89444444,9.777634259,1.179106991,0.022712963,221.7655093,97.14708333,17.26907074,17.38973648,17.15048544,78.26213592,13.06477115,3.159500693,0.52778086,6.202080444,17.25381415,17.41636616,17.40124827,1007.800416,0.000693481,0,192.70319,2.762454924,211.5797503,0.323023578,0.023106796,0.379056865,0,0,23.16920943,55.47295423,13.71539528,23.15117892,10.1589043,1.167115534,0.022468793,225.3495146,98.72662968,714
30.7,0.48,1230,0.45,0.765,0.652,0.658,0.696,0.562,0.738,0.764,0.888,17.70236967,17.83751367,17.56646008,67.73022238,10.85267955,1.129784907,0.189125046,4.07218374,17.70014583,17.51421801,17.51195771,1009.123843,0,0,155.5803864,2.230273423,169.7528254,0.036456435,0.002592052,0.051039008,0,0,22.97557419,48.87823551,11.60393729,22.61356179,9.060689027,1.1717716,0.019310973,227.447685,99.4713817,15.86222222,15.99331019,15.73039352,71.93819444,10.11907407,3.675,0.613865741,6.961273148,15.7962037,15.74131944,15.67509259,1009.626273,0.004032407,0.409930556,182.4303241,2.615141204,195.0060185,0.158148148,0.011284722,0.182314815,0,0,21.35208333,52.74444444,11.22569444,20.89444444,9.777634259,1.179106991,0.022712963,221.7655093,97.14708333,17.26907074,17.38973648,17.15048544,78.26213592,13.06477115,3.159500693,0.52778086,6.202080444,17.25381415,17.41636616,17.40124827,1007.800416,0.000693481,0,192.70319,2.762454924,211.5797503,0.323023578,0.023106796,0.379056865,0,0,23.16920943,55.47295423,13.71539528,23.15117892,10.1589043,1.167115534,0.022468793,225.3495146,98.72662968,586
34.7,0.49,1321,0.452,0.778,0.703,0.665,0.684,0.609,0.716,0.733,0.867,17.70236967,17.83751367,17.56646008,67.73022238,10.85267955,1.129784907,0.189125046,4.07218374,17.70014583,17.51421801,17.51195771,1009.123843,0,0,155.5803864,2.230273423,169.7528254,0.036456435,0.002592052,0.051039008,0,0,22.97557419,48.87823551,11.60393729,22.61356179,9.060689027,1.1717716,0.019310973,227.447685,99.4713817,15.86222222,15.99331019,15.73039352,71.93819444,10.11907407,3.675,0.613865741,6.961273148,15.7962037,15.74131944,15.67509259,1009.626273,0.004032407,0.409930556,182.4303241,2.615141204,195.0060185,0.158148148,0.011284722,0.182314815,0,0,21.35208333,52.74444444,11.22569444,20.89444444,9.777634259,1.179106991,0.022712963,221.7655093,97.14708333,17.26907074,17.38973648,17.15048544,78.26213592,13.06477115,3.159500693,0.52778086,6.202080444,17.25381415,17.41636616,17.40124827,1007.800416,0.000693481,0,192.70319,2.762454924,211.5797503,0.323023578,0.023106796,0.379056865,0,0,23.16920943,55.47295423,13.71539528,23.15117892,10.1589043,1.167115534,0.022468793,225.3495146,98.72662968,646
38.4,0.466671272,1304.867223,0.378,0.761,0.665,0.661,0.723,0.567,0.716,0.739,0.858,17.70236967,17.83751367,17.56646008,67.73022238,10.85267955,1.129784907,0.189125046,4.07218374,17.70014583,17.51421801,17.51195771,1009.123843,0,0,155.5803864,2.230273423,169.7528254,0.036456435,0.002592052,0.051039008,0,0,22.97557419,48.87823551,11.60393729,22.61356179,9.060689027,1.1717716,0.019310973,227.447685,99.4713817,15.86222222,15.99331019,15.73039352,71.93819444,10.11907407,3.675,0.613865741,6.961273148,15.7962037,15.74131944,15.67509259,1009.626273,0.004032407,0.409930556,182.4303241,2.615141204,195.0060185,0.158148148,0.011284722,0.182314815,0,0,21.35208333,52.74444444,11.22569444,20.89444444,9.777634259,1.179106991,0.022712963,221.7655093,97.14708333,17.26907074,17.38973648,17.15048544,78.26213592,13.06477115,3.159500693,0.52778086,6.202080444,17.25381415,17.41636616,17.40124827,1007.800416,0.000693481,0,192.70319,2.762454924,211.5797503,0.323023578,0.023106796,0.379056865,0,0,23.16920943,55.47295423,13.71539528,23.15117892,10.1589043,1.167115534,0.022468793,225.3495146,98.72662968,639
35.8,0.466671272,1304.867223,0.2,0.716,0.656,0.651,0.717,0.63,0.735,0.761,0.874,17.70236967,17.83751367,17.56646008,67.73022238,10.85267955,1.129784907,0.189125046,4.07218374,17.70014583,17.51421801,17.51195771,1009.123843,0,0,155.5803864,2.230273423,169.7528254,0.036456435,0.002592052,0.051039008,0,0,22.97557419,48.87823551,11.60393729,22.61356179,9.060689027,1.1717716,0.019310973,227.447685,99.4713817,15.86222222,15.99331019,15.73039352,71.93819444,10.11907407,3.675,0.613865741,6.961273148,15.7962037,15.74131944,15.67509259,1009.626273,0.004032407,0.409930556,182.4303241,2.615141204,195.0060185,0.158148148,0.011284722,0.182314815,0,0,21.35208333,52.74444444,11.22569444,20.89444444,9.777634259,1.179106991,0.022712963,221.7655093,97.14708333,17.26907074,17.38973648,17.15048544,78.26213592,13.06477115,3.159500693,0.52778086,6.202080444,17.25381415,17.41636616,17.40124827,1007.800416,0.000693481,0,192.70319,2.762454924,211.5797503,0.323023578,0.023106796,0.379056865,0,0,23.16920943,55.47295423,13.71539528,23.15117892,10.1589043,1.167115534,0.022468793,225.3495146,98.72662968,686
44.3,0.47,1293,0.46,0.728,0.701,0.673,0.713,0.615,0.726,0.744,0.868,17.70236967,17.83751367,17.56646008,67.73022238,10.85267955,1.129784907,0.189125046,4.07218374,17.70014583,17.51421801,17.51195771,1009.123843,0,0,155.5803864,2.230273423,169.7528254,0.036456435,0.002592052,0.051039008,0,0,22.97557419,48.87823551,11.60393729,22.61356179,9.060689027,1.1717716,0.019310973,227.447685,99.4713817,15.86222222,15.99331019,15.73039352,71.93819444,10.11907407,3.675,0.613865741,6.961273148,15.7962037,15.74131944,15.67509259,1009.626273,0.004032407,0.409930556,182.4303241,2.615141204,195.0060185,0.158148148,0.011284722,0.182314815,0,0,21.35208333,52.74444444,11.22569444,20.89444444,9.777634259,1.179106991,0.022712963,221.7655093,97.14708333,17.26907074,17.38973648,17.15048544,78.26213592,13.06477115,3.159500693,0.52778086,6.202080444,17.25381415,17.41636616,17.40124827,1007.800416,0.000693481,0,192.70319,2.762454924,211.5797503,0.323023578,0.023106796,0.379056865,0,0,23.16920943,55.47295423,13.71539528,23.15117892,10.1589043,1.167115534,0.022468793,225.3495146,98.72662968,614
46,0.49,1354,0.504,0.777,0.647,0.619,0.703,0.598,0.724,0.737,0.859,17.70236967,17.83751367,17.56646008,67.73022238,10.85267955,1.129784907,0.189125046,4.07218374,17.70014583,17.51421801,17.51195771,1009.123843,0,0,155.5803864,2.230273423,169.7528254,0.036456435,0.002592052,0.051039008,0,0,22.97557419,48.87823551,11.60393729,22.61356179,9.060689027,1.1717716,0.019310973,227.447685,99.4713817,15.86222222,15.99331019,15.73039352,71.93819444,10.11907407,3.675,0.613865741,6.961273148,15.7962037,15.74131944,15.67509259,1009.626273,0.004032407,0.409930556,182.4303241,2.615141204,195.0060185,0.158148148,0.011284722,0.182314815,0,0,21.35208333,52.74444444,11.22569444,20.89444444,9.777634259,1.179106991,0.022712963,221.7655093,97.14708333,17.26907074,17.38973648,17.15048544,78.26213592,13.06477115,3.159500693,0.52778086,6.202080444,17.25381415,17.41636616,17.40124827,1007.800416,0.000693481,0,192.70319,2.762454924,211.5797503,0.323023578,0.023106796,0.379056865,0,0,23.16920943,55.47295423,13.71539528,23.15117892,10.1589043,1.167115534,0.022468793,225.3495146,98.72662968,674
38.2,0.5,1148,0.554,0.765,0.676,0.572,0.566,0.463,0.699,0.695,0.841,17.70236967,17.83751367,17.56646008,67.73022238,10.85267955,1.129784907,0.189125046,4.07218374,17.70014583,17.51421801,17.51195771,1009.123843,0,0,155.5803864,2.230273423,169.7528254,0.036456435,0.002592052,0.051039008,0,0,22.97557419,48.87823551,11.60393729,22.61356179,9.060689027,1.1717716,0.019310973,227.447685,99.4713817,15.86222222,15.99331019,15.73039352,71.93819444,10.11907407,3.675,0.613865741,6.961273148,15.7962037,15.74131944,15.67509259,1009.626273,0.004032407,0.409930556,182.4303241,2.615141204,195.0060185,0.158148148,0.011284722,0.182314815,0,0,21.35208333,52.74444444,11.22569444,20.89444444,9.777634259,1.179106991,0.022712963,221.7655093,97.14708333,17.26907074,17.38973648,17.15048544,78.26213592,13.06477115,3.159500693,0.52778086,6.202080444,17.25381415,17.41636616,17.40124827,1007.800416,0.000693481,0,192.70319,2.762454924,211.5797503,0.323023578,0.023106796,0.379056865,0,0,23.16920943,55.47295423,13.71539528,23.15117892,10.1589043,1.167115534,0.022468793,225.3495146,98.72662968,564
33.6,0.466671272,1304.867223,0.954,0.754,0.705,0.615,0.721,0.545,0.731,0.754,0.876,17.70236967,17.83751367,17.56646008,67.73022238,10.85267955,1.129784907,0.189125046,4.07218374,17.70014583,17.51421801,17.51195771,1009.123843,0,0,155.5803864,2.230273423,169.7528254,0.036456435,0.002592052,0.051039008,0,0,22.97557419,48.87823551,11.60393729,22.61356179,9.060689027,1.1717716,0.019310973,227.447685,99.4713817,15.86222222,15.99331019,15.73039352,71.93819444,10.11907407,3.675,0.613865741,6.961273148,15.7962037,15.74131944,15.67509259,1009.626273,0.004032407,0.409930556,182.4303241,2.615141204,195.0060185,0.158148148,0.011284722,0.182314815,0,0,21.35208333,52.74444444,11.22569444,20.89444444,9.777634259,1.179106991,0.022712963,221.7655093,97.14708333,17.26907074,17.38973648,17.15048544,78.26213592,13.06477115,3.159500693,0.52778086,6.202080444,17.25381415,17.41636616,17.40124827,1007.800416,0.000693481,0,192.70319,2.762454924,211.5797503,0.323023578,0.023106796,0.379056865,0,0,23.16920943,55.47295423,13.71539528,23.15117892,10.1589043,1.167115534,0.022468793,225.3495146,98.72662968,658
36.6,0.44,1446,0.461,0.793,0.701,0.672,0.712,0.598,0.728,0.755,0.871,17.70236967,17.83751367,17.56646008,67.73022238,10.85267955,1.129784907,0.189125046,4.07218374,17.70014583,17.51421801,17.51195771,1009.123843,0,0,155.5803864,2.230273423,169.7528254,0.036456435,0.002592052,0.051039008,0,0,22.97557419,48.87823551,11.60393729,22.61356179,9.060689027,1.1717716,0.019310973,227.447685,99.4713817,15.86222222,15.99331019,15.73039352,71.93819444,10.11907407,3.675,0.613865741,6.961273148,15.7962037,15.74131944,15.67509259,1009.626273,0.004032407,0.409930556,182.4303241,2.615141204,195.0060185,0.158148148,0.011284722,0.182314815,0,0,21.35208333,52.74444444,11.22569444,20.89444444,9.777634259,1.179106991,0.022712963,221.7655093,97.14708333,17.26907074,17.38973648,17.15048544,78.26213592,13.06477115,3.159500693,0.52778086,6.202080444,17.25381415,17.41636616,17.40124827,1007.800416,0.000693481,0,192.70319,2.762454924,211.5797503,0.323023578,0.023106796,0.379056865,0,0,23.16920943,55.47295423,13.71539528,23.15117892,10.1589043,1.167115534,0.022468793,225.3495146,98.72662968,645
39.5,0.466671272,1304.867223,0.288058647,0.793,0.677,0.6,0.678,0.448,0.721,0.739,0.854,17.70236967,17.83751367,17.56646008,67.73022238,10.85267955,1.129784907,0.189125046,4.07218374,17.70014583,17.51421801,17.51195771,1009.123843,0,0,155.5803864,2.230273423,169.7528254,0.036456435,0.002592052,0.051039008,0,0,22.97557419,48.87823551,11.60393729,22.61356179,9.060689027,1.1717716,0.019310973,227.447685,99.4713817,15.86222222,15.99331019,15.73039352,71.93819444,10.11907407,3.675,0.613865741,6.961273148,15.7962037,15.74131944,15.67509259,1009.626273,0.004032407,0.409930556,182.4303241,2.615141204,195.0060185,0.158148148,0.011284722,0.182314815,0,0,21.35208333,52.74444444,11.22569444,20.89444444,9.777634259,1.179106991,0.022712963,221.7655093,97.14708333,17.26907074,17.38973648,17.15048544,78.26213592,13.06477115,3.159500693,0.52778086,6.202080444,17.25381415,17.41636616,17.40124827,1007.800416,0.000693481,0,192.70319,2.762454924,211.5797503,0.323023578,0.023106796,0.379056865,0,0,23.16920943,55.47295423,13.71539528,23.15117892,10.1589043,1.167115534,0.022468793,225.3495146,98.72662968,581
35,0.44,1562,0.404,0.789,0.685,0.63,0.7,0.552,0.74,0.757,0.875,17.70236967,17.83751367,17.56646008,67.73022238,10.85267955,1.129784907,0.189125046,4.07218374,17.70014583,17.51421801,17.51195771,1009.123843,0,0,155.5803864,2.230273423,169.7528254,0.036456435,0.002592052,0.051039008,0,0,22.97557419,48.87823551,11.60393729,22.61356179,9.060689027,1.1717716,0.019310973,227.447685,99.4713817,15.86222222,15.99331019,15.73039352,71.93819444,10.11907407,3.675,0.613865741,6.961273148,15.7962037,15.74131944,15.67509259,1009.626273,0.004032407,0.409930556,182.4303241,2.615141204,195.0060185,0.158148148,0.011284722,0.182314815,0,0,21.35208333,52.74444444,11.22569444,20.89444444,9.777634259,1.179106991,0.022712963,221.7655093,97.14708333,17.26907074,17.38973648,17.15048544,78.26213592,13.06477115,3.159500693,0.52778086,6.202080444,17.25381415,17.41636616,17.40124827,1007.800416,0.000693481,0,192.70319,2.762454924,211.5797503,0.323023578,0.023106796,0.379056865,0,0,23.16920943,55.47295423,13.71539528,23.15117892,10.1589043,1.167115534,0.022468793,225.3495146,98.72662968,692
43.3,0.466671272,1304.867223,0.257,0.766,0.66,0.632,0.722,0.619,0.725,0.744,0.868,17.70236967,17.83751367,17.56646008,67.73022238,10.85267955,1.129784907,0.189125046,4.07218374,17.70014583,17.51421801,17.51195771,1009.123843,0,0,155.5803864,2.230273423,169.7528254,0.036456435,0.002592052,0.051039008,0,0,22.97557419,48.87823551,11.60393729,22.61356179,9.060689027,1.1717716,0.019310973,227.447685,99.4713817,15.86222222,15.99331019,15.73039352,71.93819444,10.11907407,3.675,0.613865741,6.961273148,15.7962037,15.74131944,15.67509259,1009.626273,0.004032407,0.409930556,182.4303241,2.615141204,195.0060185,0.158148148,0.011284722,0.182314815,0,0,21.35208333,52.74444444,11.22569444,20.89444444,9.777634259,1.179106991,0.022712963,221.7655093,97.14708333,17.26907074,17.38973648,17.15048544,78.26213592,13.06477115,3.159500693,0.52778086,6.202080444,17.25381415,17.41636616,17.40124827,1007.800416,0.000693481,0,192.70319,2.762454924,211.5797503,0.323023578,0.023106796,0.379056865,0,0,23.16920943,55.47295423,13.71539528,23.15117892,10.1589043,1.167115534,0.022468793,225.3495146,98.72662968,721
32.6,0.42,1150,0.247,0.699,0.646,0.626,0.684,0.547,0.732,0.756,0.879,17.70236967,17.83751367,17.56646008,67.73022238,10.85267955,1.129784907,0.189125046,4.07218374,17.70014583,17.51421801,17.51195771,1009.123843,0,0,155.5803864,2.230273423,169.7528254,0.036456435,0.002592052,0.051039008,0,0,22.97557419,48.87823551,11.60393729,22.61356179,9.060689027,1.1717716,0.019310973,227.447685,99.4713817,15.86222222,15.99331019,15.73039352,71.93819444,10.11907407,3.675,0.613865741,6.961273148,15.7962037,15.74131944,15.67509259,1009.626273,0.004032407,0.409930556,182.4303241,2.615141204,195.0060185,0.158148148,0.011284722,0.182314815,0,0,21.35208333,52.74444444,11.22569444,20.89444444,9.777634259,1.179106991,0.022712963,221.7655093,97.14708333,17.26907074,17.38973648,17.15048544,78.26213592,13.06477115,3.159500693,0.52778086,6.202080444,17.25381415,17.41636616,17.40124827,1007.800416,0.000693481,0,192.70319,2.762454924,211.5797503,0.323023578,0.023106796,0.379056865,0,0,23.16920943,55.47295423,13.71539528,23.15117892,10.1589043,1.167115534,0.022468793,225.3495146,98.72662968,498
44.1,0.466671272,1304.867223,0.423,0.801,0.728,0.667,0.738,0.55,0.733,0.745,0.853,17.70236967,17.83751367,17.56646008,67.73022238,10.85267955,1.129784907,0.189125046,4.07218374,17.70014583,17.51421801,17.51195771,1009.123843,0,0,155.5803864,2.230273423,169.7528254,0.036456435,0.002592052,0.051039008,0,0,22.97557419,48.87823551,11.60393729,22.61356179,9.060689027,1.1717716,0.019310973,227.447685,99.4713817,15.86222222,15.99331019,15.73039352,71.93819444,10.11907407,3.675,0.613865741,6.961273148,15.7962037,15.74131944,15.67509259,1009.626273,0.004032407,0.409930556,182.4303241,2.615141204,195.0060185,0.158148148,0.011284722,0.182314815,0,0,21.35208333,52.74444444,11.22569444,20.89444444,9.777634259,1.179106991,0.022712963,221.7655093,97.14708333,17.26907074,17.38973648,17.15048544,78.26213592,13.06477115,3.159500693,0.52778086,6.202080444,17.25381415,17.41636616,17.40124827,1007.800416,0.000693481,0,192.70319,2.762454924,211.5797503,0.323023578,0.023106796,0.379056865,0,0,23.16920943,55.47295423,13.71539528,23.15117892,10.1589043,1.167115534,0.022468793,225.3495146,98.72662968,778
36,0.466671272,1304.867223,0.347,0.761,0.679,0.638,0.613,0.434,0.728,0.741,0.86,17.70236967,17.83751367,17.56646008,67.73022238,10.85267955,1.129784907,0.189125046,4.07218374,17.70014583,17.51421801,17.51195771,1009.123843,0,0,155.5803864,2.230273423,169.7528254,0.036456435,0.002592052,0.051039008,0,0,22.97557419,48.87823551,11.60393729,22.61356179,9.060689027,1.1717716,0.019310973,227.447685,99.4713817,15.86222222,15.99331019,15.73039352,71.93819444,10.11907407,3.675,0.613865741,6.961273148,15.7962037,15.74131944,15.67509259,1009.626273,0.004032407,0.409930556,182.4303241,2.615141204,195.0060185,0.158148148,0.011284722,0.182314815,0,0,21.35208333,52.74444444,11.22569444,20.89444444,9.777634259,1.179106991,0.022712963,221.7655093,97.14708333,17.26907074,17.38973648,17.15048544,78.26213592,13.06477115,3.159500693,0.52778086,6.202080444,17.25381415,17.41636616,17.40124827,1007.800416,0.000693481,0,192.70319,2.762454924,211.5797503,0.323023578,0.023106796,0.379056865,0,0,23.16920943,55.47295423,13.71539528,23.15117892,10.1589043,1.167115534,0.022468793,225.3495146,98.72662968,540
41,0.466671272,1304.867223,0.225,0.672,0.683,0.611,0.666,0.553,0.708,0.738,0.865,17.70236967,17.83751367,17.56646008,67.73022238,10.85267955,1.129784907,0.189125046,4.07218374,17.70014583,17.51421801,17.51195771,1009.123843,0,0,155.5803864,2.230273423,169.7528254,0.036456435,0.002592052,0.051039008,0,0,22.97557419,48.87823551,11.60393729,22.61356179,9.060689027,1.1717716,0.019310973,227.447685,99.4713817,15.86222222,15.99331019,15.73039352,71.93819444,10.11907407,3.675,0.613865741,6.961273148,15.7962037,15.74131944,15.67509259,1009.626273,0.004032407,0.409930556,182.4303241,2.615141204,195.0060185,0.158148148,0.011284722,0.182314815,0,0,21.35208333,52.74444444,11.22569444,20.89444444,9.777634259,1.179106991,0.022712963,221.7655093,97.14708333,17.26907074,17.38973648,17.15048544,78.26213592,13.06477115,3.159500693,0.52778086,6.202080444,17.25381415,17.41636616,17.40124827,1007.800416,0.000693481,0,192.70319,2.762454924,211.5797503,0.323023578,0.023106796,0.379056865,0,0,23.16920943,55.47295423,13.71539528,23.15117892,10.1589043,1.167115534,0.022468793,225.3495146,98.72662968,733
40.7,0.46,1497,0.395,0.771,0.723,0.644,0.667,0.582,0.71,0.73,0.853,17.70236967,17.83751367,17.56646008,67.73022238,10.85267955,1.129784907,0.189125046,4.07218374,17.70014583,17.51421801,17.51195771,1009.123843,0,0,155.5803864,2.230273423,169.7528254,0.036456435,0.002592052,0.051039008,0,0,22.97557419,48.87823551,11.60393729,22.61356179,9.060689027,1.1717716,0.019310973,227.447685,99.4713817,15.86222222,15.99331019,15.73039352,71.93819444,10.11907407,3.675,0.613865741,6.961273148,15.7962037,15.74131944,15.67509259,1009.626273,0.004032407,0.409930556,182.4303241,2.615141204,195.0060185,0.158148148,0.011284722,0.182314815,0,0,21.35208333,52.74444444,11.22569444,20.89444444,9.777634259,1.179106991,0.022712963,221.7655093,97.14708333,17.26907074,17.38973648,17.15048544,78.26213592,13.06477115,3.159500693,0.52778086,6.202080444,17.25381415,17.41636616,17.40124827,1007.800416,0.000693481,0,192.70319,2.762454924,211.5797503,0.323023578,0.023106796,0.379056865,0,0,23.16920943,55.47295423,13.71539528,23.15117892,10.1589043,1.167115534,0.022468793,225.3495146,98.72662968,687
39.1,0.466671272,1304.867223,0.405,0.745,0.661,0.629,0.696,0.57,0.711,0.741,0.863,17.70236967,17.83751367,17.56646008,67.73022238,10.85267955,1.129784907,0.189125046,4.07218374,17.70014583,17.51421801,17.51195771,1009.123843,0,0,155.5803864,2.230273423,169.7528254,0.036456435,0.002592052,0.051039008,0,0,22.97557419,48.87823551,11.60393729,22.61356179,9.060689027,1.1717716,0.019310973,227.447685,99.4713817,15.86222222,15.99331019,15.73039352,71.93819444,10.11907407,3.675,0.613865741,6.961273148,15.7962037,15.74131944,15.67509259,1009.626273,0.004032407,0.409930556,182.4303241,2.615141204,195.0060185,0.158148148,0.011284722,0.182314815,0,0,21.35208333,52.74444444,11.22569444,20.89444444,9.777634259,1.179106991,0.022712963,221.7655093,97.14708333,17.26907074,17.38973648,17.15048544,78.26213592,13.06477115,3.159500693,0.52778086,6.202080444,17.25381415,17.41636616,17.40124827,1007.800416,0.000693481,0,192.70319,2.762454924,211.5797503,0.323023578,0.023106796,0.379056865,0,0,23.16920943,55.47295423,13.71539528,23.15117892,10.1589043,1.167115534,0.022468793,225.3495146,98.72662968,637
30.1,0.466671272,1304.867223,0.443,0.767,0.703,0.667,0.652,0.643,0.739,0.768,0.89,17.70236967,17.83751367,17.56646008,67.73022238,10.85267955,1.129784907,0.189125046,4.07218374,17.70014583,17.51421801,17.51195771,1009.123843,0,0,155.5803864,2.230273423,169.7528254,0.036456435,0.002592052,0.051039008,0,0,22.97557419,48.87823551,11.60393729,22.61356179,9.060689027,1.1717716,0.019310973,227.447685,99.4713817,15.86222222,15.99331019,15.73039352,71.93819444,10.11907407,3.675,0.613865741,6.961273148,15.7962037,15.74131944,15.67509259,1009.626273,0.004032407,0.409930556,182.4303241,2.615141204,195.0060185,0.158148148,0.011284722,0.182314815,0,0,21.35208333,52.74444444,11.22569444,20.89444444,9.777634259,1.179106991,0.022712963,221.7655093,97.14708333,17.26907074,17.38973648,17.15048544,78.26213592,13.06477115,3.159500693,0.52778086,6.202080444,17.25381415,17.41636616,17.40124827,1007.800416,0.000693481,0,192.70319,2.762454924,211.5797503,0.323023578,0.023106796,0.379056865,0,0,23.16920943,55.47295423,13.71539528,23.15117892,10.1589043,1.167115534,0.022468793,225.3495146,98.72662968,587
38.3,0.466671272,1304.867223,0.325,0.735,0.719,0.646,0.659,0.534,0.721,0.743,0.875,17.70236967,17.83751367,17.56646008,67.73022238,10.85267955,1.129784907,0.189125046,4.07218374,17.70014583,17.51421801,17.51195771,1009.123843,0,0,155.5803864,2.230273423,169.7528254,0.036456435,0.002592052,0.051039008,0,0,22.97557419,48.87823551,11.60393729,22.61356179,9.060689027,1.1717716,0.019310973,227.447685,99.4713817,15.86222222,15.99331019,15.73039352,71.93819444,10.11907407,3.675,0.613865741,6.961273148,15.7962037,15.74131944,15.67509259,1009.626273,0.004032407,0.409930556,182.4303241,2.615141204,195.0060185,0.158148148,0.011284722,0.182314815,0,0,21.35208333,52.74444444,11.22569444,20.89444444,9.777634259,1.179106991,0.022712963,221.7655093,97.14708333,17.26907074,17.38973648,17.15048544,78.26213592,13.06477115,3.159500693,0.52778086,6.202080444,17.25381415,17.41636616,17.40124827,1007.800416,0.000693481,0,192.70319,2.762454924,211.5797503,0.323023578,0.023106796,0.379056865,0,0,23.16920943,55.47295423,13.71539528,23.15117892,10.1589043,1.167115534,0.022468793,225.3495146,98.72662968,717
42.4,0.35,1243,0.219,0.725,0.683,0.757,0.694,0.501,0.728,0.742,0.866,17.70236967,17.83751367,17.56646008,67.73022238,10.85267955,1.129784907,0.189125046,4.07218374,17.70014583,17.51421801,17.51195771,1009.123843,0,0,155.5803864,2.230273423,169.7528254,0.036456435,0.002592052,0.051039008,0,0,22.97557419,48.87823551,11.60393729,22.61356179,9.060689027,1.1717716,0.019310973,227.447685,99.4713817,15.86222222,15.99331019,15.73039352,71.93819444,10.11907407,3.675,0.613865741,6.961273148,15.7962037,15.74131944,15.67509259,1009.626273,0.004032407,0.409930556,182.4303241,2.615141204,195.0060185,0.158148148,0.011284722,0.182314815,0,0,21.35208333,52.74444444,11.22569444,20.89444444,9.777634259,1.179106991,0.022712963,221.7655093,97.14708333,17.26907074,17.38973648,17.15048544,78.26213592,13.06477115,3.159500693,0.52778086,6.202080444,17.25381415,17.41636616,17.40124827,1007.800416,0.000693481,0,192.70319,2.762454924,211.5797503,0.323023578,0.023106796,0.379056865,0,0,23.16920943,55.47295423,13.71539528,23.15117892,10.1589043,1.167115534,0.022468793,225.3495146,98.72662968,436
39.8,0.466671272,1304.867223,0.433,0.811,0.715,0.626,0.678,0.604,0.736,0.753,0.883,17.70236967,17.83751367,17.56646008,67.73022238,10.85267955,1.129784907,0.189125046,4.07218374,17.70014583,17.51421801,17.51195771,1009.123843,0,0,155.5803864,2.230273423,169.7528254,0.036456435,0.002592052,0.051039008,0,0,22.97557419,48.87823551,11.60393729,22.61356179,9.060689027,1.1717716,0.019310973,227.447685,99.4713817,15.86222222,15.99331019,15.73039352,71.93819444,10.11907407,3.675,0.613865741,6.961273148,15.7962037,15.74131944,15.67509259,1009.626273,0.004032407,0.409930556,182.4303241,2.615141204,195.0060185,0.158148148,0.011284722,0.182314815,0,0,21.35208333,52.74444444,11.22569444,20.89444444,9.777634259,1.179106991,0.022712963,221.7655093,97.14708333,17.26907074,17.38973648,17.15048544,78.26213592,13.06477115,3.159500693,0.52778086,6.202080444,17.25381415,17.41636616,17.40124827,1007.800416,0.000693481,0,192.70319,2.762454924,211.5797503,0.323023578,0.023106796,0.379056865,0,0,23.16920943,55.47295423,13.71539528,23.15117892,10.1589043,1.167115534,0.022468793,225.3495146,98.72662968,653
39.5,0.466671272,1304.867223,0.365,0.585,0.682,0.74,0.753,0.461,0.732,0.719,0.857,17.70236967,17.83751367,17.56646008,67.73022238,10.85267955,1.129784907,0.189125046,4.07218374,17.70014583,17.51421801,17.51195771,1009.123843,0,0,155.5803864,2.230273423,169.7528254,0.036456435,0.002592052,0.051039008,0,0,22.97557419,48.87823551,11.60393729,22.61356179,9.060689027,1.1717716,0.019310973,227.447685,99.4713817,15.86222222,15.99331019,15.73039352,71.93819444,10.11907407,3.675,0.613865741,6.961273148,15.7962037,15.74131944,15.67509259,1009.626273,0.004032407,0.409930556,182.4303241,2.615141204,195.0060185,0.158148148,0.011284722,0.182314815,0,0,21.35208333,52.74444444,11.22569444,20.89444444,9.777634259,1.179106991,0.022712963,221.7655093,97.14708333,17.26907074,17.38973648,17.15048544,78.26213592,13.06477115,3.159500693,0.52778086,6.202080444,17.25381415,17.41636616,17.40124827,1007.800416,0.000693481,0,192.70319,2.762454924,211.5797503,0.323023578,0.023106796,0.379056865,0,0,23.16920943,55.47295423,13.71539528,23.15117892,10.1589043,1.167115534,0.022468793,225.3495146,98.72662968,427
37.3,0.466671272,1304.867223,0.273,0.786,0.718,0.63,0.669,0.571,0.731,0.738,0.864,17.70236967,17.83751367,17.56646008,67.73022238,10.85267955,1.129784907,0.189125046,4.07218374,17.70014583,17.51421801,17.51195771,1009.123843,0,0,155.5803864,2.230273423,169.7528254,0.036456435,0.002592052,0.051039008,0,0,22.97557419,48.87823551,11.60393729,22.61356179,9.060689027,1.1717716,0.019310973,227.447685,99.4713817,15.86222222,15.99331019,15.73039352,71.93819444,10.11907407,3.675,0.613865741,6.961273148,15.7962037,15.74131944,15.67509259,1009.626273,0.004032407,0.409930556,182.4303241,2.615141204,195.0060185,0.158148148,0.011284722,0.182314815,0,0,21.35208333,52.74444444,11.22569444,20.89444444,9.777634259,1.179106991,0.022712963,221.7655093,97.14708333,17.26907074,17.38973648,17.15048544,78.26213592,13.06477115,3.159500693,0.52778086,6.202080444,17.25381415,17.41636616,17.40124827,1007.800416,0.000693481,0,192.70319,2.762454924,211.5797503,0.323023578,0.023106796,0.379056865,0,0,23.16920943,55.47295423,13.71539528,23.15117892,10.1589043,1.167115534,0.022468793,225.3495146,98.72662968,592
39.2,0.466671272,1304.867223,0.406,0.786,0.722,0.655,0.694,0.538,0.723,0.749,0.862,17.70236967,17.83751367,17.56646008,67.73022238,10.85267955,1.129784907,0.189125046,4.07218374,17.70014583,17.51421801,17.51195771,1009.123843,0,0,155.5803864,2.230273423,169.7528254,0.036456435,0.002592052,0.051039008,0,0,22.97557419,48.87823551,11.60393729,22.61356179,9.060689027,1.1717716,0.019310973,227.447685,99.4713817,15.86222222,15.99331019,15.73039352,71.93819444,10.11907407,3.675,0.613865741,6.961273148,15.7962037,15.74131944,15.67509259,1009.626273,0.004032407,0.409930556,182.4303241,2.615141204,195.0060185,0.158148148,0.011284722,0.182314815,0,0,21.35208333,52.74444444,11.22569444,20.89444444,9.777634259,1.179106991,0.022712963,221.7655093,97.14708333,17.26907074,17.38973648,17.15048544,78.26213592,13.06477115,3.159500693,0.52778086,6.202080444,17.25381415,17.41636616,17.40124827,1007.800416,0.000693481,0,192.70319,2.762454924,211.5797503,0.323023578,0.023106796,0.379056865,0,0,23.16920943,55.47295423,13.71539528,23.15117892,10.1589043,1.167115534,0.022468793,225.3495146,98.72662968,650
45.2,0.466671272,1304.867223,0.376,0.783,0.69,0.608,0.679,0.533,0.718,0.726,0.838,17.70236967,17.83751367,17.56646008,67.73022238,10.85267955,1.129784907,0.189125046,4.07218374,17.70014583,17.51421801,17.51195771,1009.123843,0,0,155.5803864,2.230273423,169.7528254,0.036456435,0.002592052,0.051039008,0,0,22.97557419,48.87823551,11.60393729,22.61356179,9.060689027,1.1717716,0.019310973,227.447685,99.4713817,15.86222222,15.99331019,15.73039352,71.93819444,10.11907407,3.675,0.613865741,6.961273148,15.7962037,15.74131944,15.67509259,1009.626273,0.004032407,0.409930556,182.4303241,2.615141204,195.0060185,0.158148148,0.011284722,0.182314815,0,0,21.35208333,52.74444444,11.22569444,20.89444444,9.777634259,1.179106991,0.022712963,221.7655093,97.14708333,17.26907074,17.38973648,17.15048544,78.26213592,13.06477115,3.159500693,0.52778086,6.202080444,17.25381415,17.41636616,17.40124827,1007.800416,0.000693481,0,192.70319,2.762454924,211.5797503,0.323023578,0.023106796,0.379056865,0,0,23.16920943,55.47295423,13.71539528,23.15117892,10.1589043,1.167115534,0.022468793,225.3495146,98.72662968,671
35.3,0.466671272,1304.867223,0.409,0.767,0.683,0.573,0.619,0.409,0.708,0.717,0.846,17.70236967,17.83751367,17.56646008,67.73022238,10.85267955,1.129784907,0.189125046,4.07218374,17.70014583,17.51421801,17.51195771,1009.123843,0,0,155.5803864,2.230273423,169.7528254,0.036456435,0.002592052,0.051039008,0,0,22.97557419,48.87823551,11.60393729,22.61356179,9.060689027,1.1717716,0.019310973,227.447685,99.4713817,15.86222222,15.99331019,15.73039352,71.93819444,10.11907407,3.675,0.613865741,6.961273148,15.7962037,15.74131944,15.67509259,1009.626273,0.004032407,0.409930556,182.4303241,2.615141204,195.0060185,0.158148148,0.011284722,0.182314815,0,0,21.35208333,52.74444444,11.22569444,20.89444444,9.777634259,1.179106991,0.022712963,221.7655093,97.14708333,17.26907074,17.38973648,17.15048544,78.26213592,13.06477115,3.159500693,0.52778086,6.202080444,17.25381415,17.41636616,17.40124827,1007.800416,0.000693481,0,192.70319,2.762454924,211.5797503,0.323023578,0.023106796,0.379056865,0,0,23.16920943,55.47295423,13.71539528,23.15117892,10.1589043,1.167115534,0.022468793,225.3495146,98.72662968,648
37.8,0.466671272,1304.867223,0.448,0.803,0.721,0.582,0.6,0.519,0.701,0.711,0.838,17.70236967,17.83751367,17.56646008,67.73022238,10.85267955,1.129784907,0.189125046,4.07218374,17.70014583,17.51421801,17.51195771,1009.123843,0,0,155.5803864,2.230273423,169.7528254,0.036456435,0.002592052,0.051039008,0,0,22.97557419,48.87823551,11.60393729,22.61356179,9.060689027,1.1717716,0.019310973,227.447685,99.4713817,15.86222222,15.99331019,15.73039352,71.93819444,10.11907407,3.675,0.613865741,6.961273148,15.7962037,15.74131944,15.67509259,1009.626273,0.004032407,0.409930556,182.4303241,2.615141204,195.0060185,0.158148148,0.011284722,0.182314815,0,0,21.35208333,52.74444444,11.22569444,20.89444444,9.777634259,1.179106991,0.022712963,221.7655093,97.14708333,17.26907074,17.38973648,17.15048544,78.26213592,13.06477115,3.159500693,0.52778086,6.202080444,17.25381415,17.41636616,17.40124827,1007.800416,0.000693481,0,192.70319,2.762454924,211.5797503,0.323023578,0.023106796,0.379056865,0,0,23.16920943,55.47295423,13.71539528,23.15117892,10.1589043,1.167115534,0.022468793,225.3495146,98.72662968,716